{
 "type": "FeatureCollection",
 "attribution": "© OpenStreetMap contributors (ODbL 1.0) — geometria derivada; ver LICENSE-DATA.md",
 "features": [
  {
   "type": "Feature",
   "properties": {
    "id": "sor-sao-paulo-amador-bueno",
    "method": "osm-current",
    "osm_ways": [
     51408126,
     157710721,
     162291832,
     162291833,
     162395393,
     162395396,
     162395402,
     162395406,
     162395414,
     162513955,
     162513957,
     162610835,
     162610837,
     162623283,
     197705015,
     197705018,
     237587410,
     237587411,
     464215668,
     464215669,
     464226617,
     464226619,
     464231212,
     464231213,
     677794718,
     677794719,
     684819921,
     724405905,
     724405908,
     973871493,
     973871494,
     974814957,
     1388780916,
     1388780917
    ],
    "bridged_gap_m": 0,
    "generated": "2026-10-05"
   },
   "geometry": {
    "type": "LineString",
    "coordinates": [
     [
      -46.640589,
      -23.533099
     ],
     [
      -46.641286,
      -23.532157
     ],
     [
      -46.641322,
      -23.532081
     ],
     [
      -46.641416,
      -23.531882
     ],
     [
      -46.641511,
      -23.531656
     ],
     [
      -46.641568,
      -23.531508
     ],
     [
      -46.641583,
      -23.53147
     ],
     [
      -46.641643,
      -23.531343
     ],
     [
      -46.641658,
      -23.53131
     ],
     [
      -46.641745,
      -23.53116
     ],
     [
      -46.64196,
      -23.530886
     ],
     [
      -46.642373,
      -23.5303
     ],
     [
      -46.642491,
      -23.530133
     ],
     [
      -46.642634,
      -23.529963
     ],
     [
      -46.642783,
      -23.529811
     ],
     [
      -46.642968,
      -23.529641
     ],
     [
      -46.64315,
      -23.529495
     ],
     [
      -46.643379,
      -23.529325
     ],
     [
      -46.643576,
      -23.529197
     ],
     [
      -46.643839,
      -23.529042
     ],
     [
      -46.644056,
      -23.52894
     ],
     [
      -46.64445,
      -23.528794
     ],
     [
      -46.644936,
      -23.528657
     ],
     [
      -46.64513,
      -23.528615
     ],
     [
      -46.64533,
      -23.528585
     ],
     [
      -46.645578,
      -23.52857
     ],
     [
      -46.646141,
      -23.528573
     ],
     [
      -46.647218,
      -23.528675
     ],
     [
      -46.648709,
      -23.528848
     ],
     [
      -46.649416,
      -23.528913
     ],
     [
      -46.649741,
      -23.528922
     ],
     [
      -46.650036,
      -23.528913
     ],
     [
      -46.65037,
      -23.528882
     ],
     [
      -46.650677,
      -23.528844
     ],
     [
      -46.651123,
      -23.528759
     ],
     [
      -46.651386,
      -23.528686
     ],
     [
      -46.653239,
      -23.528144
     ],
     [
      -46.65865,
      -23.526585
     ],
     [
      -46.658927,
      -23.526512
     ],
     [
      -46.65968,
      -23.52636
     ],
     [
      -46.659998,
      -23.526314
     ],
     [
      -46.660804,
      -23.526241
     ],
     [
      -46.661645,
      -23.526181
     ],
     [
      -46.664738,
      -23.525943
     ],
     [
      -46.665317,
      -23.525945
     ],
     [
      -46.665728,
      -23.52594
     ],
     [
      -46.666045,
      -23.525947
     ],
     [
      -46.666375,
      -23.525925
     ],
     [
      -46.667492,
      -23.525832
     ],
     [
      -46.668647,
      -23.525744
     ],
     [
      -46.668677,
      -23.525742
     ],
     [
      -46.669156,
      -23.525641
     ],
     [
      -46.669653,
      -23.525479
     ],
     [
      -46.669931,
      -23.525408
     ],
     [
      -46.670197,
      -23.52536
     ],
     [
      -46.670509,
      -23.525319
     ],
     [
      -46.670946,
      -23.52528
     ],
     [
      -46.672031,
      -23.525193
     ],
     [
      -46.672543,
      -23.525157
     ],
     [
      -46.675217,
      -23.524971
     ],
     [
      -46.675806,
      -23.524931
     ],
     [
      -46.676276,
      -23.524923
     ],
     [
      -46.676928,
      -23.524943
     ],
     [
      -46.67732,
      -23.524939
     ],
     [
      -46.677652,
      -23.524927
     ],
     [
      -46.67794,
      -23.524904
     ],
     [
      -46.678237,
      -23.524864
     ],
     [
      -46.678513,
      -23.524813
     ],
     [
      -46.678746,
      -23.524753
     ],
     [
      -46.679353,
      -23.524564
     ],
     [
      -46.679582,
      -23.524473
     ],
     [
      -46.679803,
      -23.524374
     ],
     [
      -46.680001,
      -23.524279
     ],
     [
      -46.680653,
      -23.523923
     ],
     [
      -46.681475,
      -23.523457
     ],
     [
      -46.681846,
      -23.523255
     ],
     [
      -46.682491,
      -23.522951
     ],
     [
      -46.682704,
      -23.522868
     ],
     [
      -46.683171,
      -23.522722
     ],
     [
      -46.683649,
      -23.522611
     ],
     [
      -46.683929,
      -23.522564
     ],
     [
      -46.684629,
      -23.522512
     ],
     [
      -46.69049,
      -23.522222
     ],
     [
      -46.693608,
      -23.52206
     ],
     [
      -46.694211,
      -23.521998
     ],
     [
      -46.694659,
      -23.521906
     ],
     [
      -46.694869,
      -23.521852
     ],
     [
      -46.695223,
      -23.521739
     ],
     [
      -46.695689,
      -23.521556
     ],
     [
      -46.698409,
      -23.520353
     ],
     [
      -46.702627,
      -23.518482
     ],
     [
      -46.704213,
      -23.517762
     ],
     [
      -46.7049,
      -23.517436
     ],
     [
      -46.70511,
      -23.517349
     ],
     [
      -46.705292,
      -23.517288
     ],
     [
      -46.705448,
      -23.517247
     ],
     [
      -46.705605,
      -23.517219
     ],
     [
      -46.705938,
      -23.517193
     ],
     [
      -46.70614,
      -23.517201
     ],
     [
      -46.706327,
      -23.517221
     ],
     [
      -46.706525,
      -23.517257
     ],
     [
      -46.706707,
      -23.517313
     ],
     [
      -46.706872,
      -23.51738
     ],
     [
      -46.707017,
      -23.517458
     ],
     [
      -46.707293,
      -23.517626
     ],
     [
      -46.708162,
      -23.518189
     ],
     [
      -46.709375,
      -23.518975
     ],
     [
      -46.710909,
      -23.519943
     ],
     [
      -46.711173,
      -23.520096
     ],
     [
      -46.711356,
      -23.520179
     ],
     [
      -46.711524,
      -23.520234
     ],
     [
      -46.711628,
      -23.520264
     ],
     [
      -46.711832,
      -23.520316
     ],
     [
      -46.712013,
      -23.520339
     ],
     [
      -46.712218,
      -23.520349
     ],
     [
      -46.712399,
      -23.520347
     ],
     [
      -46.71274,
      -23.520316
     ],
     [
      -46.713803,
      -23.520169
     ],
     [
      -46.714693,
      -23.520066
     ],
     [
      -46.714924,
      -23.520028
     ],
     [
      -46.715263,
      -23.519933
     ],
     [
      -46.715453,
      -23.519865
     ],
     [
      -46.715654,
      -23.51978
     ],
     [
      -46.716112,
      -23.519562
     ],
     [
      -46.716974,
      -23.519126
     ],
     [
      -46.717292,
      -23.518975
     ],
     [
      -46.717496,
      -23.518899
     ],
     [
      -46.717675,
      -23.518843
     ],
     [
      -46.717905,
      -23.518784
     ],
     [
      -46.718112,
      -23.518754
     ],
     [
      -46.718475,
      -23.518738
     ],
     [
      -46.718777,
      -23.518745
     ],
     [
      -46.719392,
      -23.518779
     ],
     [
      -46.720245,
      -23.518816
     ],
     [
      -46.721463,
      -23.518851
     ],
     [
      -46.722658,
      -23.518886
     ],
     [
      -46.723506,
      -23.518883
     ],
     [
      -46.723905,
      -23.518891
     ],
     [
      -46.724312,
      -23.51891
     ],
     [
      -46.725629,
      -23.518975
     ],
     [
      -46.726063,
      -23.519027
     ],
     [
      -46.726664,
      -23.519131
     ],
     [
      -46.728239,
      -23.519428
     ],
     [
      -46.728556,
      -23.519476
     ],
     [
      -46.728791,
      -23.519493
     ],
     [
      -46.729003,
      -23.519493
     ],
     [
      -46.73089,
      -23.519412
     ],
     [
      -46.731133,
      -23.519412
     ],
     [
      -46.731531,
      -23.519445
     ],
     [
      -46.731728,
      -23.519481
     ],
     [
      -46.731968,
      -23.519544
     ],
     [
      -46.732132,
      -23.519599
     ],
     [
      -46.732295,
      -23.519666
     ],
     [
      -46.732511,
      -23.519772
     ],
     [
      -46.732653,
      -23.519851
     ],
     [
      -46.732852,
      -23.519981
     ],
     [
      -46.733649,
      -23.5206
     ],
     [
      -46.734704,
      -23.521461
     ],
     [
      -46.736725,
      -23.523101
     ],
     [
      -46.737578,
      -23.523773
     ],
     [
      -46.738445,
      -23.524469
     ],
     [
      -46.739733,
      -23.52547
     ],
     [
      -46.740217,
      -23.525865
     ],
     [
      -46.741533,
      -23.526856
     ],
     [
      -46.74259,
      -23.527694
     ],
     [
      -46.744167,
      -23.528964
     ],
     [
      -46.744846,
      -23.529493
     ],
     [
      -46.745299,
      -23.529847
     ],
     [
      -46.745671,
      -23.530095
     ],
     [
      -46.746007,
      -23.530274
     ],
     [
      -46.746283,
      -23.530403
     ],
     [
      -46.746577,
      -23.530513
     ],
     [
      -46.746848,
      -23.530601
     ],
     [
      -46.747138,
      -23.530665
     ],
     [
      -46.747517,
      -23.530738
     ],
     [
      -46.747756,
      -23.53077
     ],
     [
      -46.748065,
      -23.530788
     ],
     [
      -46.749573,
      -23.530811
     ],
     [
      -46.750217,
      -23.530811
     ],
     [
      -46.750548,
      -23.530793
     ],
     [
      -46.750902,
      -23.530765
     ],
     [
      -46.751127,
      -23.530742
     ],
     [
      -46.751792,
      -23.530644
     ],
     [
      -46.75217,
      -23.530557
     ],
     [
      -46.752639,
      -23.530433
     ],
     [
      -46.753128,
      -23.530266
     ],
     [
      -46.753504,
      -23.530125
     ],
     [
      -46.754701,
      -23.529701
     ],
     [
      -46.755184,
      -23.529506
     ],
     [
      -46.755673,
      -23.529314
     ],
     [
      -46.756083,
      -23.529178
     ],
     [
      -46.756382,
      -23.52906
     ],
     [
      -46.756676,
      -23.528961
     ],
     [
      -46.75691,
      -23.528907
     ],
     [
      -46.757122,
      -23.52887
     ],
     [
      -46.757309,
      -23.528853
     ],
     [
      -46.757509,
      -23.528851
     ],
     [
      -46.757715,
      -23.528859
     ],
     [
      -46.757896,
      -23.528882
     ],
     [
      -46.758116,
      -23.528927
     ],
     [
      -46.758306,
      -23.528986
     ],
     [
      -46.758535,
      -23.529071
     ],
     [
      -46.758981,
      -23.529229
     ],
     [
      -46.759215,
      -23.529322
     ],
     [
      -46.759416,
      -23.529407
     ],
     [
      -46.75958,
      -23.529486
     ],
     [
      -46.759744,
      -23.529577
     ],
     [
      -46.759955,
      -23.529726
     ],
     [
      -46.760167,
      -23.529901
     ],
     [
      -46.760317,
      -23.53004
     ],
     [
      -46.760834,
      -23.530554
     ],
     [
      -46.761674,
      -23.531351
     ],
     [
      -46.762592,
      -23.532226
     ],
     [
      -46.76309,
      -23.532678
     ],
     [
      -46.763432,
      -23.53294
     ],
     [
      -46.763798,
      -23.533158
     ],
     [
      -46.764055,
      -23.533247
     ],
     [
      -46.764427,
      -23.53336
     ],
     [
      -46.76467,
      -23.53342
     ],
     [
      -46.765012,
      -23.533451
     ],
     [
      -46.765322,
      -23.533445
     ],
     [
      -46.765519,
      -23.533427
     ],
     [
      -46.765776,
      -23.533385
     ],
     [
      -46.766038,
      -23.533305
     ],
     [
      -46.766506,
      -23.533139
     ],
     [
      -46.767664,
      -23.532727
     ],
     [
      -46.769091,
      -23.532225
     ],
     [
      -46.770455,
      -23.531747
     ],
     [
      -46.770775,
      -23.53158
     ],
     [
      -46.771099,
      -23.531395
     ],
     [
      -46.771412,
      -23.531182
     ],
     [
      -46.771715,
      -23.530957
     ],
     [
      -46.772233,
      -23.530564
     ],
     [
      -46.773018,
      -23.529953
     ],
     [
      -46.773702,
      -23.529435
     ],
     [
      -46.773793,
      -23.529365
     ],
     [
      -46.774492,
      -23.528836
     ],
     [
      -46.775032,
      -23.528413
     ],
     [
      -46.775923,
      -23.527831
     ],
     [
      -46.777055,
      -23.527011
     ],
     [
      -46.777337,
      -23.526803
     ],
     [
      -46.777631,
      -23.526599
     ],
     [
      -46.777965,
      -23.52637
     ],
     [
      -46.778212,
      -23.526216
     ],
     [
      -46.77863,
      -23.525959
     ],
     [
      -46.779107,
      -23.525703
     ],
     [
      -46.779503,
      -23.525516
     ],
     [
      -46.779838,
      -23.525361
     ],
     [
      -46.780162,
      -23.525239
     ],
     [
      -46.780576,
      -23.525081
     ],
     [
      -46.781047,
      -23.52492
     ],
     [
      -46.782241,
      -23.524569
     ],
     [
      -46.783485,
      -23.524187
     ],
     [
      -46.785052,
      -23.523706
     ],
     [
      -46.786871,
      -23.523174
     ],
     [
      -46.78718,
      -23.52311
     ],
     [
      -46.78748,
      -23.523073
     ],
     [
      -46.787776,
      -23.52307
     ],
     [
      -46.788002,
      -23.523092
     ],
     [
      -46.788233,
      -23.523138
     ],
     [
      -46.788521,
      -23.523224
     ],
     [
      -46.788774,
      -23.52333
     ],
     [
      -46.788988,
      -23.523449
     ],
     [
      -46.789236,
      -23.523618
     ],
     [
      -46.789496,
      -23.523832
     ],
     [
      -46.789774,
      -23.524151
     ],
     [
      -46.790013,
      -23.524432
     ],
     [
      -46.79032,
      -23.52483
     ],
     [
      -46.790542,
      -23.525088
     ],
     [
      -46.790787,
      -23.525326
     ],
     [
      -46.791,
      -23.525499
     ],
     [
      -46.7912,
      -23.525627
     ],
     [
      -46.791361,
      -23.525705
     ],
     [
      -46.791616,
      -23.525815
     ],
     [
      -46.791805,
      -23.525876
     ],
     [
      -46.792059,
      -23.525956
     ],
     [
      -46.792163,
      -23.525975
     ],
     [
      -46.792258,
      -23.52599
     ],
     [
      -46.792432,
      -23.526008
     ],
     [
      -46.792616,
      -23.526021
     ],
     [
      -46.7929,
      -23.526017
     ],
     [
      -46.793324,
      -23.525982
     ],
     [
      -46.793596,
      -23.525955
     ],
     [
      -46.79404,
      -23.52591
     ],
     [
      -46.794297,
      -23.525891
     ],
     [
      -46.794541,
      -23.525874
     ],
     [
      -46.794795,
      -23.525865
     ],
     [
      -46.79498,
      -23.525864
     ],
     [
      -46.795335,
      -23.525839
     ],
     [
      -46.796143,
      -23.525758
     ],
     [
      -46.797436,
      -23.525636
     ],
     [
      -46.798855,
      -23.525466
     ],
     [
      -46.799151,
      -23.525434
     ],
     [
      -46.799814,
      -23.525354
     ],
     [
      -46.800464,
      -23.525255
     ],
     [
      -46.800866,
      -23.525156
     ],
     [
      -46.801199,
      -23.52505
     ],
     [
      -46.801354,
      -23.524997
     ],
     [
      -46.801567,
      -23.524912
     ],
     [
      -46.801911,
      -23.524772
     ],
     [
      -46.802274,
      -23.52459
     ],
     [
      -46.802696,
      -23.524345
     ],
     [
      -46.804659,
      -23.523301
     ],
     [
      -46.804983,
      -23.523173
     ],
     [
      -46.805332,
      -23.52304
     ],
     [
      -46.805797,
      -23.522898
     ],
     [
      -46.806189,
      -23.522822
     ],
     [
      -46.806506,
      -23.522785
     ],
     [
      -46.806806,
      -23.522767
     ],
     [
      -46.807069,
      -23.52276
     ],
     [
      -46.807257,
      -23.522764
     ],
     [
      -46.807521,
      -23.522784
     ],
     [
      -46.807947,
      -23.522831
     ],
     [
      -46.808098,
      -23.522851
     ],
     [
      -46.808422,
      -23.522918
     ],
     [
      -46.808742,
      -23.522997
     ],
     [
      -46.811146,
      -23.523568
     ],
     [
      -46.81144,
      -23.523636
     ],
     [
      -46.811868,
      -23.523708
     ],
     [
      -46.812386,
      -23.523736
     ],
     [
      -46.812661,
      -23.523734
     ],
     [
      -46.812999,
      -23.523711
     ],
     [
      -46.813277,
      -23.523691
     ],
     [
      -46.813919,
      -23.523649
     ],
     [
      -46.814648,
      -23.523614
     ],
     [
      -46.815816,
      -23.523552
     ],
     [
      -46.817428,
      -23.523431
     ],
     [
      -46.81761,
      -23.523419
     ],
     [
      -46.818001,
      -23.523393
     ],
     [
      -46.818358,
      -23.523387
     ],
     [
      -46.819263,
      -23.523382
     ],
     [
      -46.819934,
      -23.523379
     ],
     [
      -46.820269,
      -23.523374
     ],
     [
      -46.820518,
      -23.523358
     ],
     [
      -46.820725,
      -23.523326
     ],
     [
      -46.820911,
      -23.52329
     ],
     [
      -46.821114,
      -23.523231
     ],
     [
      -46.821485,
      -23.523085
     ],
     [
      -46.822393,
      -23.522643
     ],
     [
      -46.822577,
      -23.522571
     ],
     [
      -46.822753,
      -23.522512
     ],
     [
      -46.822978,
      -23.522449
     ],
     [
      -46.823199,
      -23.522409
     ],
     [
      -46.823354,
      -23.522389
     ],
     [
      -46.823564,
      -23.522376
     ],
     [
      -46.824061,
      -23.52237
     ],
     [
      -46.824676,
      -23.522353
     ],
     [
      -46.82495,
      -23.522343
     ],
     [
      -46.825128,
      -23.522324
     ],
     [
      -46.825287,
      -23.522303
     ],
     [
      -46.82569,
      -23.522202
     ],
     [
      -46.825993,
      -23.522085
     ],
     [
      -46.826403,
      -23.521873
     ],
     [
      -46.826967,
      -23.521533
     ],
     [
      -46.827236,
      -23.521373
     ],
     [
      -46.827361,
      -23.52131
     ],
     [
      -46.82759,
      -23.521232
     ],
     [
      -46.827909,
      -23.521124
     ],
     [
      -46.828109,
      -23.521073
     ],
     [
      -46.828367,
      -23.521027
     ],
     [
      -46.82864,
      -23.520995
     ],
     [
      -46.830047,
      -23.520865
     ],
     [
      -46.83055,
      -23.520825
     ],
     [
      -46.830888,
      -23.520802
     ],
     [
      -46.831491,
      -23.520717
     ],
     [
      -46.831938,
      -23.520614
     ],
     [
      -46.832254,
      -23.52052
     ],
     [
      -46.832685,
      -23.520366
     ],
     [
      -46.833022,
      -23.520221
     ],
     [
      -46.83344,
      -23.520005
     ],
     [
      -46.833705,
      -23.519834
     ],
     [
      -46.834242,
      -23.519469
     ],
     [
      -46.834628,
      -23.519193
     ],
     [
      -46.835452,
      -23.518614
     ],
     [
      -46.835546,
      -23.518547
     ],
     [
      -46.836212,
      -23.518072
     ],
     [
      -46.836499,
      -23.517898
     ],
     [
      -46.836779,
      -23.51773
     ],
     [
      -46.83714,
      -23.517554
     ],
     [
      -46.837512,
      -23.517404
     ],
     [
      -46.837811,
      -23.517296
     ],
     [
      -46.838137,
      -23.517196
     ],
     [
      -46.838845,
      -23.517016
     ],
     [
      -46.839369,
      -23.516884
     ],
     [
      -46.83984,
      -23.516784
     ],
     [
      -46.84045,
      -23.516697
     ],
     [
      -46.841999,
      -23.516519
     ],
     [
      -46.842534,
      -23.516473
     ],
     [
      -46.843678,
      -23.516391
     ],
     [
      -46.84396,
      -23.516375
     ],
     [
      -46.844302,
      -23.516371
     ],
     [
      -46.844807,
      -23.516383
     ],
     [
      -46.846083,
      -23.516481
     ],
     [
      -46.846366,
      -23.516513
     ],
     [
      -46.848033,
      -23.516675
     ],
     [
      -46.849125,
      -23.516751
     ],
     [
      -46.849615,
      -23.516782
     ],
     [
      -46.850873,
      -23.516824
     ],
     [
      -46.851443,
      -23.516843
     ],
     [
      -46.851837,
      -23.516859
     ],
     [
      -46.852166,
      -23.516891
     ],
     [
      -46.852425,
      -23.516932
     ],
     [
      -46.852847,
      -23.517025
     ],
     [
      -46.853169,
      -23.517115
     ],
     [
      -46.85362,
      -23.517272
     ],
     [
      -46.854188,
      -23.517463
     ],
     [
      -46.855155,
      -23.517752
     ],
     [
      -46.855379,
      -23.51781
     ],
     [
      -46.855665,
      -23.517881
     ],
     [
      -46.855904,
      -23.517907
     ],
     [
      -46.856148,
      -23.517916
     ],
     [
      -46.856381,
      -23.517898
     ],
     [
      -46.856722,
      -23.517838
     ],
     [
      -46.856926,
      -23.517771
     ],
     [
      -46.857155,
      -23.517687
     ],
     [
      -46.857445,
      -23.517537
     ],
     [
      -46.857497,
      -23.517512
     ],
     [
      -46.858013,
      -23.517257
     ],
     [
      -46.860055,
      -23.516193
     ],
     [
      -46.862143,
      -23.515087
     ],
     [
      -46.862674,
      -23.514806
     ],
     [
      -46.863941,
      -23.514126
     ],
     [
      -46.864381,
      -23.513829
     ],
     [
      -46.864696,
      -23.51358
     ],
     [
      -46.864969,
      -23.513314
     ],
     [
      -46.865187,
      -23.513066
     ],
     [
      -46.865455,
      -23.512705
     ],
     [
      -46.865636,
      -23.512408
     ],
     [
      -46.866205,
      -23.511231
     ],
     [
      -46.866392,
      -23.510863
     ],
     [
      -46.866542,
      -23.510623
     ],
     [
      -46.866727,
      -23.5104
     ],
     [
      -46.86704,
      -23.510115
     ],
     [
      -46.867352,
      -23.509922
     ],
     [
      -46.867688,
      -23.509772
     ],
     [
      -46.867965,
      -23.509694
     ],
     [
      -46.868288,
      -23.509637
     ],
     [
      -46.868609,
      -23.509625
     ],
     [
      -46.868968,
      -23.509649
     ],
     [
      -46.869324,
      -23.509728
     ],
     [
      -46.869626,
      -23.509836
     ],
     [
      -46.869926,
      -23.509995
     ],
     [
      -46.870229,
      -23.510225
     ],
     [
      -46.870507,
      -23.510497
     ],
     [
      -46.8711,
      -23.511116
     ],
     [
      -46.871377,
      -23.511414
     ],
     [
      -46.871702,
      -23.511722
     ],
     [
      -46.872083,
      -23.511992
     ],
     [
      -46.872362,
      -23.512143
     ],
     [
      -46.87274,
      -23.512295
     ],
     [
      -46.872954,
      -23.512358
     ],
     [
      -46.873169,
      -23.512406
     ],
     [
      -46.873848,
      -23.512524
     ],
     [
      -46.874242,
      -23.512592
     ],
     [
      -46.876243,
      -23.512883
     ],
     [
      -46.876742,
      -23.512926
     ],
     [
      -46.877589,
      -23.512953
     ],
     [
      -46.877735,
      -23.512952
     ],
     [
      -46.878172,
      -23.512963
     ],
     [
      -46.878509,
      -23.512948
     ],
     [
      -46.879035,
      -23.512862
     ],
     [
      -46.879551,
      -23.512721
     ],
     [
      -46.880012,
      -23.51255
     ],
     [
      -46.881264,
      -23.512087
     ],
     [
      -46.882642,
      -23.511548
     ],
     [
      -46.88411,
      -23.510959
     ],
     [
      -46.885052,
      -23.510581
     ],
     [
      -46.88528,
      -23.51049
     ],
     [
      -46.885694,
      -23.51034
     ],
     [
      -46.885895,
      -23.510267
     ],
     [
      -46.886062,
      -23.510237
     ],
     [
      -46.886256,
      -23.510215
     ],
     [
      -46.886308,
      -23.510209
     ],
     [
      -46.886614,
      -23.510193
     ],
     [
      -46.88678,
      -23.510202
     ],
     [
      -46.886957,
      -23.510212
     ],
     [
      -46.887346,
      -23.510316
     ],
     [
      -46.887764,
      -23.510474
     ],
     [
      -46.888084,
      -23.510702
     ],
     [
      -46.888384,
      -23.510963
     ],
     [
      -46.888585,
      -23.511221
     ],
     [
      -46.888696,
      -23.511407
     ],
     [
      -46.888818,
      -23.511707
     ],
     [
      -46.888895,
      -23.511921
     ],
     [
      -46.888975,
      -23.512307
     ],
     [
      -46.889014,
      -23.512816
     ],
     [
      -46.889031,
      -23.512961
     ],
     [
      -46.889408,
      -23.515046
     ],
     [
      -46.889514,
      -23.515626
     ],
     [
      -46.889641,
      -23.516367
     ],
     [
      -46.889916,
      -23.517807
     ],
     [
      -46.890073,
      -23.518268
     ],
     [
      -46.890259,
      -23.518634
     ],
     [
      -46.890465,
      -23.519011
     ],
     [
      -46.890712,
      -23.519323
     ],
     [
      -46.891117,
      -23.519764
     ],
     [
      -46.891957,
      -23.520635
     ],
     [
      -46.892246,
      -23.520952
     ],
     [
      -46.892494,
      -23.521267
     ],
     [
      -46.89275,
      -23.521664
     ],
     [
      -46.89287,
      -23.521907
     ],
     [
      -46.893002,
      -23.52221
     ],
     [
      -46.893081,
      -23.522423
     ],
     [
      -46.893444,
      -23.523493
     ],
     [
      -46.893711,
      -23.524221
     ],
     [
      -46.89382,
      -23.524485
     ],
     [
      -46.893911,
      -23.524691
     ],
     [
      -46.894096,
      -23.525026
     ],
     [
      -46.894299,
      -23.525311
     ],
     [
      -46.894568,
      -23.525567
     ],
     [
      -46.894899,
      -23.525824
     ],
     [
      -46.895335,
      -23.526083
     ],
     [
      -46.895869,
      -23.526314
     ],
     [
      -46.89614,
      -23.526407
     ],
     [
      -46.896478,
      -23.526499
     ],
     [
      -46.896829,
      -23.526546
     ],
     [
      -46.897145,
      -23.526533
     ],
     [
      -46.897512,
      -23.526476
     ],
     [
      -46.89803,
      -23.526378
     ],
     [
      -46.898307,
      -23.526298
     ],
     [
      -46.898634,
      -23.52623
     ],
     [
      -46.898976,
      -23.52621
     ],
     [
      -46.899286,
      -23.526232
     ],
     [
      -46.899577,
      -23.526298
     ],
     [
      -46.899881,
      -23.52637
     ],
     [
      -46.900041,
      -23.526442
     ],
     [
      -46.900448,
      -23.526641
     ],
     [
      -46.900928,
      -23.526899
     ],
     [
      -46.901451,
      -23.527146
     ],
     [
      -46.9023,
      -23.527639
     ],
     [
      -46.902932,
      -23.528016
     ],
     [
      -46.903625,
      -23.528393
     ],
     [
      -46.904141,
      -23.528618
     ],
     [
      -46.904602,
      -23.528724
     ],
     [
      -46.905147,
      -23.528805
     ],
     [
      -46.905828,
      -23.528887
     ],
     [
      -46.907069,
      -23.529093
     ],
     [
      -46.907463,
      -23.529196
     ],
     [
      -46.90791,
      -23.529352
     ],
     [
      -46.908167,
      -23.52946
     ],
     [
      -46.908561,
      -23.529657
     ],
     [
      -46.908971,
      -23.529913
     ],
     [
      -46.909462,
      -23.530164
     ],
     [
      -46.909695,
      -23.530284
     ],
     [
      -46.910001,
      -23.530398
     ],
     [
      -46.91031,
      -23.530493
     ],
     [
      -46.910572,
      -23.530548
     ],
     [
      -46.910991,
      -23.53061
     ],
     [
      -46.91131,
      -23.530621
     ],
     [
      -46.911677,
      -23.530602
     ],
     [
      -46.912171,
      -23.530547
     ],
     [
      -46.912822,
      -23.530359
     ],
     [
      -46.914261,
      -23.529627
     ],
     [
      -46.914809,
      -23.529444
     ],
     [
      -46.915246,
      -23.529337
     ],
     [
      -46.916007,
      -23.52927
     ],
     [
      -46.917271,
      -23.529198
     ],
     [
      -46.918907,
      -23.529109
     ],
     [
      -46.919361,
      -23.529096
     ],
     [
      -46.919808,
      -23.529129
     ],
     [
      -46.920283,
      -23.529274
     ],
     [
      -46.920608,
      -23.529439
     ],
     [
      -46.920871,
      -23.529635
     ],
     [
      -46.921116,
      -23.529867
     ],
     [
      -46.921374,
      -23.530192
     ],
     [
      -46.921618,
      -23.5306
     ],
     [
      -46.923085,
      -23.533733
     ],
     [
      -46.923214,
      -23.53396
     ],
     [
      -46.923615,
      -23.534539
     ],
     [
      -46.923864,
      -23.534784
     ],
     [
      -46.924187,
      -23.535052
     ],
     [
      -46.924599,
      -23.535287
     ],
     [
      -46.924918,
      -23.535449
     ],
     [
      -46.925208,
      -23.535552
     ],
     [
      -46.925602,
      -23.535649
     ],
     [
      -46.926033,
      -23.53571
     ],
     [
      -46.926356,
      -23.535718
     ],
     [
      -46.926647,
      -23.535712
     ],
     [
      -46.926998,
      -23.535654
     ],
     [
      -46.927555,
      -23.535532
     ],
     [
      -46.928614,
      -23.535269
     ],
     [
      -46.929919,
      -23.534948
     ],
     [
      -46.930487,
      -23.534821
     ],
     [
      -46.930794,
      -23.534769
     ],
     [
      -46.931086,
      -23.534761
     ],
     [
      -46.931283,
      -23.534766
     ],
     [
      -46.93154,
      -23.534803
     ],
     [
      -46.931796,
      -23.534865
     ],
     [
      -46.932014,
      -23.53494
     ],
     [
      -46.932211,
      -23.535022
     ],
     [
      -46.932512,
      -23.5352
     ],
     [
      -46.93268,
      -23.535318
     ],
     [
      -46.932853,
      -23.535468
     ],
     [
      -46.933017,
      -23.535648
     ],
     [
      -46.933164,
      -23.535846
     ],
     [
      -46.933256,
      -23.535997
     ],
     [
      -46.933338,
      -23.53619
     ],
     [
      -46.933403,
      -23.536414
     ],
     [
      -46.933447,
      -23.536593
     ],
     [
      -46.933475,
      -23.536831
     ],
     [
      -46.933479,
      -23.53705
     ],
     [
      -46.933463,
      -23.537277
     ],
     [
      -46.933421,
      -23.537657
     ],
     [
      -46.933293,
      -23.538716
     ],
     [
      -46.933059,
      -23.541035
     ],
     [
      -46.933033,
      -23.541413
     ],
     [
      -46.933048,
      -23.541894
     ],
     [
      -46.933087,
      -23.542272
     ],
     [
      -46.933103,
      -23.542411
     ],
     [
      -46.933124,
      -23.542586
     ],
     [
      -46.933173,
      -23.542818
     ],
     [
      -46.933238,
      -23.543081
     ],
     [
      -46.933304,
      -23.543281
     ],
     [
      -46.93342,
      -23.543534
     ],
     [
      -46.933628,
      -23.543831
     ],
     [
      -46.933813,
      -23.544053
     ],
     [
      -46.933907,
      -23.544163
     ],
     [
      -46.934501,
      -23.544892
     ],
     [
      -46.935092,
      -23.545585
     ],
     [
      -46.935155,
      -23.545658
     ],
     [
      -46.936011,
      -23.54666
     ],
     [
      -46.936314,
      -23.547014
     ],
     [
      -46.936509,
      -23.54725
     ],
     [
      -46.936883,
      -23.547655
     ],
     [
      -46.937084,
      -23.547872
     ],
     [
      -46.937243,
      -23.548029
     ],
     [
      -46.93746,
      -23.548166
     ],
     [
      -46.937679,
      -23.548274
     ],
     [
      -46.937943,
      -23.548384
     ],
     [
      -46.938244,
      -23.548464
     ],
     [
      -46.938499,
      -23.548509
     ],
     [
      -46.938725,
      -23.548526
     ],
     [
      -46.939055,
      -23.548511
     ],
     [
      -46.939322,
      -23.548469
     ],
     [
      -46.939587,
      -23.5484
     ],
     [
      -46.939835,
      -23.548292
     ],
     [
      -46.940025,
      -23.548212
     ],
     [
      -46.940448,
      -23.547965
     ],
     [
      -46.941325,
      -23.547324
     ],
     [
      -46.941687,
      -23.547093
     ],
     [
      -46.942398,
      -23.546642
     ],
     [
      -46.942713,
      -23.546428
     ],
     [
      -46.94311,
      -23.546199
     ],
     [
      -46.943467,
      -23.546031
     ],
     [
      -46.943772,
      -23.54594
     ],
     [
      -46.944071,
      -23.545861
     ],
     [
      -46.944938,
      -23.545621
     ],
     [
      -46.945591,
      -23.545482
     ],
     [
      -46.946557,
      -23.545263
     ],
     [
      -46.947468,
      -23.545029
     ],
     [
      -46.94835,
      -23.544799
     ],
     [
      -46.948386,
      -23.544789
     ],
     [
      -46.948426,
      -23.544779
     ],
     [
      -46.948456,
      -23.544772
     ],
     [
      -46.94986,
      -23.544344
     ],
     [
      -46.950316,
      -23.54424
     ],
     [
      -46.950718,
      -23.54417
     ],
     [
      -46.951195,
      -23.544144
     ],
     [
      -46.951619,
      -23.544142
     ],
     [
      -46.952572,
      -23.544144
     ],
     [
      -46.953936,
      -23.544147
     ],
     [
      -46.954208,
      -23.544142
     ],
     [
      -46.954392,
      -23.544125
     ],
     [
      -46.954601,
      -23.544084
     ],
     [
      -46.954869,
      -23.544008
     ],
     [
      -46.955083,
      -23.543926
     ],
     [
      -46.955263,
      -23.543841
     ],
     [
      -46.955385,
      -23.543764
     ],
     [
      -46.955784,
      -23.543498
     ],
     [
      -46.956114,
      -23.543224
     ],
     [
      -46.956379,
      -23.542989
     ],
     [
      -46.957136,
      -23.542323
     ],
     [
      -46.957291,
      -23.542208
     ],
     [
      -46.957563,
      -23.542042
     ],
     [
      -46.957807,
      -23.541907
     ],
     [
      -46.958021,
      -23.541818
     ],
     [
      -46.958114,
      -23.54178
     ],
     [
      -46.958458,
      -23.541702
     ],
     [
      -46.958875,
      -23.541637
     ],
     [
      -46.959551,
      -23.541552
     ],
     [
      -46.96147,
      -23.541327
     ],
     [
      -46.96179,
      -23.541277
     ],
     [
      -46.962027,
      -23.541221
     ],
     [
      -46.962319,
      -23.541124
     ],
     [
      -46.962517,
      -23.541033
     ],
     [
      -46.962799,
      -23.540864
     ],
     [
      -46.963213,
      -23.540585
     ],
     [
      -46.964171,
      -23.53991
     ],
     [
      -46.964326,
      -23.539799
     ],
     [
      -46.964536,
      -23.539593
     ],
     [
      -46.964762,
      -23.539328
     ],
     [
      -46.964908,
      -23.539115
     ],
     [
      -46.965015,
      -23.538921
     ],
     [
      -46.965122,
      -23.538686
     ],
     [
      -46.9652,
      -23.538421
     ],
     [
      -46.965246,
      -23.538147
     ],
     [
      -46.965263,
      -23.537856
     ],
     [
      -46.965252,
      -23.53761
     ],
     [
      -46.96523,
      -23.537367
     ],
     [
      -46.965112,
      -23.536952
     ],
     [
      -46.964724,
      -23.535831
     ],
     [
      -46.9646,
      -23.535357
     ],
     [
      -46.964575,
      -23.535116
     ],
     [
      -46.964571,
      -23.534945
     ],
     [
      -46.964592,
      -23.534704
     ],
     [
      -46.964631,
      -23.534481
     ],
     [
      -46.964795,
      -23.533941
     ],
     [
      -46.964929,
      -23.533647
     ],
     [
      -46.965061,
      -23.533435
     ],
     [
      -46.965259,
      -23.533207
     ],
     [
      -46.965504,
      -23.53299
     ],
     [
      -46.965729,
      -23.53284
     ],
     [
      -46.966036,
      -23.532674
     ],
     [
      -46.966234,
      -23.532607
     ],
     [
      -46.966445,
      -23.532549
     ],
     [
      -46.966734,
      -23.532503
     ],
     [
      -46.967095,
      -23.532463
     ],
     [
      -46.96748,
      -23.532427
     ],
     [
      -46.967637,
      -23.532408
     ],
     [
      -46.967886,
      -23.532363
     ],
     [
      -46.968197,
      -23.532295
     ],
     [
      -46.968424,
      -23.532226
     ],
     [
      -46.968827,
      -23.532106
     ],
     [
      -46.969245,
      -23.531996
     ],
     [
      -46.969894,
      -23.531896
     ],
     [
      -46.970577,
      -23.531826
     ],
     [
      -46.970873,
      -23.531791
     ],
     [
      -46.971188,
      -23.531713
     ],
     [
      -46.971448,
      -23.531626
     ],
     [
      -46.971729,
      -23.531489
     ],
     [
      -46.972016,
      -23.531307
     ],
     [
      -46.972209,
      -23.531125
     ],
     [
      -46.972269,
      -23.531054
     ],
     [
      -46.972358,
      -23.530939
     ],
     [
      -46.972512,
      -23.530734
     ],
     [
      -46.972663,
      -23.530481
     ],
     [
      -46.97273,
      -23.530362
     ],
     [
      -46.972794,
      -23.530245
     ],
     [
      -46.973053,
      -23.529773
     ],
     [
      -46.973174,
      -23.529559
     ],
     [
      -46.973245,
      -23.529443
     ],
     [
      -46.973319,
      -23.529345
     ],
     [
      -46.973399,
      -23.529249
     ],
     [
      -46.973491,
      -23.529158
     ],
     [
      -46.973586,
      -23.529073
     ],
     [
      -46.973684,
      -23.528999
     ],
     [
      -46.973768,
      -23.52894
     ],
     [
      -46.973872,
      -23.528877
     ],
     [
      -46.973986,
      -23.528814
     ],
     [
      -46.974114,
      -23.528753
     ],
     [
      -46.974318,
      -23.528671
     ],
     [
      -46.974677,
      -23.52855
     ],
     [
      -46.975556,
      -23.528238
     ],
     [
      -46.977489,
      -23.527588
     ],
     [
      -46.97779,
      -23.527495
     ],
     [
      -46.978021,
      -23.527457
     ],
     [
      -46.978254,
      -23.527427
     ],
     [
      -46.97856,
      -23.527437
     ],
     [
      -46.978859,
      -23.527479
     ],
     [
      -46.979163,
      -23.527561
     ],
     [
      -46.979388,
      -23.527646
     ],
     [
      -46.979521,
      -23.527701
     ],
     [
      -46.979737,
      -23.527825
     ],
     [
      -46.979888,
      -23.527934
     ],
     [
      -46.980067,
      -23.528057
     ],
     [
      -46.98023,
      -23.52822
     ],
     [
      -46.98042,
      -23.528464
     ],
     [
      -46.980661,
      -23.528856
     ],
     [
      -46.980829,
      -23.529087
     ],
     [
      -46.980973,
      -23.529261
     ],
     [
      -46.981146,
      -23.529446
     ],
     [
      -46.98134,
      -23.529624
     ],
     [
      -46.981562,
      -23.529769
     ],
     [
      -46.981799,
      -23.529868
     ],
     [
      -46.982371,
      -23.530073
     ],
     [
      -46.98254,
      -23.530164
     ],
     [
      -46.982755,
      -23.530256
     ],
     [
      -46.983019,
      -23.53037
     ],
     [
      -46.983066,
      -23.53039
     ],
     [
      -46.983435,
      -23.530518
     ]
    ]
   }
  },
  {
   "type": "Feature",
   "properties": {
    "id": "sor-amador-bueno-mairinque",
    "method": "osm-old",
    "osm_ways": [
     162623283,
     168226830,
     169658602,
     223097006,
     223097010,
     223097011,
     283228197,
     283228201,
     352670198,
     352670200,
     624187637,
     1557748370
    ],
    "bridged_gap_m": 87,
    "generated": "2026-10-05"
   },
   "geometry": {
    "type": "LineString",
    "coordinates": [
     [
      -46.983435,
      -23.530518
     ],
     [
      -46.984942,
      -23.530949
     ],
     [
      -46.985772,
      -23.531186
     ],
     [
      -46.986664,
      -23.531465
     ],
     [
      -46.986878,
      -23.531509
     ],
     [
      -46.987079,
      -23.531531
     ],
     [
      -46.987171,
      -23.531539
     ],
     [
      -46.987474,
      -23.531563
     ],
     [
      -46.987753,
      -23.531595
     ],
     [
      -46.987911,
      -23.531608
     ],
     [
      -46.988229,
      -23.531633
     ],
     [
      -46.988528,
      -23.531652
     ],
     [
      -46.988806,
      -23.531671
     ],
     [
      -46.989187,
      -23.531687
     ],
     [
      -46.989418,
      -23.531664
     ],
     [
      -46.989686,
      -23.531613
     ],
     [
      -46.990021,
      -23.531487
     ],
     [
      -46.990723,
      -23.531114
     ],
     [
      -46.991102,
      -23.530899
     ],
     [
      -46.991563,
      -23.530781
     ],
     [
      -46.991776,
      -23.530725
     ],
     [
      -46.992057,
      -23.5307
     ],
     [
      -46.992308,
      -23.530693
     ],
     [
      -46.992583,
      -23.530721
     ],
     [
      -46.99288,
      -23.530759
     ],
     [
      -46.993749,
      -23.531003
     ],
     [
      -46.995195,
      -23.53143
     ],
     [
      -46.995443,
      -23.531509
     ],
     [
      -46.995687,
      -23.53162
     ],
     [
      -46.996151,
      -23.531888
     ],
     [
      -46.996574,
      -23.53223
     ],
     [
      -46.996888,
      -23.532445
     ],
     [
      -46.997162,
      -23.532576
     ],
     [
      -46.997342,
      -23.532637
     ],
     [
      -46.997495,
      -23.532679
     ],
     [
      -46.998177,
      -23.532774
     ],
     [
      -47.000003,
      -23.532988
     ],
     [
      -47.000601,
      -23.533034
     ],
     [
      -47.001017,
      -23.533075
     ],
     [
      -47.001186,
      -23.533102
     ],
     [
      -47.001368,
      -23.533144
     ],
     [
      -47.001533,
      -23.533194
     ],
     [
      -47.001715,
      -23.533258
     ],
     [
      -47.002876,
      -23.533801
     ],
     [
      -47.003102,
      -23.533874
     ],
     [
      -47.003312,
      -23.533933
     ],
     [
      -47.003504,
      -23.533974
     ],
     [
      -47.003839,
      -23.53402
     ],
     [
      -47.004104,
      -23.534038
     ],
     [
      -47.005225,
      -23.534004
     ],
     [
      -47.005594,
      -23.534026
     ],
     [
      -47.005682,
      -23.534032
     ],
     [
      -47.005951,
      -23.534084
     ],
     [
      -47.006168,
      -23.534139
     ],
     [
      -47.006442,
      -23.534239
     ],
     [
      -47.006761,
      -23.534376
     ],
     [
      -47.007407,
      -23.534696
     ],
     [
      -47.008156,
      -23.535056
     ],
     [
      -47.008635,
      -23.535292
     ],
     [
      -47.008868,
      -23.535401
     ],
     [
      -47.009133,
      -23.535508
     ],
     [
      -47.009304,
      -23.535563
     ],
     [
      -47.009496,
      -23.535616
     ],
     [
      -47.009694,
      -23.535645
     ],
     [
      -47.009982,
      -23.535661
     ],
     [
      -47.010356,
      -23.535666
     ],
     [
      -47.010546,
      -23.535666
     ],
     [
      -47.011007,
      -23.535686
     ],
     [
      -47.012137,
      -23.53573
     ],
     [
      -47.012892,
      -23.535759
     ],
     [
      -47.013185,
      -23.535782
     ],
     [
      -47.013372,
      -23.535821
     ],
     [
      -47.013699,
      -23.535879
     ],
     [
      -47.013776,
      -23.53589
     ],
     [
      -47.015511,
      -23.536182
     ],
     [
      -47.015826,
      -23.53623
     ],
     [
      -47.015991,
      -23.536253
     ],
     [
      -47.016192,
      -23.536267
     ],
     [
      -47.016356,
      -23.536267
     ],
     [
      -47.016495,
      -23.536262
     ],
     [
      -47.016627,
      -23.536251
     ],
     [
      -47.016801,
      -23.536228
     ],
     [
      -47.017382,
      -23.536143
     ],
     [
      -47.017584,
      -23.536113
     ],
     [
      -47.017777,
      -23.536083
     ],
     [
      -47.018011,
      -23.53605
     ],
     [
      -47.018235,
      -23.536029
     ],
     [
      -47.018449,
      -23.535997
     ],
     [
      -47.018623,
      -23.535956
     ],
     [
      -47.018906,
      -23.535867
     ],
     [
      -47.01927,
      -23.53576
     ],
     [
      -47.019522,
      -23.535686
     ],
     [
      -47.019797,
      -23.535606
     ],
     [
      -47.020077,
      -23.535532
     ],
     [
      -47.020315,
      -23.535429
     ],
     [
      -47.020516,
      -23.535331
     ],
     [
      -47.020744,
      -23.535201
     ],
     [
      -47.02099,
      -23.53505
     ],
     [
      -47.021064,
      -23.535005
     ],
     [
      -47.021157,
      -23.534953
     ],
     [
      -47.021474,
      -23.534783
     ],
     [
      -47.021661,
      -23.534694
     ],
     [
      -47.021806,
      -23.534629
     ],
     [
      -47.021962,
      -23.534571
     ],
     [
      -47.022062,
      -23.53454
     ],
     [
      -47.022188,
      -23.534505
     ],
     [
      -47.022377,
      -23.53447
     ],
     [
      -47.022606,
      -23.53444
     ],
     [
      -47.02279,
      -23.534419
     ],
     [
      -47.022972,
      -23.534396
     ],
     [
      -47.023196,
      -23.534361
     ],
     [
      -47.023352,
      -23.534333
     ],
     [
      -47.023532,
      -23.534293
     ],
     [
      -47.02366,
      -23.534254
     ],
     [
      -47.023807,
      -23.534207
     ],
     [
      -47.023968,
      -23.534144
     ],
     [
      -47.024194,
      -23.534032
     ],
     [
      -47.024458,
      -23.533859
     ],
     [
      -47.025071,
      -23.533439
     ],
     [
      -47.02516,
      -23.53339
     ],
     [
      -47.025274,
      -23.533315
     ],
     [
      -47.025377,
      -23.533253
     ],
     [
      -47.025543,
      -23.533185
     ],
     [
      -47.025714,
      -23.533115
     ],
     [
      -47.025982,
      -23.533024
     ],
     [
      -47.026289,
      -23.532945
     ],
     [
      -47.026499,
      -23.532908
     ],
     [
      -47.026719,
      -23.532893
     ],
     [
      -47.026988,
      -23.532908
     ],
     [
      -47.027179,
      -23.532934
     ],
     [
      -47.027392,
      -23.532967
     ],
     [
      -47.027675,
      -23.533037
     ],
     [
      -47.027876,
      -23.533107
     ],
     [
      -47.028083,
      -23.533192
     ],
     [
      -47.028317,
      -23.533327
     ],
     [
      -47.028539,
      -23.533488
     ],
     [
      -47.028723,
      -23.533643
     ],
     [
      -47.028895,
      -23.533814
     ],
     [
      -47.029037,
      -23.534003
     ],
     [
      -47.029193,
      -23.534226
     ],
     [
      -47.029297,
      -23.534411
     ],
     [
      -47.029372,
      -23.534593
     ],
     [
      -47.029455,
      -23.534856
     ],
     [
      -47.029507,
      -23.535126
     ],
     [
      -47.029627,
      -23.535703
     ],
     [
      -47.029682,
      -23.536007
     ],
     [
      -47.02978,
      -23.536348
     ],
     [
      -47.029838,
      -23.536496
     ],
     [
      -47.029897,
      -23.536621
     ],
     [
      -47.030007,
      -23.536798
     ],
     [
      -47.030126,
      -23.536941
     ],
     [
      -47.030264,
      -23.537079
     ],
     [
      -47.03043,
      -23.537211
     ],
     [
      -47.030563,
      -23.537325
     ],
     [
      -47.030723,
      -23.537435
     ],
     [
      -47.030924,
      -23.537547
     ],
     [
      -47.031124,
      -23.537632
     ],
     [
      -47.031282,
      -23.53769
     ],
     [
      -47.031473,
      -23.53774
     ],
     [
      -47.031752,
      -23.53782
     ],
     [
      -47.032002,
      -23.537884
     ],
     [
      -47.032188,
      -23.53794
     ],
     [
      -47.032369,
      -23.538001
     ],
     [
      -47.03259,
      -23.538081
     ],
     [
      -47.032787,
      -23.538155
     ],
     [
      -47.03301,
      -23.538248
     ],
     [
      -47.033217,
      -23.538352
     ],
     [
      -47.033467,
      -23.538485
     ],
     [
      -47.033627,
      -23.538586
     ],
     [
      -47.033861,
      -23.538724
     ],
     [
      -47.03409,
      -23.538857
     ],
     [
      -47.034252,
      -23.538937
     ],
     [
      -47.034443,
      -23.539014
     ],
     [
      -47.034611,
      -23.53907
     ],
     [
      -47.034789,
      -23.53911
     ],
     [
      -47.034943,
      -23.539131
     ],
     [
      -47.035177,
      -23.539155
     ],
     [
      -47.035408,
      -23.539163
     ],
     [
      -47.035653,
      -23.539144
     ],
     [
      -47.035874,
      -23.539115
     ],
     [
      -47.036044,
      -23.539075
     ],
     [
      -47.036318,
      -23.538995
     ],
     [
      -47.036568,
      -23.538889
     ],
     [
      -47.036745,
      -23.538789
     ],
     [
      -47.036855,
      -23.538727
     ],
     [
      -47.037363,
      -23.53841
     ],
     [
      -47.037616,
      -23.538254
     ],
     [
      -47.037781,
      -23.538169
     ],
     [
      -47.037961,
      -23.538092
     ],
     [
      -47.038177,
      -23.53801
     ],
     [
      -47.038387,
      -23.537954
     ],
     [
      -47.038565,
      -23.537919
     ],
     [
      -47.038754,
      -23.537896
     ],
     [
      -47.039227,
      -23.537852
     ],
     [
      -47.039453,
      -23.537825
     ],
     [
      -47.039703,
      -23.537796
     ],
     [
      -47.040208,
      -23.537732
     ],
     [
      -47.04075,
      -23.537653
     ],
     [
      -47.041604,
      -23.53753
     ],
     [
      -47.041817,
      -23.537509
     ],
     [
      -47.042096,
      -23.537501
     ],
     [
      -47.042308,
      -23.537509
     ],
     [
      -47.042532,
      -23.537533
     ],
     [
      -47.042774,
      -23.537583
     ],
     [
      -47.042957,
      -23.537637
     ],
     [
      -47.043127,
      -23.537706
     ],
     [
      -47.04329,
      -23.537786
     ],
     [
      -47.043428,
      -23.537868
     ],
     [
      -47.043526,
      -23.537932
     ],
     [
      -47.043675,
      -23.538049
     ],
     [
      -47.043806,
      -23.53816
     ],
     [
      -47.043941,
      -23.538309
     ],
     [
      -47.044212,
      -23.538602
     ],
     [
      -47.044452,
      -23.53887
     ],
     [
      -47.044635,
      -23.539041
     ],
     [
      -47.044797,
      -23.539184
     ],
     [
      -47.044941,
      -23.539285
     ],
     [
      -47.045047,
      -23.539357
     ],
     [
      -47.045199,
      -23.539434
     ],
     [
      -47.045311,
      -23.539479
     ],
     [
      -47.045483,
      -23.539533
     ],
     [
      -47.045664,
      -23.53958
     ],
     [
      -47.045895,
      -23.539626
     ],
     [
      -47.04609,
      -23.539644
     ],
     [
      -47.046379,
      -23.539655
     ],
     [
      -47.046653,
      -23.539634
     ],
     [
      -47.046855,
      -23.539583
     ],
     [
      -47.047111,
      -23.539517
     ],
     [
      -47.047366,
      -23.539402
     ],
     [
      -47.047555,
      -23.539296
     ],
     [
      -47.048116,
      -23.53894
     ],
     [
      -47.048232,
      -23.538873
     ],
     [
      -47.048392,
      -23.538779
     ],
     [
      -47.048511,
      -23.538726
     ],
     [
      -47.048679,
      -23.53866
     ],
     [
      -47.048862,
      -23.538604
     ],
     [
      -47.049046,
      -23.538556
     ],
     [
      -47.049203,
      -23.538522
     ],
     [
      -47.049434,
      -23.538511
     ],
     [
      -47.049628,
      -23.538516
     ],
     [
      -47.049793,
      -23.53853
     ],
     [
      -47.050019,
      -23.538564
     ],
     [
      -47.05024,
      -23.538612
     ],
     [
      -47.050471,
      -23.538692
     ],
     [
      -47.050681,
      -23.538772
     ],
     [
      -47.050899,
      -23.538875
     ],
     [
      -47.051072,
      -23.538992
     ],
     [
      -47.051181,
      -23.539091
     ],
     [
      -47.051356,
      -23.539255
     ],
     [
      -47.051931,
      -23.539806
     ],
     [
      -47.052202,
      -23.540045
     ],
     [
      -47.052513,
      -23.540327
     ],
     [
      -47.052915,
      -23.540673
     ],
     [
      -47.053055,
      -23.540776
     ],
     [
      -47.053234,
      -23.540883
     ],
     [
      -47.053428,
      -23.540981
     ],
     [
      -47.053718,
      -23.541111
     ],
     [
      -47.053735,
      -23.541115
     ],
     [
      -47.054755,
      -23.541407
     ],
     [
      -47.054981,
      -23.541476
     ],
     [
      -47.055145,
      -23.54154
     ],
     [
      -47.055297,
      -23.541617
     ],
     [
      -47.055438,
      -23.541694
     ],
     [
      -47.055688,
      -23.541867
     ],
     [
      -47.055874,
      -23.542023
     ],
     [
      -47.056353,
      -23.542404
     ],
     [
      -47.056507,
      -23.542513
     ],
     [
      -47.056669,
      -23.5426
     ],
     [
      -47.056842,
      -23.542686
     ],
     [
      -47.057049,
      -23.542768
     ],
     [
      -47.057211,
      -23.542818
     ],
     [
      -47.057475,
      -23.542872
     ],
     [
      -47.057722,
      -23.542922
     ],
     [
      -47.058081,
      -23.543015
     ],
     [
      -47.058278,
      -23.543068
     ],
     [
      -47.05849,
      -23.54313
     ],
     [
      -47.058693,
      -23.543212
     ],
     [
      -47.058916,
      -23.543321
     ],
     [
      -47.059153,
      -23.543443
     ],
     [
      -47.059442,
      -23.543598
     ],
     [
      -47.059894,
      -23.543877
     ],
     [
      -47.060104,
      -23.543996
     ],
     [
      -47.060697,
      -23.544361
     ],
     [
      -47.060826,
      -23.544437
     ],
     [
      -47.060967,
      -23.544507
     ],
     [
      -47.061149,
      -23.544585
     ],
     [
      -47.061388,
      -23.544672
     ],
     [
      -47.061735,
      -23.544794
     ],
     [
      -47.061878,
      -23.544838
     ],
     [
      -47.062126,
      -23.544896
     ],
     [
      -47.062387,
      -23.544954
     ],
     [
      -47.062742,
      -23.545011
     ],
     [
      -47.06319,
      -23.545081
     ],
     [
      -47.064121,
      -23.545245
     ],
     [
      -47.065102,
      -23.545403
     ],
     [
      -47.065448,
      -23.545468
     ],
     [
      -47.065743,
      -23.545534
     ],
     [
      -47.066632,
      -23.545718
     ],
     [
      -47.067017,
      -23.5458
     ],
     [
      -47.067269,
      -23.545862
     ],
     [
      -47.067452,
      -23.545914
     ],
     [
      -47.06763,
      -23.545984
     ],
     [
      -47.067827,
      -23.546076
     ],
     [
      -47.068078,
      -23.546205
     ],
     [
      -47.069852,
      -23.547096
     ],
     [
      -47.070107,
      -23.547196
     ],
     [
      -47.070249,
      -23.547238
     ],
     [
      -47.071323,
      -23.547507
     ],
     [
      -47.07236,
      -23.547726
     ],
     [
      -47.072531,
      -23.54775
     ],
     [
      -47.072687,
      -23.547762
     ],
     [
      -47.072844,
      -23.547772
     ],
     [
      -47.073044,
      -23.547762
     ],
     [
      -47.074086,
      -23.547644
     ],
     [
      -47.074527,
      -23.547597
     ],
     [
      -47.074706,
      -23.547587
     ],
     [
      -47.074993,
      -23.547595
     ],
     [
      -47.075217,
      -23.547611
     ],
     [
      -47.075358,
      -23.547631
     ],
     [
      -47.07554,
      -23.547666
     ],
     [
      -47.075719,
      -23.547718
     ],
     [
      -47.07586,
      -23.54776
     ],
     [
      -47.075984,
      -23.54781
     ],
     [
      -47.076124,
      -23.547884
     ],
     [
      -47.076245,
      -23.547961
     ],
     [
      -47.076379,
      -23.548069
     ],
     [
      -47.07652,
      -23.548191
     ],
     [
      -47.076656,
      -23.548338
     ],
     [
      -47.076744,
      -23.54844
     ],
     [
      -47.076833,
      -23.548547
     ],
     [
      -47.076919,
      -23.548669
     ],
     [
      -47.076989,
      -23.548795
     ],
     [
      -47.077078,
      -23.548974
     ],
     [
      -47.077159,
      -23.549124
     ],
     [
      -47.077255,
      -23.549291
     ],
     [
      -47.077373,
      -23.54945
     ],
     [
      -47.077482,
      -23.549595
     ],
     [
      -47.077591,
      -23.549721
     ],
     [
      -47.077687,
      -23.549811
     ],
     [
      -47.077842,
      -23.549951
     ],
     [
      -47.07802,
      -23.550078
     ],
     [
      -47.078163,
      -23.550164
     ],
     [
      -47.078284,
      -23.550224
     ],
     [
      -47.078451,
      -23.550279
     ],
     [
      -47.078737,
      -23.550374
     ],
     [
      -47.078955,
      -23.550437
     ],
     [
      -47.07913,
      -23.550462
     ],
     [
      -47.079299,
      -23.550462
     ],
     [
      -47.07968,
      -23.550442
     ],
     [
      -47.080229,
      -23.550392
     ],
     [
      -47.080563,
      -23.55035
     ],
     [
      -47.080775,
      -23.550344
     ],
     [
      -47.081004,
      -23.550358
     ],
     [
      -47.081211,
      -23.550384
     ],
     [
      -47.081404,
      -23.550423
     ],
     [
      -47.082349,
      -23.550714
     ],
     [
      -47.084035,
      -23.551242
     ],
     [
      -47.084395,
      -23.551356
     ],
     [
      -47.085553,
      -23.551722
     ],
     [
      -47.085995,
      -23.551852
     ],
     [
      -47.086739,
      -23.552124
     ],
     [
      -47.086895,
      -23.552191
     ],
     [
      -47.0871,
      -23.552298
     ],
     [
      -47.087209,
      -23.552364
     ],
     [
      -47.087419,
      -23.552504
     ],
     [
      -47.087591,
      -23.552643
     ],
     [
      -47.087753,
      -23.552819
     ],
     [
      -47.087934,
      -23.553026
     ],
     [
      -47.088157,
      -23.553286
     ],
     [
      -47.08836,
      -23.553548
     ],
     [
      -47.088445,
      -23.553662
     ],
     [
      -47.088518,
      -23.553765
     ],
     [
      -47.088552,
      -23.553815
     ],
     [
      -47.088694,
      -23.554062
     ],
     [
      -47.088711,
      -23.554097
     ],
     [
      -47.088776,
      -23.554238
     ],
     [
      -47.088914,
      -23.554558
     ],
     [
      -47.088965,
      -23.554686
     ],
     [
      -47.089027,
      -23.554818
     ],
     [
      -47.089115,
      -23.555006
     ],
     [
      -47.089228,
      -23.55521
     ],
     [
      -47.089307,
      -23.555337
     ],
     [
      -47.089383,
      -23.555444
     ],
     [
      -47.089479,
      -23.555565
     ],
     [
      -47.089624,
      -23.555717
     ],
     [
      -47.089791,
      -23.555864
     ],
     [
      -47.089999,
      -23.556048
     ],
     [
      -47.090638,
      -23.556613
     ],
     [
      -47.090907,
      -23.55681
     ],
     [
      -47.091115,
      -23.556964
     ],
     [
      -47.091289,
      -23.557054
     ],
     [
      -47.091466,
      -23.55712
     ],
     [
      -47.09167,
      -23.557193
     ],
     [
      -47.091951,
      -23.557262
     ],
     [
      -47.092133,
      -23.557288
     ],
     [
      -47.092327,
      -23.557294
     ],
     [
      -47.092557,
      -23.557285
     ],
     [
      -47.092752,
      -23.557263
     ],
     [
      -47.092929,
      -23.55724
     ],
     [
      -47.093171,
      -23.557174
     ],
     [
      -47.094259,
      -23.55675
     ],
     [
      -47.094638,
      -23.556594
     ],
     [
      -47.094817,
      -23.55653
     ],
     [
      -47.094992,
      -23.556471
     ],
     [
      -47.095012,
      -23.556466
     ],
     [
      -47.095116,
      -23.556441
     ],
     [
      -47.095273,
      -23.55642
     ],
     [
      -47.095434,
      -23.556417
     ],
     [
      -47.095687,
      -23.556417
     ],
     [
      -47.095903,
      -23.556435
     ],
     [
      -47.096115,
      -23.556454
     ],
     [
      -47.096319,
      -23.556503
     ],
     [
      -47.096512,
      -23.556558
     ],
     [
      -47.096713,
      -23.556634
     ],
     [
      -47.096909,
      -23.556744
     ],
     [
      -47.097105,
      -23.556866
     ],
     [
      -47.097275,
      -23.556998
     ],
     [
      -47.097493,
      -23.557184
     ],
     [
      -47.098613,
      -23.558171
     ],
     [
      -47.100007,
      -23.55944
     ],
     [
      -47.100114,
      -23.559525
     ],
     [
      -47.100218,
      -23.5596
     ],
     [
      -47.10032,
      -23.55967
     ],
     [
      -47.100481,
      -23.559762
     ],
     [
      -47.100633,
      -23.559835
     ],
     [
      -47.100864,
      -23.559932
     ],
     [
      -47.101048,
      -23.560007
     ],
     [
      -47.101274,
      -23.560103
     ],
     [
      -47.101625,
      -23.560259
     ],
     [
      -47.10181,
      -23.560344
     ],
     [
      -47.10202,
      -23.560451
     ],
     [
      -47.102201,
      -23.560559
     ],
     [
      -47.102356,
      -23.560665
     ],
     [
      -47.102522,
      -23.560779
     ],
     [
      -47.102633,
      -23.560866
     ],
     [
      -47.10267,
      -23.560896
     ],
     [
      -47.102862,
      -23.561042
     ],
     [
      -47.103119,
      -23.561243
     ],
     [
      -47.103374,
      -23.561451
     ],
     [
      -47.103529,
      -23.561577
     ],
     [
      -47.10369,
      -23.561681
     ],
     [
      -47.103853,
      -23.561782
     ],
     [
      -47.104011,
      -23.56187
     ],
     [
      -47.104166,
      -23.561934
     ],
     [
      -47.104357,
      -23.562003
     ],
     [
      -47.104537,
      -23.562047
     ],
     [
      -47.104721,
      -23.562085
     ],
     [
      -47.104998,
      -23.562126
     ],
     [
      -47.105271,
      -23.562145
     ],
     [
      -47.105541,
      -23.56214
     ],
     [
      -47.105763,
      -23.562111
     ],
     [
      -47.105978,
      -23.562071
     ],
     [
      -47.106176,
      -23.562018
     ],
     [
      -47.106346,
      -23.561962
     ],
     [
      -47.106522,
      -23.561912
     ],
     [
      -47.106725,
      -23.561848
     ],
     [
      -47.106917,
      -23.561789
     ],
     [
      -47.107134,
      -23.561727
     ],
     [
      -47.109286,
      -23.561105
     ],
     [
      -47.109638,
      -23.561022
     ],
     [
      -47.10989,
      -23.560975
     ],
     [
      -47.110141,
      -23.560954
     ],
     [
      -47.110356,
      -23.560954
     ],
     [
      -47.110603,
      -23.560969
     ],
     [
      -47.11091,
      -23.561036
     ],
     [
      -47.111184,
      -23.561105
     ],
     [
      -47.111361,
      -23.561168
     ],
     [
      -47.111587,
      -23.561279
     ],
     [
      -47.111774,
      -23.561386
     ],
     [
      -47.111956,
      -23.561516
     ],
     [
      -47.112106,
      -23.561663
     ],
     [
      -47.112363,
      -23.561929
     ],
     [
      -47.113401,
      -23.56308
     ],
     [
      -47.113517,
      -23.563195
     ],
     [
      -47.113675,
      -23.563305
     ],
     [
      -47.113812,
      -23.563384
     ],
     [
      -47.114041,
      -23.563485
     ],
     [
      -47.114272,
      -23.563567
     ],
     [
      -47.114441,
      -23.563626
     ],
     [
      -47.114692,
      -23.563696
     ],
     [
      -47.114934,
      -23.563736
     ],
     [
      -47.115197,
      -23.56378
     ],
     [
      -47.115391,
      -23.563789
     ],
     [
      -47.115677,
      -23.563793
     ],
     [
      -47.115985,
      -23.563789
     ],
     [
      -47.116165,
      -23.56378
     ],
     [
      -47.116504,
      -23.563745
     ],
     [
      -47.116856,
      -23.563714
     ],
     [
      -47.117111,
      -23.563718
     ],
     [
      -47.11734,
      -23.563736
     ],
     [
      -47.117529,
      -23.563758
     ],
     [
      -47.117793,
      -23.563811
     ],
     [
      -47.118022,
      -23.563872
     ],
     [
      -47.118387,
      -23.563991
     ],
     [
      -47.119319,
      -23.56429
     ],
     [
      -47.1195,
      -23.564338
     ],
     [
      -47.119689,
      -23.564369
     ],
     [
      -47.119869,
      -23.564391
     ],
     [
      -47.120116,
      -23.5644
     ],
     [
      -47.120358,
      -23.564396
     ],
     [
      -47.120599,
      -23.564374
     ],
     [
      -47.120819,
      -23.564338
     ],
     [
      -47.122165,
      -23.563995
     ],
     [
      -47.122522,
      -23.563894
     ],
     [
      -47.124208,
      -23.563508
     ],
     [
      -47.125975,
      -23.563102
     ],
     [
      -47.126204,
      -23.56305
     ],
     [
      -47.126437,
      -23.562964
     ],
     [
      -47.126649,
      -23.562874
     ],
     [
      -47.126867,
      -23.562734
     ],
     [
      -47.127047,
      -23.562587
     ],
     [
      -47.127231,
      -23.562388
     ],
     [
      -47.127411,
      -23.562164
     ],
     [
      -47.127688,
      -23.561757
     ],
     [
      -47.127878,
      -23.561511
     ],
     [
      -47.128046,
      -23.561297
     ],
     [
      -47.128189,
      -23.561138
     ],
     [
      -47.128357,
      -23.560961
     ],
     [
      -47.128556,
      -23.560786
     ],
     [
      -47.128767,
      -23.560659
     ],
     [
      -47.129057,
      -23.560488
     ],
     [
      -47.129262,
      -23.560385
     ],
     [
      -47.129461,
      -23.560314
     ],
     [
      -47.129623,
      -23.560253
     ],
     [
      -47.129869,
      -23.560187
     ],
     [
      -47.130099,
      -23.560127
     ],
     [
      -47.130338,
      -23.560083
     ],
     [
      -47.130839,
      -23.559996
     ],
     [
      -47.1311,
      -23.559931
     ],
     [
      -47.131299,
      -23.559863
     ],
     [
      -47.131483,
      -23.5598
     ],
     [
      -47.132407,
      -23.55944
     ],
     [
      -47.132624,
      -23.559362
     ],
     [
      -47.133921,
      -23.558793
     ],
     [
      -47.13404,
      -23.558724
     ],
     [
      -47.134164,
      -23.558631
     ],
     [
      -47.134326,
      -23.558494
     ],
     [
      -47.134516,
      -23.55832
     ],
     [
      -47.134646,
      -23.558152
     ],
     [
      -47.134714,
      -23.558037
     ],
     [
      -47.134824,
      -23.557867
     ],
     [
      -47.134983,
      -23.557576
     ],
     [
      -47.135021,
      -23.557489
     ],
     [
      -47.135067,
      -23.557374
     ],
     [
      -47.135131,
      -23.557168
     ],
     [
      -47.135164,
      -23.557027
     ],
     [
      -47.135186,
      -23.556873
     ],
     [
      -47.135199,
      -23.556704
     ],
     [
      -47.135201,
      -23.556536
     ],
     [
      -47.13519,
      -23.556385
     ],
     [
      -47.135166,
      -23.55622
     ],
     [
      -47.135135,
      -23.556057
     ],
     [
      -47.135091,
      -23.55587
     ],
     [
      -47.135028,
      -23.555683
     ],
     [
      -47.134926,
      -23.555472
     ],
     [
      -47.13477,
      -23.555219
     ],
     [
      -47.134645,
      -23.555045
     ],
     [
      -47.134498,
      -23.554885
     ],
     [
      -47.134352,
      -23.554755
     ],
     [
      -47.133965,
      -23.554471
     ],
     [
      -47.133532,
      -23.554172
     ],
     [
      -47.132507,
      -23.553374
     ],
     [
      -47.132302,
      -23.553191
     ],
     [
      -47.132173,
      -23.553068
     ],
     [
      -47.132074,
      -23.55296
     ],
     [
      -47.13197,
      -23.552824
     ],
     [
      -47.131885,
      -23.552687
     ],
     [
      -47.131803,
      -23.552533
     ],
     [
      -47.131739,
      -23.552364
     ],
     [
      -47.131689,
      -23.55221
     ],
     [
      -47.131647,
      -23.552036
     ],
     [
      -47.131634,
      -23.551865
     ],
     [
      -47.13164,
      -23.551702
     ],
     [
      -47.131647,
      -23.551449
     ],
     [
      -47.131665,
      -23.551286
     ],
     [
      -47.131698,
      -23.551137
     ],
     [
      -47.131746,
      -23.550998
     ],
     [
      -47.13181,
      -23.55082
     ],
     [
      -47.131907,
      -23.5506
     ],
     [
      -47.13221,
      -23.550037
     ],
     [
      -47.132392,
      -23.549777
     ],
     [
      -47.132439,
      -23.549698
     ],
     [
      -47.132564,
      -23.54956
     ],
     [
      -47.132687,
      -23.549436
     ],
     [
      -47.132832,
      -23.549311
     ],
     [
      -47.132975,
      -23.549199
     ],
     [
      -47.13331,
      -23.548997
     ],
     [
      -47.133495,
      -23.548913
     ],
     [
      -47.133679,
      -23.54886
     ],
     [
      -47.133941,
      -23.548818
     ],
     [
      -47.134216,
      -23.54879
     ],
     [
      -47.134451,
      -23.548788
     ],
     [
      -47.134649,
      -23.548794
     ],
     [
      -47.134805,
      -23.548816
     ],
     [
      -47.135006,
      -23.548856
     ],
     [
      -47.135217,
      -23.548922
     ],
     [
      -47.135439,
      -23.549003
     ],
     [
      -47.135619,
      -23.549085
     ],
     [
      -47.136123,
      -23.549335
     ],
     [
      -47.136326,
      -23.549449
     ],
     [
      -47.136572,
      -23.54957
     ],
     [
      -47.136796,
      -23.549657
     ],
     [
      -47.137045,
      -23.549726
     ],
     [
      -47.137269,
      -23.549775
     ],
     [
      -47.137502,
      -23.5498
     ],
     [
      -47.13772,
      -23.549797
     ],
     [
      -47.137953,
      -23.549778
     ],
     [
      -47.138171,
      -23.549738
     ],
     [
      -47.138696,
      -23.54952
     ],
     [
      -47.138803,
      -23.549462
     ],
     [
      -47.138896,
      -23.549411
     ],
     [
      -47.139001,
      -23.549343
     ],
     [
      -47.139107,
      -23.549275
     ],
     [
      -47.139241,
      -23.549159
     ],
     [
      -47.139387,
      -23.549019
     ],
     [
      -47.139533,
      -23.54887
     ],
     [
      -47.139673,
      -23.548687
     ],
     [
      -47.139804,
      -23.548438
     ],
     [
      -47.139882,
      -23.548245
     ],
     [
      -47.139956,
      -23.547931
     ],
     [
      -47.139987,
      -23.547716
     ],
     [
      -47.139997,
      -23.547486
     ],
     [
      -47.139972,
      -23.547231
     ],
     [
      -47.139928,
      -23.546988
     ],
     [
      -47.139857,
      -23.546789
     ],
     [
      -47.139754,
      -23.546571
     ],
     [
      -47.139642,
      -23.546385
     ],
     [
      -47.139508,
      -23.546201
     ],
     [
      -47.139337,
      -23.546018
     ],
     [
      -47.139141,
      -23.545844
     ],
     [
      -47.138874,
      -23.545641
     ],
     [
      -47.138217,
      -23.545162
     ],
     [
      -47.137953,
      -23.544935
     ],
     [
      -47.137804,
      -23.54478
     ],
     [
      -47.137658,
      -23.544599
     ],
     [
      -47.137552,
      -23.544441
     ],
     [
      -47.137458,
      -23.544239
     ],
     [
      -47.137378,
      -23.54399
     ],
     [
      -47.137312,
      -23.5437
     ],
     [
      -47.137284,
      -23.543442
     ],
     [
      -47.137294,
      -23.543125
     ],
     [
      -47.13736,
      -23.542825
     ],
     [
      -47.137489,
      -23.542474
     ],
     [
      -47.137615,
      -23.542183
     ],
     [
      -47.137734,
      -23.54202
     ],
     [
      -47.137862,
      -23.541866
     ],
     [
      -47.138051,
      -23.541677
     ],
     [
      -47.138271,
      -23.541501
     ],
     [
      -47.138473,
      -23.541378
     ],
     [
      -47.13868,
      -23.541263
     ],
     [
      -47.139146,
      -23.541021
     ],
     [
      -47.139956,
      -23.540621
     ],
     [
      -47.140189,
      -23.54048
     ],
     [
      -47.140356,
      -23.540357
     ],
     [
      -47.140501,
      -23.540207
     ],
     [
      -47.14069,
      -23.539983
     ],
     [
      -47.140845,
      -23.539793
     ],
     [
      -47.140988,
      -23.539589
     ],
     [
      -47.141069,
      -23.539442
     ],
     [
      -47.141187,
      -23.539147
     ],
     [
      -47.141262,
      -23.538919
     ],
     [
      -47.141548,
      -23.537713
     ],
     [
      -47.141639,
      -23.537381
     ],
     [
      -47.141687,
      -23.537094
     ],
     [
      -47.141708,
      -23.536927
     ],
     [
      -47.141862,
      -23.535927
     ],
     [
      -47.141877,
      -23.535812
     ],
     [
      -47.141916,
      -23.53553
     ],
     [
      -47.141944,
      -23.535197
     ],
     [
      -47.142037,
      -23.534323
     ],
     [
      -47.1421,
      -23.533748
     ],
     [
      -47.14219,
      -23.533432
     ],
     [
      -47.142301,
      -23.533144
     ],
     [
      -47.142388,
      -23.532971
     ],
     [
      -47.142502,
      -23.532777
     ],
     [
      -47.142668,
      -23.532552
     ],
     [
      -47.142831,
      -23.532385
     ],
     [
      -47.143012,
      -23.532229
     ],
     [
      -47.143417,
      -23.531948
     ],
     [
      -47.14367,
      -23.531789
     ],
     [
      -47.143878,
      -23.531695
     ],
     [
      -47.144132,
      -23.531605
     ],
     [
      -47.144423,
      -23.531543
     ],
     [
      -47.144773,
      -23.531494
     ],
     [
      -47.145068,
      -23.53147
     ],
     [
      -47.145331,
      -23.531466
     ],
     [
      -47.145588,
      -23.531484
     ],
     [
      -47.145865,
      -23.531518
     ],
     [
      -47.146118,
      -23.531556
     ],
     [
      -47.146147,
      -23.531563
     ],
     [
      -47.146365,
      -23.531612
     ],
     [
      -47.146532,
      -23.531657
     ],
     [
      -47.146625,
      -23.531681
     ],
     [
      -47.146843,
      -23.531771
     ],
     [
      -47.147231,
      -23.531972
     ],
     [
      -47.150634,
      -23.533895
     ],
     [
      -47.150914,
      -23.534036
     ],
     [
      -47.151642,
      -23.534448
     ],
     [
      -47.151909,
      -23.534635
     ],
     [
      -47.152103,
      -23.534795
     ],
     [
      -47.152269,
      -23.534982
     ],
     [
      -47.152398,
      -23.535138
     ],
     [
      -47.152487,
      -23.535266
     ],
     [
      -47.152573,
      -23.535431
     ],
     [
      -47.152839,
      -23.535915
     ],
     [
      -47.153092,
      -23.536371
     ],
     [
      -47.153178,
      -23.536506
     ],
     [
      -47.153298,
      -23.536648
     ],
     [
      -47.15343,
      -23.536798
     ],
     [
      -47.153434,
      -23.536802
     ],
     [
      -47.15357,
      -23.536964
     ],
     [
      -47.153715,
      -23.537082
     ],
     [
      -47.153989,
      -23.537276
     ],
     [
      -47.154374,
      -23.537568
     ],
     [
      -47.154487,
      -23.537663
     ],
     [
      -47.15459,
      -23.537761
     ],
     [
      -47.154732,
      -23.537894
     ],
     [
      -47.154833,
      -23.538026
     ],
     [
      -47.154941,
      -23.538193
     ],
     [
      -47.155076,
      -23.538418
     ],
     [
      -47.155225,
      -23.538732
     ],
     [
      -47.155639,
      -23.53959
     ],
     [
      -47.155747,
      -23.539786
     ],
     [
      -47.155828,
      -23.539924
     ],
     [
      -47.155966,
      -23.540108
     ],
     [
      -47.156068,
      -23.540247
     ],
     [
      -47.156176,
      -23.540348
     ],
     [
      -47.156343,
      -23.540495
     ],
     [
      -47.156453,
      -23.540583
     ],
     [
      -47.156569,
      -23.540657
     ],
     [
      -47.156669,
      -23.540716
     ],
     [
      -47.156814,
      -23.540791
     ],
     [
      -47.156956,
      -23.540833
     ],
     [
      -47.157045,
      -23.540854
     ],
     [
      -47.157121,
      -23.54087
     ],
     [
      -47.157346,
      -23.540925
     ],
     [
      -47.157544,
      -23.540955
     ],
     [
      -47.157763,
      -23.540982
     ],
     [
      -47.157991,
      -23.540985
     ],
     [
      -47.158225,
      -23.540961
     ],
     [
      -47.158451,
      -23.540918
     ],
     [
      -47.158743,
      -23.540845
     ],
     [
      -47.158965,
      -23.54076
     ],
     [
      -47.159175,
      -23.540641
     ],
     [
      -47.159394,
      -23.540495
     ],
     [
      -47.159547,
      -23.540362
     ],
     [
      -47.16003,
      -23.539911
     ],
     [
      -47.160277,
      -23.539689
     ],
     [
      -47.160444,
      -23.539564
     ],
     [
      -47.160615,
      -23.53947
     ],
     [
      -47.1608,
      -23.539375
     ],
     [
      -47.161038,
      -23.539287
     ],
     [
      -47.161272,
      -23.539232
     ],
     [
      -47.161513,
      -23.539202
     ],
     [
      -47.161741,
      -23.53919
     ],
     [
      -47.161972,
      -23.539196
     ],
     [
      -47.162301,
      -23.539229
     ],
     [
      -47.1628,
      -23.539263
     ],
     [
      -47.163038,
      -23.539263
     ],
     [
      -47.163257,
      -23.539238
     ],
     [
      -47.1635,
      -23.539193
     ],
     [
      -47.163719,
      -23.539132
     ],
     [
      -47.163905,
      -23.539069
     ],
     [
      -47.164176,
      -23.538933
     ],
     [
      -47.164729,
      -23.538604
     ],
     [
      -47.165005,
      -23.538464
     ],
     [
      -47.165216,
      -23.538367
     ],
     [
      -47.165446,
      -23.538285
     ],
     [
      -47.16564,
      -23.538231
     ],
     [
      -47.165846,
      -23.538193
     ],
     [
      -47.166077,
      -23.538167
     ],
     [
      -47.166294,
      -23.538169
     ],
     [
      -47.166503,
      -23.538182
     ],
     [
      -47.166699,
      -23.538203
     ],
     [
      -47.167043,
      -23.538257
     ],
     [
      -47.167325,
      -23.538292
     ],
     [
      -47.167566,
      -23.5383
     ],
     [
      -47.167796,
      -23.538289
     ],
     [
      -47.168048,
      -23.538257
     ],
     [
      -47.168281,
      -23.538203
     ],
     [
      -47.168563,
      -23.538106
     ],
     [
      -47.168795,
      -23.537997
     ],
     [
      -47.168974,
      -23.537887
     ],
     [
      -47.169137,
      -23.537771
     ],
     [
      -47.169286,
      -23.537639
     ],
     [
      -47.169417,
      -23.537489
     ],
     [
      -47.169634,
      -23.537138
     ],
     [
      -47.169755,
      -23.536895
     ],
     [
      -47.169925,
      -23.536655
     ],
     [
      -47.170057,
      -23.536493
     ],
     [
      -47.17027,
      -23.536276
     ],
     [
      -47.170534,
      -23.536045
     ],
     [
      -47.170831,
      -23.535808
     ],
     [
      -47.171122,
      -23.535573
     ],
     [
      -47.17132,
      -23.535431
     ],
     [
      -47.171481,
      -23.535324
     ],
     [
      -47.171655,
      -23.535227
     ],
     [
      -47.171847,
      -23.535145
     ],
     [
      -47.172051,
      -23.535074
     ],
     [
      -47.172295,
      -23.535011
     ],
     [
      -47.172495,
      -23.534981
     ],
     [
      -47.17271,
      -23.534966
     ],
     [
      -47.173003,
      -23.534971
     ],
     [
      -47.173224,
      -23.535003
     ],
     [
      -47.173468,
      -23.535054
     ],
     [
      -47.173702,
      -23.535119
     ],
     [
      -47.174135,
      -23.535265
     ],
     [
      -47.174686,
      -23.535457
     ],
     [
      -47.174895,
      -23.535556
     ],
     [
      -47.175084,
      -23.535664
     ],
     [
      -47.175306,
      -23.535823
     ],
     [
      -47.175555,
      -23.536038
     ],
     [
      -47.175728,
      -23.536217
     ],
     [
      -47.17587,
      -23.536436
     ],
     [
      -47.17599,
      -23.536675
     ],
     [
      -47.176065,
      -23.536847
     ],
     [
      -47.176145,
      -23.537101
     ],
     [
      -47.176244,
      -23.537424
     ],
     [
      -47.176307,
      -23.537629
     ],
     [
      -47.176362,
      -23.537805
     ],
     [
      -47.176438,
      -23.537997
     ],
     [
      -47.176537,
      -23.538195
     ],
     [
      -47.176681,
      -23.538406
     ],
     [
      -47.176821,
      -23.538576
     ],
     [
      -47.176993,
      -23.53875
     ],
     [
      -47.177152,
      -23.538879
     ],
     [
      -47.177357,
      -23.539023
     ],
     [
      -47.177783,
      -23.539273
     ],
     [
      -47.178078,
      -23.539443
     ],
     [
      -47.178319,
      -23.539611
     ],
     [
      -47.178508,
      -23.539772
     ],
     [
      -47.178648,
      -23.539927
     ],
     [
      -47.178805,
      -23.540134
     ],
     [
      -47.178941,
      -23.540384
     ],
     [
      -47.179044,
      -23.540622
     ],
     [
      -47.179122,
      -23.54087
     ],
     [
      -47.179152,
      -23.541082
     ],
     [
      -47.179166,
      -23.541314
     ],
     [
      -47.179172,
      -23.541552
     ],
     [
      -47.179164,
      -23.54174
     ],
     [
      -47.179157,
      -23.54208
     ],
     [
      -47.179162,
      -23.542406
     ],
     [
      -47.179167,
      -23.542526
     ],
     [
      -47.179178,
      -23.542639
     ],
     [
      -47.179209,
      -23.542835
     ],
     [
      -47.179339,
      -23.54297
     ],
     [
      -47.179389,
      -23.543095
     ],
     [
      -47.179444,
      -23.543219
     ],
     [
      -47.17949,
      -23.543303
     ],
     [
      -47.179569,
      -23.54341
     ],
     [
      -47.17967,
      -23.543524
     ],
     [
      -47.179806,
      -23.54366
     ],
     [
      -47.179918,
      -23.543741
     ],
     [
      -47.180028,
      -23.543812
     ],
     [
      -47.180143,
      -23.543871
     ],
     [
      -47.180245,
      -23.543905
     ],
     [
      -47.180334,
      -23.543921
     ],
     [
      -47.180461,
      -23.543926
     ],
     [
      -47.180633,
      -23.543924
     ],
     [
      -47.181579,
      -23.543884
     ],
     [
      -47.182401,
      -23.543856
     ],
     [
      -47.182796,
      -23.544334
     ],
     [
      -47.182999,
      -23.544304
     ],
     [
      -47.183212,
      -23.544282
     ],
     [
      -47.183583,
      -23.544271
     ]
    ]
   }
  },
  {
   "type": "Feature",
   "properties": {
    "id": "sor-mairinque-sorocaba",
    "method": "osm-current",
    "osm_ways": [
     48444525,
     48444528,
     48444880,
     48444908,
     151171211,
     151171212,
     151171213,
     151171214,
     151171215,
     167491092,
     167701797,
     169658602,
     223097007,
     223097009,
     316453934,
     316453935,
     484583096,
     484583101,
     667940195,
     887729950,
     887729951,
     887729954,
     887729955,
     921699941,
     921699943
    ],
    "bridged_gap_m": 0,
    "generated": "2026-10-05"
   },
   "geometry": {
    "type": "LineString",
    "coordinates": [
     [
      -47.183583,
      -23.544271
     ],
     [
      -47.184439,
      -23.544239
     ],
     [
      -47.184643,
      -23.544216
     ],
     [
      -47.184895,
      -23.544163
     ],
     [
      -47.185008,
      -23.544128
     ],
     [
      -47.185113,
      -23.544082
     ],
     [
      -47.185224,
      -23.544025
     ],
     [
      -47.185329,
      -23.543963
     ],
     [
      -47.185525,
      -23.543809
     ],
     [
      -47.185599,
      -23.543733
     ],
     [
      -47.185692,
      -23.54362
     ],
     [
      -47.185797,
      -23.543474
     ],
     [
      -47.185862,
      -23.543367
     ],
     [
      -47.18592,
      -23.543259
     ],
     [
      -47.185973,
      -23.54313
     ],
     [
      -47.186016,
      -23.543001
     ],
     [
      -47.186048,
      -23.542876
     ],
     [
      -47.186075,
      -23.542763
     ],
     [
      -47.1861,
      -23.542642
     ],
     [
      -47.186114,
      -23.542529
     ],
     [
      -47.186124,
      -23.542407
     ],
     [
      -47.186125,
      -23.542282
     ],
     [
      -47.186108,
      -23.54211
     ],
     [
      -47.186067,
      -23.541938
     ],
     [
      -47.185983,
      -23.541691
     ],
     [
      -47.185799,
      -23.541315
     ],
     [
      -47.185674,
      -23.541077
     ],
     [
      -47.185608,
      -23.54093
     ],
     [
      -47.185545,
      -23.540763
     ],
     [
      -47.185478,
      -23.54055
     ],
     [
      -47.185425,
      -23.540284
     ],
     [
      -47.185408,
      -23.540096
     ],
     [
      -47.185417,
      -23.539855
     ],
     [
      -47.185458,
      -23.539604
     ],
     [
      -47.185528,
      -23.539385
     ],
     [
      -47.185594,
      -23.539236
     ],
     [
      -47.185713,
      -23.539022
     ],
     [
      -47.185847,
      -23.538789
     ],
     [
      -47.186207,
      -23.538147
     ],
     [
      -47.186309,
      -23.537994
     ],
     [
      -47.186464,
      -23.537809
     ],
     [
      -47.186614,
      -23.53765
     ],
     [
      -47.186797,
      -23.537493
     ],
     [
      -47.186995,
      -23.53736
     ],
     [
      -47.187172,
      -23.537262
     ],
     [
      -47.187352,
      -23.537177
     ],
     [
      -47.187546,
      -23.537106
     ],
     [
      -47.187865,
      -23.537004
     ],
     [
      -47.188362,
      -23.536854
     ],
     [
      -47.188726,
      -23.536744
     ],
     [
      -47.188984,
      -23.536658
     ],
     [
      -47.189212,
      -23.536541
     ],
     [
      -47.189413,
      -23.536388
     ],
     [
      -47.189669,
      -23.536142
     ],
     [
      -47.18987,
      -23.535909
     ],
     [
      -47.189997,
      -23.535705
     ],
     [
      -47.190103,
      -23.535495
     ],
     [
      -47.190218,
      -23.535168
     ],
     [
      -47.190353,
      -23.534665
     ],
     [
      -47.190496,
      -23.534173
     ],
     [
      -47.190577,
      -23.533951
     ],
     [
      -47.190689,
      -23.53374
     ],
     [
      -47.190869,
      -23.533522
     ],
     [
      -47.191067,
      -23.533301
     ],
     [
      -47.191227,
      -23.533141
     ],
     [
      -47.191433,
      -23.53299
     ],
     [
      -47.191696,
      -23.532831
     ],
     [
      -47.191948,
      -23.532702
     ],
     [
      -47.192578,
      -23.532334
     ],
     [
      -47.192849,
      -23.532213
     ],
     [
      -47.193085,
      -23.532141
     ],
     [
      -47.193359,
      -23.532095
     ],
     [
      -47.193658,
      -23.532066
     ],
     [
      -47.193931,
      -23.532066
     ],
     [
      -47.194403,
      -23.532089
     ],
     [
      -47.194858,
      -23.532121
     ],
     [
      -47.195179,
      -23.53213
     ],
     [
      -47.195457,
      -23.532114
     ],
     [
      -47.195732,
      -23.532066
     ],
     [
      -47.196023,
      -23.531993
     ],
     [
      -47.196253,
      -23.531894
     ],
     [
      -47.196512,
      -23.53176
     ],
     [
      -47.197035,
      -23.531434
     ],
     [
      -47.198446,
      -23.530594
     ],
     [
      -47.198658,
      -23.53049
     ],
     [
      -47.198857,
      -23.530411
     ],
     [
      -47.199076,
      -23.530346
     ],
     [
      -47.199356,
      -23.5303
     ],
     [
      -47.19965,
      -23.530271
     ],
     [
      -47.199934,
      -23.530284
     ],
     [
      -47.200211,
      -23.530323
     ],
     [
      -47.200515,
      -23.530408
     ],
     [
      -47.200746,
      -23.530506
     ],
     [
      -47.201461,
      -23.530855
     ],
     [
      -47.201732,
      -23.53099
     ],
     [
      -47.201969,
      -23.531099
     ],
     [
      -47.202186,
      -23.53117
     ],
     [
      -47.202461,
      -23.531243
     ],
     [
      -47.20273,
      -23.531285
     ],
     [
      -47.202998,
      -23.531294
     ],
     [
      -47.204055,
      -23.53124
     ],
     [
      -47.204885,
      -23.531175
     ],
     [
      -47.205123,
      -23.531172
     ],
     [
      -47.205332,
      -23.531188
     ],
     [
      -47.205589,
      -23.53123
     ],
     [
      -47.206457,
      -23.531392
     ],
     [
      -47.208363,
      -23.531776
     ],
     [
      -47.208792,
      -23.531881
     ],
     [
      -47.209105,
      -23.532008
     ],
     [
      -47.209745,
      -23.532315
     ],
     [
      -47.210364,
      -23.532621
     ],
     [
      -47.210627,
      -23.53273
     ],
     [
      -47.210972,
      -23.532836
     ],
     [
      -47.211368,
      -23.53291
     ],
     [
      -47.21324,
      -23.533245
     ],
     [
      -47.213477,
      -23.533279
     ],
     [
      -47.213726,
      -23.533311
     ],
     [
      -47.214016,
      -23.533362
     ],
     [
      -47.214316,
      -23.533401
     ],
     [
      -47.21463,
      -23.53345
     ],
     [
      -47.217064,
      -23.533895
     ],
     [
      -47.21841,
      -23.534153
     ],
     [
      -47.218593,
      -23.534198
     ],
     [
      -47.218784,
      -23.534266
     ],
     [
      -47.219033,
      -23.534376
     ],
     [
      -47.219194,
      -23.534454
     ],
     [
      -47.219443,
      -23.534596
     ],
     [
      -47.219646,
      -23.534705
     ],
     [
      -47.219918,
      -23.534857
     ],
     [
      -47.220498,
      -23.535177
     ],
     [
      -47.220738,
      -23.535302
     ],
     [
      -47.221021,
      -23.535431
     ],
     [
      -47.2213,
      -23.535546
     ],
     [
      -47.221643,
      -23.535662
     ],
     [
      -47.222171,
      -23.53581
     ],
     [
      -47.222865,
      -23.535977
     ],
     [
      -47.223295,
      -23.536097
     ],
     [
      -47.223639,
      -23.536204
     ],
     [
      -47.223883,
      -23.536292
     ],
     [
      -47.22415,
      -23.536406
     ],
     [
      -47.224416,
      -23.536536
     ],
     [
      -47.22503,
      -23.536856
     ],
     [
      -47.225795,
      -23.537259
     ],
     [
      -47.226045,
      -23.537399
     ],
     [
      -47.226328,
      -23.537578
     ],
     [
      -47.226517,
      -23.537705
     ],
     [
      -47.226764,
      -23.537907
     ],
     [
      -47.226988,
      -23.538099
     ],
     [
      -47.227196,
      -23.538311
     ],
     [
      -47.22744,
      -23.538577
     ],
     [
      -47.227586,
      -23.53877
     ],
     [
      -47.22789,
      -23.539173
     ],
     [
      -47.228302,
      -23.539727
     ],
     [
      -47.228471,
      -23.539915
     ],
     [
      -47.228673,
      -23.540114
     ],
     [
      -47.228917,
      -23.540335
     ],
     [
      -47.229523,
      -23.540845
     ],
     [
      -47.230736,
      -23.541803
     ],
     [
      -47.232463,
      -23.543182
     ],
     [
      -47.233951,
      -23.544379
     ],
     [
      -47.23426,
      -23.544617
     ],
     [
      -47.234513,
      -23.544799
     ],
     [
      -47.2347,
      -23.544901
     ],
     [
      -47.23492,
      -23.545003
     ],
     [
      -47.235192,
      -23.545105
     ],
     [
      -47.236024,
      -23.545389
     ],
     [
      -47.236362,
      -23.545477
     ],
     [
      -47.236615,
      -23.545531
     ],
     [
      -47.236872,
      -23.545579
     ],
     [
      -47.237896,
      -23.545759
     ],
     [
      -47.238283,
      -23.545843
     ],
     [
      -47.238676,
      -23.545977
     ],
     [
      -47.24093,
      -23.54675
     ],
     [
      -47.241671,
      -23.54698
     ],
     [
      -47.242275,
      -23.54712
     ],
     [
      -47.242638,
      -23.547202
     ],
     [
      -47.243402,
      -23.547405
     ],
     [
      -47.243812,
      -23.547493
     ],
     [
      -47.244176,
      -23.547529
     ],
     [
      -47.244541,
      -23.547505
     ],
     [
      -47.244905,
      -23.54745
     ],
     [
      -47.245188,
      -23.547387
     ],
     [
      -47.245488,
      -23.547269
     ],
     [
      -47.246105,
      -23.546899
     ],
     [
      -47.246769,
      -23.546459
     ],
     [
      -47.247005,
      -23.54631
     ],
     [
      -47.247656,
      -23.545933
     ],
     [
      -47.247891,
      -23.545788
     ],
     [
      -47.248045,
      -23.545682
     ],
     [
      -47.248249,
      -23.545519
     ],
     [
      -47.24843,
      -23.545338
     ],
     [
      -47.248588,
      -23.545139
     ],
     [
      -47.248722,
      -23.544926
     ],
     [
      -47.248828,
      -23.5447
     ],
     [
      -47.248907,
      -23.544464
     ],
     [
      -47.249075,
      -23.543843
     ],
     [
      -47.249135,
      -23.543652
     ],
     [
      -47.249215,
      -23.543465
     ],
     [
      -47.249313,
      -23.543287
     ],
     [
      -47.249429,
      -23.543117
     ],
     [
      -47.249562,
      -23.542959
     ],
     [
      -47.249711,
      -23.542812
     ],
     [
      -47.249873,
      -23.542679
     ],
     [
      -47.250049,
      -23.54256
     ],
     [
      -47.250236,
      -23.542457
     ],
     [
      -47.250433,
      -23.54237
     ],
     [
      -47.250637,
      -23.542301
     ],
     [
      -47.250848,
      -23.542249
     ],
     [
      -47.251063,
      -23.542216
     ],
     [
      -47.251281,
      -23.542201
     ],
     [
      -47.251499,
      -23.542205
     ],
     [
      -47.251714,
      -23.542227
     ],
     [
      -47.252472,
      -23.542305
     ],
     [
      -47.252689,
      -23.542329
     ],
     [
      -47.252906,
      -23.542334
     ],
     [
      -47.253122,
      -23.542322
     ],
     [
      -47.253336,
      -23.542291
     ],
     [
      -47.253547,
      -23.542244
     ],
     [
      -47.253751,
      -23.542179
     ],
     [
      -47.253949,
      -23.542097
     ],
     [
      -47.254138,
      -23.541999
     ],
     [
      -47.254316,
      -23.541886
     ],
     [
      -47.254483,
      -23.541759
     ],
     [
      -47.254636,
      -23.541619
     ],
     [
      -47.254775,
      -23.541466
     ],
     [
      -47.254898,
      -23.541303
     ],
     [
      -47.255005,
      -23.54113
     ],
     [
      -47.255094,
      -23.540949
     ],
     [
      -47.255165,
      -23.540761
     ],
     [
      -47.255218,
      -23.540567
     ],
     [
      -47.255306,
      -23.540228
     ],
     [
      -47.255478,
      -23.539546
     ],
     [
      -47.255547,
      -23.539351
     ],
     [
      -47.255635,
      -23.539161
     ],
     [
      -47.25574,
      -23.53898
     ],
     [
      -47.255863,
      -23.538808
     ],
     [
      -47.256002,
      -23.538646
     ],
     [
      -47.256157,
      -23.538497
     ],
     [
      -47.256325,
      -23.53836
     ],
     [
      -47.256505,
      -23.538238
     ],
     [
      -47.256696,
      -23.538131
     ],
     [
      -47.256875,
      -23.538044
     ],
     [
      -47.257075,
      -23.537954
     ],
     [
      -47.25724,
      -23.537879
     ],
     [
      -47.257382,
      -23.537811
     ],
     [
      -47.257554,
      -23.537716
     ],
     [
      -47.257716,
      -23.537615
     ],
     [
      -47.257892,
      -23.5375
     ],
     [
      -47.258077,
      -23.537369
     ],
     [
      -47.2582,
      -23.53727
     ],
     [
      -47.258391,
      -23.537129
     ],
     [
      -47.258987,
      -23.536647
     ],
     [
      -47.259422,
      -23.536296
     ],
     [
      -47.259529,
      -23.536215
     ],
     [
      -47.259664,
      -23.536124
     ],
     [
      -47.259835,
      -23.536025
     ],
     [
      -47.260006,
      -23.535946
     ],
     [
      -47.26021,
      -23.535869
     ],
     [
      -47.260368,
      -23.535821
     ],
     [
      -47.260523,
      -23.535778
     ],
     [
      -47.260697,
      -23.535742
     ],
     [
      -47.260871,
      -23.535715
     ],
     [
      -47.261046,
      -23.535697
     ],
     [
      -47.261222,
      -23.535689
     ],
     [
      -47.261398,
      -23.535693
     ],
     [
      -47.261573,
      -23.535708
     ],
     [
      -47.261747,
      -23.535735
     ],
     [
      -47.261918,
      -23.535773
     ],
     [
      -47.262085,
      -23.535822
     ],
     [
      -47.262119,
      -23.535834
     ],
     [
      -47.262143,
      -23.535843
     ],
     [
      -47.262248,
      -23.535881
     ],
     [
      -47.262949,
      -23.53614
     ],
     [
      -47.263037,
      -23.536174
     ],
     [
      -47.263145,
      -23.536215
     ],
     [
      -47.263345,
      -23.536274
     ],
     [
      -47.263549,
      -23.536316
     ],
     [
      -47.263757,
      -23.536341
     ],
     [
      -47.263967,
      -23.536349
     ],
     [
      -47.264177,
      -23.536341
     ],
     [
      -47.264385,
      -23.536315
     ],
     [
      -47.264589,
      -23.536273
     ],
     [
      -47.264789,
      -23.536215
     ],
     [
      -47.264983,
      -23.53614
     ],
     [
      -47.265168,
      -23.536051
     ],
     [
      -47.265344,
      -23.535946
     ],
     [
      -47.265511,
      -23.535827
     ],
     [
      -47.266443,
      -23.535104
     ],
     [
      -47.266614,
      -23.534982
     ],
     [
      -47.266794,
      -23.534873
     ],
     [
      -47.266984,
      -23.534777
     ],
     [
      -47.267182,
      -23.534695
     ],
     [
      -47.267386,
      -23.534628
     ],
     [
      -47.267595,
      -23.534577
     ],
     [
      -47.268989,
      -23.534296
     ],
     [
      -47.269201,
      -23.534244
     ],
     [
      -47.269403,
      -23.534184
     ],
     [
      -47.269586,
      -23.534122
     ],
     [
      -47.269759,
      -23.534056
     ],
     [
      -47.27018,
      -23.533881
     ],
     [
      -47.270254,
      -23.53385
     ],
     [
      -47.272204,
      -23.533037
     ],
     [
      -47.272444,
      -23.532916
     ],
     [
      -47.272639,
      -23.532799
     ],
     [
      -47.272872,
      -23.53263
     ],
     [
      -47.27302,
      -23.532494
     ],
     [
      -47.273127,
      -23.532378
     ],
     [
      -47.273241,
      -23.532214
     ],
     [
      -47.274013,
      -23.53073
     ],
     [
      -47.27406,
      -23.530589
     ],
     [
      -47.27409,
      -23.530376
     ],
     [
      -47.274136,
      -23.529875
     ],
     [
      -47.274151,
      -23.529527
     ],
     [
      -47.27416,
      -23.529155
     ],
     [
      -47.274157,
      -23.528736
     ],
     [
      -47.27413,
      -23.52779
     ],
     [
      -47.27413,
      -23.527577
     ],
     [
      -47.274151,
      -23.527299
     ],
     [
      -47.274194,
      -23.526998
     ],
     [
      -47.27428,
      -23.526328
     ],
     [
      -47.274301,
      -23.526106
     ],
     [
      -47.274304,
      -23.525875
     ],
     [
      -47.274274,
      -23.525645
     ],
     [
      -47.274213,
      -23.525291
     ],
     [
      -47.274115,
      -23.524737
     ],
     [
      -47.273956,
      -23.523919
     ],
     [
      -47.273868,
      -23.523619
     ],
     [
      -47.273757,
      -23.523366
     ],
     [
      -47.273606,
      -23.523113
     ],
     [
      -47.273419,
      -23.522883
     ],
     [
      -47.273187,
      -23.522621
     ],
     [
      -47.272825,
      -23.522244
     ],
     [
      -47.272461,
      -23.521804
     ],
     [
      -47.272328,
      -23.521573
     ],
     [
      -47.272222,
      -23.521283
     ],
     [
      -47.272143,
      -23.520981
     ],
     [
      -47.272099,
      -23.520637
     ],
     [
      -47.272126,
      -23.520336
     ],
     [
      -47.272192,
      -23.520045
     ],
     [
      -47.272297,
      -23.519768
     ],
     [
      -47.272433,
      -23.519505
     ],
     [
      -47.272583,
      -23.519284
     ],
     [
      -47.272764,
      -23.519091
     ],
     [
      -47.272936,
      -23.518932
     ],
     [
      -47.27323,
      -23.518734
     ],
     [
      -47.273559,
      -23.518567
     ],
     [
      -47.27384,
      -23.518474
     ],
     [
      -47.274164,
      -23.518421
     ],
     [
      -47.274464,
      -23.518409
     ],
     [
      -47.274778,
      -23.518421
     ],
     [
      -47.275116,
      -23.518483
     ],
     [
      -47.275402,
      -23.518576
     ],
     [
      -47.275664,
      -23.518688
     ],
     [
      -47.275901,
      -23.518804
     ],
     [
      -47.278019,
      -23.519836
     ],
     [
      -47.278404,
      -23.520016
     ],
     [
      -47.278726,
      -23.520134
     ],
     [
      -47.279071,
      -23.520234
     ],
     [
      -47.279398,
      -23.520292
     ],
     [
      -47.279668,
      -23.52031
     ],
     [
      -47.281111,
      -23.520368
     ],
     [
      -47.281612,
      -23.520427
     ],
     [
      -47.281975,
      -23.520533
     ],
     [
      -47.282257,
      -23.520651
     ],
     [
      -47.282503,
      -23.520791
     ],
     [
      -47.282706,
      -23.52094
     ],
     [
      -47.282905,
      -23.521133
     ],
     [
      -47.283126,
      -23.521388
     ],
     [
      -47.2836,
      -23.521963
     ],
     [
      -47.283745,
      -23.522114
     ],
     [
      -47.283962,
      -23.522292
     ],
     [
      -47.284197,
      -23.522439
     ],
     [
      -47.284481,
      -23.522575
     ],
     [
      -47.284793,
      -23.522681
     ],
     [
      -47.285082,
      -23.522745
     ],
     [
      -47.285357,
      -23.522769
     ],
     [
      -47.285637,
      -23.522763
     ],
     [
      -47.285928,
      -23.522742
     ],
     [
      -47.286202,
      -23.522685
     ],
     [
      -47.286447,
      -23.522608
     ],
     [
      -47.286519,
      -23.522582
     ],
     [
      -47.287338,
      -23.522276
     ],
     [
      -47.28767,
      -23.522166
     ],
     [
      -47.287943,
      -23.522107
     ],
     [
      -47.288205,
      -23.522091
     ],
     [
      -47.288459,
      -23.522078
     ],
     [
      -47.288709,
      -23.522103
     ],
     [
      -47.288963,
      -23.522158
     ],
     [
      -47.289283,
      -23.522256
     ],
     [
      -47.289611,
      -23.52237
     ],
     [
      -47.289912,
      -23.52247
     ],
     [
      -47.2901,
      -23.522519
     ],
     [
      -47.290413,
      -23.522583
     ],
     [
      -47.290669,
      -23.522616
     ],
     [
      -47.291339,
      -23.52268
     ],
     [
      -47.293249,
      -23.522853
     ],
     [
      -47.294277,
      -23.522961
     ],
     [
      -47.294556,
      -23.522983
     ],
     [
      -47.294845,
      -23.522974
     ],
     [
      -47.295232,
      -23.522905
     ],
     [
      -47.29552,
      -23.522817
     ],
     [
      -47.295797,
      -23.522706
     ],
     [
      -47.29599,
      -23.522615
     ],
     [
      -47.296213,
      -23.522483
     ],
     [
      -47.296351,
      -23.522379
     ],
     [
      -47.296998,
      -23.521911
     ],
     [
      -47.297304,
      -23.521697
     ],
     [
      -47.297579,
      -23.521539
     ],
     [
      -47.297767,
      -23.521459
     ],
     [
      -47.298276,
      -23.521257
     ],
     [
      -47.298577,
      -23.521147
     ],
     [
      -47.298869,
      -23.521071
     ],
     [
      -47.299077,
      -23.521037
     ],
     [
      -47.299278,
      -23.521013
     ],
     [
      -47.299506,
      -23.521015
     ],
     [
      -47.299757,
      -23.521032
     ],
     [
      -47.299993,
      -23.521069
     ],
     [
      -47.30027,
      -23.521139
     ],
     [
      -47.300454,
      -23.521214
     ],
     [
      -47.30064,
      -23.521305
     ],
     [
      -47.300822,
      -23.52142
     ],
     [
      -47.30101,
      -23.521554
     ],
     [
      -47.301233,
      -23.521755
     ],
     [
      -47.301428,
      -23.521994
     ],
     [
      -47.301714,
      -23.522424
     ],
     [
      -47.301982,
      -23.522879
     ],
     [
      -47.30208,
      -23.523041
     ],
     [
      -47.302208,
      -23.523202
     ],
     [
      -47.302363,
      -23.523386
     ],
     [
      -47.302526,
      -23.523542
     ],
     [
      -47.302794,
      -23.523734
     ],
     [
      -47.303002,
      -23.523853
     ],
     [
      -47.303242,
      -23.523957
     ],
     [
      -47.303455,
      -23.524027
     ],
     [
      -47.30368,
      -23.524081
     ],
     [
      -47.303953,
      -23.524117
     ],
     [
      -47.304251,
      -23.524109
     ],
     [
      -47.304485,
      -23.524089
     ],
     [
      -47.30478,
      -23.524033
     ],
     [
      -47.305024,
      -23.523936
     ],
     [
      -47.305327,
      -23.523799
     ],
     [
      -47.305501,
      -23.523697
     ],
     [
      -47.306542,
      -23.523037
     ],
     [
      -47.308006,
      -23.522078
     ],
     [
      -47.309071,
      -23.521346
     ],
     [
      -47.309285,
      -23.521171
     ],
     [
      -47.309437,
      -23.521017
     ],
     [
      -47.309554,
      -23.520879
     ],
     [
      -47.30969,
      -23.520701
     ],
     [
      -47.309963,
      -23.520313
     ],
     [
      -47.310127,
      -23.520108
     ],
     [
      -47.310242,
      -23.519965
     ],
     [
      -47.310426,
      -23.519792
     ],
     [
      -47.310582,
      -23.519664
     ],
     [
      -47.310796,
      -23.519528
     ],
     [
      -47.310965,
      -23.519428
     ],
     [
      -47.311147,
      -23.519357
     ],
     [
      -47.311331,
      -23.5193
     ],
     [
      -47.311565,
      -23.519248
     ],
     [
      -47.311831,
      -23.519222
     ],
     [
      -47.312061,
      -23.519222
     ],
     [
      -47.312351,
      -23.519242
     ],
     [
      -47.312669,
      -23.519298
     ],
     [
      -47.312963,
      -23.519383
     ],
     [
      -47.313208,
      -23.519502
     ],
     [
      -47.313453,
      -23.519647
     ],
     [
      -47.313897,
      -23.519995
     ],
     [
      -47.314203,
      -23.520249
     ],
     [
      -47.31436,
      -23.520368
     ],
     [
      -47.314557,
      -23.520491
     ],
     [
      -47.314689,
      -23.520558
     ],
     [
      -47.315386,
      -23.520875
     ],
     [
      -47.31583,
      -23.521043
     ],
     [
      -47.31627,
      -23.521127
     ],
     [
      -47.316644,
      -23.521139
     ],
     [
      -47.317001,
      -23.521091
     ],
     [
      -47.317427,
      -23.520975
     ],
     [
      -47.318491,
      -23.52051
     ],
     [
      -47.318829,
      -23.520362
     ],
     [
      -47.319145,
      -23.520276
     ],
     [
      -47.319487,
      -23.520224
     ],
     [
      -47.319833,
      -23.520219
     ],
     [
      -47.320043,
      -23.52024
     ],
     [
      -47.32023,
      -23.52028
     ],
     [
      -47.320441,
      -23.520338
     ],
     [
      -47.320717,
      -23.520436
     ],
     [
      -47.321491,
      -23.520811
     ],
     [
      -47.324544,
      -23.522246
     ],
     [
      -47.324967,
      -23.522433
     ],
     [
      -47.325236,
      -23.52254
     ],
     [
      -47.325494,
      -23.522629
     ],
     [
      -47.325732,
      -23.522693
     ],
     [
      -47.325993,
      -23.522723
     ],
     [
      -47.326155,
      -23.522733
     ],
     [
      -47.326522,
      -23.522723
     ],
     [
      -47.326874,
      -23.522702
     ],
     [
      -47.327444,
      -23.522693
     ],
     [
      -47.327695,
      -23.522727
     ],
     [
      -47.327966,
      -23.52279
     ],
     [
      -47.328301,
      -23.522922
     ],
     [
      -47.328968,
      -23.523251
     ],
     [
      -47.329347,
      -23.523435
     ],
     [
      -47.329505,
      -23.523483
     ],
     [
      -47.329706,
      -23.523541
     ],
     [
      -47.329921,
      -23.523587
     ],
     [
      -47.330181,
      -23.523602
     ],
     [
      -47.331075,
      -23.523585
     ],
     [
      -47.331477,
      -23.52358
     ],
     [
      -47.331672,
      -23.523585
     ],
     [
      -47.331902,
      -23.523608
     ],
     [
      -47.332126,
      -23.523656
     ],
     [
      -47.332913,
      -23.52384
     ],
     [
      -47.33337,
      -23.523966
     ],
     [
      -47.333517,
      -23.52402
     ],
     [
      -47.333751,
      -23.52413
     ],
     [
      -47.333937,
      -23.524232
     ],
     [
      -47.334097,
      -23.524346
     ],
     [
      -47.334288,
      -23.5245
     ],
     [
      -47.334456,
      -23.524663
     ],
     [
      -47.33492,
      -23.525239
     ],
     [
      -47.335333,
      -23.525751
     ],
     [
      -47.335672,
      -23.526114
     ],
     [
      -47.336059,
      -23.526361
     ],
     [
      -47.336318,
      -23.526465
     ],
     [
      -47.336517,
      -23.526526
     ],
     [
      -47.336949,
      -23.526624
     ],
     [
      -47.337261,
      -23.52667
     ],
     [
      -47.337528,
      -23.526697
     ],
     [
      -47.339432,
      -23.526838
     ],
     [
      -47.339926,
      -23.526857
     ],
     [
      -47.340275,
      -23.526879
     ],
     [
      -47.340519,
      -23.526879
     ],
     [
      -47.340643,
      -23.526866
     ],
     [
      -47.340844,
      -23.526831
     ],
     [
      -47.341093,
      -23.526769
     ],
     [
      -47.341277,
      -23.526712
     ],
     [
      -47.341492,
      -23.526626
     ],
     [
      -47.341877,
      -23.526397
     ],
     [
      -47.342282,
      -23.526006
     ],
     [
      -47.342507,
      -23.525777
     ],
     [
      -47.342806,
      -23.525469
     ],
     [
      -47.34305,
      -23.525238
     ],
     [
      -47.34325,
      -23.525076
     ],
     [
      -47.343438,
      -23.524959
     ],
     [
      -47.343556,
      -23.524889
     ],
     [
      -47.343908,
      -23.524713
     ],
     [
      -47.34459,
      -23.524374
     ],
     [
      -47.344838,
      -23.524215
     ],
     [
      -47.345025,
      -23.524066
     ],
     [
      -47.345202,
      -23.523888
     ],
     [
      -47.345333,
      -23.523711
     ],
     [
      -47.345516,
      -23.523421
     ],
     [
      -47.345656,
      -23.523108
     ],
     [
      -47.345787,
      -23.5225
     ],
     [
      -47.345857,
      -23.521972
     ],
     [
      -47.345928,
      -23.521677
     ],
     [
      -47.346048,
      -23.521425
     ],
     [
      -47.346189,
      -23.521186
     ],
     [
      -47.346277,
      -23.521047
     ],
     [
      -47.346472,
      -23.520839
     ],
     [
      -47.34681,
      -23.520561
     ],
     [
      -47.347385,
      -23.520089
     ],
     [
      -47.347675,
      -23.519818
     ],
     [
      -47.348511,
      -23.51892
     ],
     [
      -47.349913,
      -23.517415
     ],
     [
      -47.351194,
      -23.516088
     ],
     [
      -47.35175,
      -23.515481
     ],
     [
      -47.35196,
      -23.51513
     ],
     [
      -47.352113,
      -23.514839
     ],
     [
      -47.352251,
      -23.51443
     ],
     [
      -47.352401,
      -23.513722
     ],
     [
      -47.352459,
      -23.513278
     ],
     [
      -47.352536,
      -23.513033
     ],
     [
      -47.35262,
      -23.512818
     ],
     [
      -47.352777,
      -23.512563
     ],
     [
      -47.352936,
      -23.512339
     ],
     [
      -47.353194,
      -23.512065
     ],
     [
      -47.35338,
      -23.511906
     ],
     [
      -47.353611,
      -23.511754
     ],
     [
      -47.353917,
      -23.511614
     ],
     [
      -47.354221,
      -23.511521
     ],
     [
      -47.354504,
      -23.511462
     ],
     [
      -47.354817,
      -23.511432
     ],
     [
      -47.355153,
      -23.511444
     ],
     [
      -47.35596,
      -23.511542
     ],
     [
      -47.356284,
      -23.511558
     ],
     [
      -47.356553,
      -23.511551
     ],
     [
      -47.356894,
      -23.511502
     ],
     [
      -47.357107,
      -23.511448
     ],
     [
      -47.357315,
      -23.511371
     ],
     [
      -47.357612,
      -23.511231
     ],
     [
      -47.357855,
      -23.511067
     ],
     [
      -47.358022,
      -23.510915
     ],
     [
      -47.358193,
      -23.510733
     ],
     [
      -47.358511,
      -23.510384
     ],
     [
      -47.358845,
      -23.510054
     ],
     [
      -47.359037,
      -23.509882
     ],
     [
      -47.359255,
      -23.509743
     ],
     [
      -47.359615,
      -23.509558
     ],
     [
      -47.361879,
      -23.508565
     ],
     [
      -47.363617,
      -23.507749
     ],
     [
      -47.364452,
      -23.507365
     ],
     [
      -47.36537,
      -23.506961
     ],
     [
      -47.365566,
      -23.506906
     ],
     [
      -47.367063,
      -23.506321
     ],
     [
      -47.367803,
      -23.506037
     ],
     [
      -47.368484,
      -23.505693
     ],
     [
      -47.368914,
      -23.505422
     ],
     [
      -47.369315,
      -23.50511
     ],
     [
      -47.369585,
      -23.504727
     ],
     [
      -47.369731,
      -23.504423
     ],
     [
      -47.370038,
      -23.503891
     ],
     [
      -47.370253,
      -23.503567
     ],
     [
      -47.370425,
      -23.503339
     ],
     [
      -47.37055,
      -23.503181
     ],
     [
      -47.370831,
      -23.502926
     ],
     [
      -47.37115,
      -23.502675
     ],
     [
      -47.371451,
      -23.50248
     ],
     [
      -47.371854,
      -23.502252
     ],
     [
      -47.372654,
      -23.501802
     ],
     [
      -47.374567,
      -23.500729
     ],
     [
      -47.377565,
      -23.499006
     ],
     [
      -47.379204,
      -23.498094
     ],
     [
      -47.379521,
      -23.497899
     ],
     [
      -47.379788,
      -23.497681
     ],
     [
      -47.380109,
      -23.497337
     ],
     [
      -47.380466,
      -23.496971
     ],
     [
      -47.380823,
      -23.49665
     ],
     [
      -47.381186,
      -23.496392
     ],
     [
      -47.38153,
      -23.496194
     ],
     [
      -47.38236,
      -23.495738
     ],
     [
      -47.384888,
      -23.494341
     ],
     [
      -47.385082,
      -23.494241
     ],
     [
      -47.385328,
      -23.494152
     ],
     [
      -47.385566,
      -23.494086
     ],
     [
      -47.385863,
      -23.494037
     ],
     [
      -47.386115,
      -23.49403
     ],
     [
      -47.386337,
      -23.494047
     ],
     [
      -47.386783,
      -23.49411
     ],
     [
      -47.387319,
      -23.494234
     ],
     [
      -47.387716,
      -23.494315
     ],
     [
      -47.387961,
      -23.49435
     ],
     [
      -47.388309,
      -23.49435
     ],
     [
      -47.388522,
      -23.494329
     ],
     [
      -47.388756,
      -23.494283
     ],
     [
      -47.388961,
      -23.49422
     ],
     [
      -47.389282,
      -23.494084
     ],
     [
      -47.389513,
      -23.493942
     ],
     [
      -47.389873,
      -23.493666
     ],
     [
      -47.390063,
      -23.493461
     ],
     [
      -47.390172,
      -23.493306
     ],
     [
      -47.3903,
      -23.493072
     ],
     [
      -47.390618,
      -23.492317
     ],
     [
      -47.390812,
      -23.491855
     ],
     [
      -47.390898,
      -23.49165
     ],
     [
      -47.391051,
      -23.491367
     ],
     [
      -47.391222,
      -23.491181
     ],
     [
      -47.39141,
      -23.490993
     ],
     [
      -47.391718,
      -23.490778
     ],
     [
      -47.395485,
      -23.488544
     ],
     [
      -47.395895,
      -23.488293
     ],
     [
      -47.396325,
      -23.488032
     ],
     [
      -47.396543,
      -23.487843
     ],
     [
      -47.396699,
      -23.48769
     ],
     [
      -47.396949,
      -23.487361
     ],
     [
      -47.397336,
      -23.486591
     ],
     [
      -47.397693,
      -23.48594
     ],
     [
      -47.397927,
      -23.485629
     ],
     [
      -47.398228,
      -23.485352
     ],
     [
      -47.398542,
      -23.48513
     ],
     [
      -47.398906,
      -23.484965
     ],
     [
      -47.400525,
      -23.484261
     ],
     [
      -47.401173,
      -23.48399
     ],
     [
      -47.401516,
      -23.483917
     ],
     [
      -47.402032,
      -23.483861
     ],
     [
      -47.403803,
      -23.483732
     ],
     [
      -47.404467,
      -23.483683
     ],
     [
      -47.404804,
      -23.483693
     ],
     [
      -47.405132,
      -23.483749
     ],
     [
      -47.405399,
      -23.483825
     ],
     [
      -47.405683,
      -23.483917
     ],
     [
      -47.405971,
      -23.48404
     ],
     [
      -47.406222,
      -23.484198
     ],
     [
      -47.406496,
      -23.48439
     ],
     [
      -47.407736,
      -23.485405
     ],
     [
      -47.40882,
      -23.486323
     ],
     [
      -47.40966,
      -23.487013
     ],
     [
      -47.409687,
      -23.487035
     ],
     [
      -47.410177,
      -23.487437
     ],
     [
      -47.410458,
      -23.487605
     ],
     [
      -47.410878,
      -23.487778
     ],
     [
      -47.411266,
      -23.487853
     ],
     [
      -47.411579,
      -23.487857
     ],
     [
      -47.411967,
      -23.487848
     ],
     [
      -47.412481,
      -23.487815
     ],
     [
      -47.412799,
      -23.487792
     ],
     [
      -47.413206,
      -23.487839
     ],
     [
      -47.413935,
      -23.487932
     ],
     [
      -47.414524,
      -23.487974
     ],
     [
      -47.414902,
      -23.487932
     ],
     [
      -47.415445,
      -23.487792
     ],
     [
      -47.415828,
      -23.4876
     ],
     [
      -47.41616,
      -23.487385
     ],
     [
      -47.416445,
      -23.48711
     ],
     [
      -47.416613,
      -23.486853
     ],
     [
      -47.416837,
      -23.486431
     ],
     [
      -47.417105,
      -23.485663
     ],
     [
      -47.417298,
      -23.485329
     ],
     [
      -47.417732,
      -23.484917
     ],
     [
      -47.418269,
      -23.484579
     ],
     [
      -47.418468,
      -23.484522
     ],
     [
      -47.418906,
      -23.484371
     ],
     [
      -47.4192,
      -23.484345
     ],
     [
      -47.419625,
      -23.48435
     ],
     [
      -47.420019,
      -23.484423
     ],
     [
      -47.420408,
      -23.484562
     ],
     [
      -47.421036,
      -23.484835
     ],
     [
      -47.421573,
      -23.484982
     ],
     [
      -47.42195,
      -23.485025
     ],
     [
      -47.422383,
      -23.485008
     ],
     [
      -47.422829,
      -23.484913
     ],
     [
      -47.423206,
      -23.484748
     ],
     [
      -47.423982,
      -23.484295
     ],
     [
      -47.424401,
      -23.484021
     ],
     [
      -47.424816,
      -23.483852
     ],
     [
      -47.425185,
      -23.483743
     ],
     [
      -47.425579,
      -23.483687
     ],
     [
      -47.42589,
      -23.4837
     ],
     [
      -47.426237,
      -23.483739
     ],
     [
      -47.426622,
      -23.483865
     ],
     [
      -47.427003,
      -23.484055
     ],
     [
      -47.427293,
      -23.484237
     ],
     [
      -47.427842,
      -23.484649
     ],
     [
      -47.428177,
      -23.4849
     ],
     [
      -47.428555,
      -23.485176
     ],
     [
      -47.428653,
      -23.48525
     ],
     [
      -47.429012,
      -23.485525
     ],
     [
      -47.4291,
      -23.485592
     ],
     [
      -47.429307,
      -23.48575
     ],
     [
      -47.42939,
      -23.485813
     ],
     [
      -47.430047,
      -23.48632
     ],
     [
      -47.430792,
      -23.486818
     ],
     [
      -47.432758,
      -23.487926
     ],
     [
      -47.435674,
      -23.489506
     ],
     [
      -47.438097,
      -23.490819
     ],
     [
      -47.43921,
      -23.491425
     ],
     [
      -47.440331,
      -23.492053
     ],
     [
      -47.440751,
      -23.492295
     ],
     [
      -47.441067,
      -23.492555
     ],
     [
      -47.441297,
      -23.492858
     ],
     [
      -47.441713,
      -23.493659
     ],
     [
      -47.442003,
      -23.494274
     ],
     [
      -47.442176,
      -23.494647
     ],
     [
      -47.44302,
      -23.496416
     ],
     [
      -47.443152,
      -23.496626
     ],
     [
      -47.443334,
      -23.496864
     ],
     [
      -47.443567,
      -23.497092
     ],
     [
      -47.443868,
      -23.497315
     ],
     [
      -47.444074,
      -23.497429
     ],
     [
      -47.444271,
      -23.497523
     ],
     [
      -47.444552,
      -23.4976
     ],
     [
      -47.444901,
      -23.497663
     ],
     [
      -47.445501,
      -23.497685
     ],
     [
      -47.446406,
      -23.497724
     ],
     [
      -47.446882,
      -23.497704
     ],
     [
      -47.447372,
      -23.497609
     ],
     [
      -47.447457,
      -23.49759
     ],
     [
      -47.449151,
      -23.497232
     ],
     [
      -47.450186,
      -23.497005
     ],
     [
      -47.451142,
      -23.49679
     ],
     [
      -47.453535,
      -23.496258
     ],
     [
      -47.454229,
      -23.49611
     ]
    ]
   }
  },
  {
   "type": "Feature",
   "properties": {
    "id": "sor-sorocaba-ipanema-original",
    "method": "osm-old",
    "osm_ways": [
     48444908,
     154952763,
     154952764,
     154952766,
     154952769,
     154952770,
     156720376,
     167702429,
     168512337,
     168617173,
     170405876,
     389588780,
     389588852,
     613545129,
     613545130,
     613545134,
     667958776,
     667958778,
     667958780,
     667978901,
     755271121,
     1173517709,
     1194662993,
     1330840092,
     1330841036
    ],
    "bridged_gap_m": 694,
    "generated": "2026-10-05"
   },
   "geometry": {
    "type": "LineString",
    "coordinates": [
     [
      -47.454229,
      -23.49611
     ],
     [
      -47.455663,
      -23.495802
     ],
     [
      -47.456829,
      -23.495551
     ],
     [
      -47.456994,
      -23.495515
     ],
     [
      -47.457834,
      -23.495328
     ],
     [
      -47.45832,
      -23.49522
     ],
     [
      -47.458715,
      -23.495159
     ],
     [
      -47.459046,
      -23.495135
     ],
     [
      -47.459651,
      -23.495146
     ],
     [
      -47.462207,
      -23.495228
     ],
     [
      -47.462286,
      -23.49523
     ],
     [
      -47.462594,
      -23.495237
     ],
     [
      -47.463021,
      -23.495254
     ],
     [
      -47.463369,
      -23.495265
     ],
     [
      -47.464058,
      -23.495281
     ],
     [
      -47.46565,
      -23.495337
     ],
     [
      -47.466683,
      -23.495367
     ],
     [
      -47.467016,
      -23.495393
     ],
     [
      -47.467271,
      -23.495437
     ],
     [
      -47.467603,
      -23.495512
     ],
     [
      -47.467866,
      -23.495597
     ],
     [
      -47.468201,
      -23.495728
     ],
     [
      -47.469226,
      -23.49626
     ],
     [
      -47.469536,
      -23.496413
     ],
     [
      -47.469854,
      -23.496542
     ],
     [
      -47.470241,
      -23.49665
     ],
     [
      -47.470671,
      -23.49671
     ],
     [
      -47.470996,
      -23.496699
     ],
     [
      -47.471372,
      -23.496619
     ],
     [
      -47.471726,
      -23.496495
     ],
     [
      -47.47258,
      -23.496086
     ],
     [
      -47.473049,
      -23.495856
     ],
     [
      -47.473366,
      -23.495723
     ],
     [
      -47.473687,
      -23.495641
     ],
     [
      -47.473994,
      -23.49559
     ],
     [
      -47.474364,
      -23.495588
     ],
     [
      -47.474724,
      -23.495639
     ],
     [
      -47.475074,
      -23.495732
     ],
     [
      -47.47541,
      -23.495887
     ],
     [
      -47.475645,
      -23.496048
     ],
     [
      -47.475859,
      -23.496223
     ],
     [
      -47.476074,
      -23.49644
     ],
     [
      -47.476113,
      -23.49649
     ],
     [
      -47.476264,
      -23.496683
     ],
     [
      -47.476399,
      -23.496951
     ],
     [
      -47.476705,
      -23.498022
     ],
     [
      -47.476994,
      -23.498978
     ],
     [
      -47.477118,
      -23.499263
     ],
     [
      -47.477496,
      -23.499758
     ],
     [
      -47.477692,
      -23.499932
     ],
     [
      -47.477989,
      -23.500131
     ],
     [
      -47.481088,
      -23.501818
     ],
     [
      -47.482108,
      -23.502357
     ],
     [
      -47.482466,
      -23.502483
     ],
     [
      -47.482848,
      -23.502538
     ],
     [
      -47.483262,
      -23.502569
     ],
     [
      -47.483642,
      -23.502547
     ],
     [
      -47.484006,
      -23.502489
     ],
     [
      -47.484229,
      -23.502431
     ],
     [
      -47.484529,
      -23.502311
     ],
     [
      -47.484912,
      -23.502112
     ],
     [
      -47.485267,
      -23.501858
     ],
     [
      -47.485512,
      -23.501623
     ],
     [
      -47.485794,
      -23.501286
     ],
     [
      -47.486575,
      -23.499859
     ],
     [
      -47.486743,
      -23.499608
     ],
     [
      -47.486964,
      -23.499335
     ],
     [
      -47.487239,
      -23.499124
     ],
     [
      -47.487524,
      -23.498943
     ],
     [
      -47.487845,
      -23.498784
     ],
     [
      -47.488225,
      -23.498668
     ],
     [
      -47.488712,
      -23.49857
     ],
     [
      -47.489955,
      -23.498297
     ],
     [
      -47.49024,
      -23.498206
     ],
     [
      -47.490583,
      -23.498074
     ],
     [
      -47.491731,
      -23.497501
     ],
     [
      -47.492435,
      -23.497161
     ],
     [
      -47.493023,
      -23.4968
     ],
     [
      -47.493342,
      -23.496504
     ],
     [
      -47.493531,
      -23.496225
     ],
     [
      -47.493669,
      -23.495978
     ],
     [
      -47.493806,
      -23.495572
     ],
     [
      -47.493843,
      -23.495194
     ],
     [
      -47.493812,
      -23.494779
     ],
     [
      -47.49373,
      -23.49448
     ],
     [
      -47.493297,
      -23.493493
     ],
     [
      -47.493087,
      -23.492886
     ],
     [
      -47.493046,
      -23.492676
     ],
     [
      -47.49302,
      -23.49251
     ],
     [
      -47.49302,
      -23.492297
     ],
     [
      -47.49305,
      -23.492027
     ],
     [
      -47.493119,
      -23.491734
     ],
     [
      -47.493241,
      -23.491451
     ],
     [
      -47.493347,
      -23.491243
     ],
     [
      -47.493516,
      -23.491022
     ],
     [
      -47.493736,
      -23.490795
     ],
     [
      -47.493427,
      -23.488314
     ],
     [
      -47.493464,
      -23.488291
     ],
     [
      -47.493582,
      -23.488217
     ],
     [
      -47.493885,
      -23.488134
     ],
     [
      -47.494015,
      -23.488115
     ],
     [
      -47.494102,
      -23.488084
     ],
     [
      -47.494237,
      -23.488012
     ],
     [
      -47.494907,
      -23.487615
     ],
     [
      -47.495073,
      -23.487492
     ],
     [
      -47.495275,
      -23.48732
     ],
     [
      -47.495406,
      -23.487171
     ],
     [
      -47.49565,
      -23.486825
     ],
     [
      -47.495658,
      -23.48678
     ],
     [
      -47.495646,
      -23.486751
     ],
     [
      -47.495715,
      -23.486662
     ],
     [
      -47.495772,
      -23.48658
     ],
     [
      -47.497814,
      -23.483686
     ],
     [
      -47.497908,
      -23.483575
     ],
     [
      -47.497936,
      -23.483542
     ],
     [
      -47.498066,
      -23.483381
     ],
     [
      -47.498216,
      -23.483224
     ],
     [
      -47.498405,
      -23.483071
     ],
     [
      -47.498688,
      -23.482906
     ],
     [
      -47.498986,
      -23.482736
     ],
     [
      -47.499191,
      -23.482643
     ],
     [
      -47.499409,
      -23.482562
     ],
     [
      -47.499648,
      -23.482497
     ],
     [
      -47.499989,
      -23.482447
     ],
     [
      -47.504959,
      -23.481335
     ],
     [
      -47.505194,
      -23.481275
     ],
     [
      -47.505457,
      -23.481191
     ],
     [
      -47.50572,
      -23.481064
     ],
     [
      -47.505915,
      -23.480913
     ],
     [
      -47.506071,
      -23.480766
     ],
     [
      -47.51178,
      -23.472781
     ],
     [
      -47.511919,
      -23.472604
     ],
     [
      -47.512062,
      -23.472479
     ],
     [
      -47.512228,
      -23.472379
     ],
     [
      -47.512413,
      -23.472305
     ],
     [
      -47.51259,
      -23.472265
     ],
     [
      -47.512817,
      -23.472252
     ],
     [
      -47.513083,
      -23.47229
     ],
     [
      -47.513296,
      -23.472366
     ],
     [
      -47.513654,
      -23.472548
     ],
     [
      -47.513851,
      -23.472615
     ],
     [
      -47.514104,
      -23.472643
     ],
     [
      -47.514351,
      -23.472613
     ],
     [
      -47.514556,
      -23.47254
     ],
     [
      -47.514741,
      -23.472426
     ],
     [
      -47.514888,
      -23.472285
     ],
     [
      -47.514986,
      -23.472142
     ],
     [
      -47.515063,
      -23.471955
     ],
     [
      -47.515094,
      -23.471744
     ],
     [
      -47.51507,
      -23.471531
     ],
     [
      -47.514998,
      -23.471336
     ],
     [
      -47.514859,
      -23.47111
     ],
     [
      -47.51389,
      -23.469675
     ],
     [
      -47.51375,
      -23.469442
     ],
     [
      -47.513659,
      -23.469205
     ],
     [
      -47.513581,
      -23.468888
     ],
     [
      -47.513578,
      -23.468548
     ],
     [
      -47.513646,
      -23.468184
     ],
     [
      -47.513777,
      -23.467739
     ],
     [
      -47.513847,
      -23.467527
     ],
     [
      -47.514147,
      -23.46676
     ],
     [
      -47.514391,
      -23.466159
     ],
     [
      -47.5161,
      -23.462625
     ],
     [
      -47.516242,
      -23.462218
     ],
     [
      -47.517024,
      -23.460532
     ],
     [
      -47.517077,
      -23.460417
     ],
     [
      -47.517239,
      -23.460224
     ],
     [
      -47.517438,
      -23.46003
     ],
     [
      -47.518326,
      -23.459487
     ],
     [
      -47.519791,
      -23.458602
     ],
     [
      -47.519974,
      -23.458503
     ],
     [
      -47.520151,
      -23.458436
     ],
     [
      -47.52035,
      -23.458384
     ],
     [
      -47.520438,
      -23.458374
     ],
     [
      -47.520702,
      -23.458337
     ],
     [
      -47.52081,
      -23.458423
     ],
     [
      -47.52092,
      -23.458501
     ],
     [
      -47.52105,
      -23.458585
     ],
     [
      -47.52119,
      -23.458701
     ],
     [
      -47.521311,
      -23.458826
     ],
     [
      -47.521436,
      -23.458996
     ],
     [
      -47.522249,
      -23.460372
     ],
     [
      -47.522401,
      -23.460617
     ],
     [
      -47.522682,
      -23.461052
     ],
     [
      -47.522816,
      -23.461251
     ],
     [
      -47.522937,
      -23.461394
     ],
     [
      -47.523087,
      -23.461509
     ],
     [
      -47.523244,
      -23.461611
     ],
     [
      -47.523432,
      -23.461696
     ],
     [
      -47.523609,
      -23.461752
     ],
     [
      -47.52383,
      -23.461779
     ],
     [
      -47.524034,
      -23.461758
     ],
     [
      -47.524221,
      -23.461698
     ],
     [
      -47.524393,
      -23.461607
     ],
     [
      -47.524536,
      -23.461477
     ],
     [
      -47.52465,
      -23.461335
     ],
     [
      -47.524785,
      -23.4611
     ],
     [
      -47.525003,
      -23.460647
     ],
     [
      -47.525036,
      -23.460555
     ],
     [
      -47.525653,
      -23.459141
     ],
     [
      -47.525878,
      -23.458654
     ],
     [
      -47.527082,
      -23.456045
     ],
     [
      -47.527189,
      -23.455832
     ],
     [
      -47.527281,
      -23.455667
     ],
     [
      -47.527368,
      -23.455535
     ],
     [
      -47.527549,
      -23.455351
     ],
     [
      -47.527754,
      -23.455164
     ],
     [
      -47.527923,
      -23.455093
     ],
     [
      -47.528192,
      -23.455023
     ],
     [
      -47.528462,
      -23.455001
     ],
     [
      -47.530776,
      -23.454901
     ],
     [
      -47.533038,
      -23.454788
     ],
     [
      -47.53329,
      -23.454757
     ],
     [
      -47.533521,
      -23.454711
     ],
     [
      -47.533742,
      -23.454649
     ],
     [
      -47.533979,
      -23.454562
     ],
     [
      -47.535448,
      -23.453946
     ],
     [
      -47.550976,
      -23.446922
     ],
     [
      -47.552677,
      -23.446153
     ],
     [
      -47.559144,
      -23.443246
     ],
     [
      -47.559743,
      -23.442987
     ],
     [
      -47.56014,
      -23.442785
     ],
     [
      -47.560447,
      -23.442605
     ],
     [
      -47.561011,
      -23.442187
     ],
     [
      -47.564176,
      -23.439576
     ],
     [
      -47.564569,
      -23.439278
     ],
     [
      -47.564845,
      -23.439073
     ],
     [
      -47.565081,
      -23.43891
     ],
     [
      -47.565467,
      -23.438657
     ],
     [
      -47.565901,
      -23.438314
     ],
     [
      -47.566377,
      -23.437905
     ],
     [
      -47.567039,
      -23.437338
     ],
     [
      -47.567405,
      -23.437074
     ],
     [
      -47.567591,
      -23.436953
     ],
     [
      -47.56783,
      -23.436816
     ],
     [
      -47.567815,
      -23.436651
     ],
     [
      -47.567781,
      -23.436734
     ],
     [
      -47.567528,
      -23.43685
     ],
     [
      -47.567312,
      -23.436976
     ],
     [
      -47.566937,
      -23.437248
     ],
     [
      -47.566284,
      -23.437814
     ],
     [
      -47.566937,
      -23.437248
     ],
     [
      -47.567312,
      -23.436976
     ],
     [
      -47.567528,
      -23.43685
     ],
     [
      -47.567781,
      -23.436734
     ],
     [
      -47.567815,
      -23.436651
     ],
     [
      -47.568043,
      -23.436517
     ],
     [
      -47.568269,
      -23.436401
     ],
     [
      -47.568461,
      -23.436318
     ],
     [
      -47.570447,
      -23.435652
     ],
     [
      -47.57073,
      -23.435565
     ],
     [
      -47.571063,
      -23.435469
     ],
     [
      -47.573581,
      -23.434814
     ],
     [
      -47.573832,
      -23.434751
     ],
     [
      -47.57396,
      -23.434727
     ],
     [
      -47.574085,
      -23.434714
     ],
     [
      -47.574202,
      -23.434705
     ],
     [
      -47.574326,
      -23.434697
     ],
     [
      -47.574438,
      -23.434695
     ],
     [
      -47.574545,
      -23.434697
     ],
     [
      -47.574709,
      -23.434712
     ],
     [
      -47.574886,
      -23.434741
     ],
     [
      -47.575055,
      -23.434781
     ],
     [
      -47.57524,
      -23.43484
     ],
     [
      -47.575415,
      -23.434909
     ],
     [
      -47.575579,
      -23.434984
     ],
     [
      -47.575701,
      -23.435053
     ],
     [
      -47.575916,
      -23.435186
     ],
     [
      -47.576849,
      -23.435872
     ],
     [
      -47.578453,
      -23.437078
     ],
     [
      -47.578671,
      -23.437207
     ],
     [
      -47.578909,
      -23.437282
     ],
     [
      -47.579059,
      -23.43732
     ],
     [
      -47.579271,
      -23.437339
     ],
     [
      -47.57945,
      -23.437321
     ],
     [
      -47.579719,
      -23.437244
     ],
     [
      -47.580033,
      -23.437117
     ],
     [
      -47.58024,
      -23.437006
     ],
     [
      -47.580453,
      -23.436865
     ],
     [
      -47.58062,
      -23.436667
     ],
     [
      -47.580727,
      -23.436488
     ],
     [
      -47.580846,
      -23.436214
     ],
     [
      -47.58111,
      -23.435598
     ],
     [
      -47.581254,
      -23.435359
     ],
     [
      -47.581555,
      -23.434909
     ],
     [
      -47.581673,
      -23.434762
     ],
     [
      -47.581834,
      -23.434629
     ],
     [
      -47.582013,
      -23.434532
     ],
     [
      -47.582135,
      -23.43449
     ],
     [
      -47.582604,
      -23.434346
     ],
     [
      -47.582855,
      -23.434266
     ],
     [
      -47.583223,
      -23.43412
     ],
     [
      -47.583536,
      -23.433966
     ],
     [
      -47.584329,
      -23.433528
     ],
     [
      -47.585055,
      -23.433088
     ],
     [
      -47.585614,
      -23.432753
     ],
     [
      -47.585754,
      -23.432657
     ],
     [
      -47.585853,
      -23.432566
     ],
     [
      -47.585934,
      -23.432477
     ],
     [
      -47.585987,
      -23.432402
     ],
     [
      -47.586032,
      -23.432307
     ],
     [
      -47.586081,
      -23.432167
     ],
     [
      -47.586101,
      -23.432041
     ],
     [
      -47.5861,
      -23.431913
     ],
     [
      -47.586088,
      -23.431794
     ],
     [
      -47.586052,
      -23.43165
     ],
     [
      -47.585998,
      -23.431532
     ],
     [
      -47.585922,
      -23.431415
     ],
     [
      -47.585856,
      -23.431343
     ],
     [
      -47.58578,
      -23.431262
     ],
     [
      -47.585328,
      -23.430847
     ],
     [
      -47.585215,
      -23.430738
     ],
     [
      -47.585126,
      -23.43062
     ],
     [
      -47.58507,
      -23.430516
     ],
     [
      -47.585026,
      -23.430435
     ],
     [
      -47.585008,
      -23.430373
     ],
     [
      -47.584988,
      -23.430231
     ],
     [
      -47.584985,
      -23.430068
     ],
     [
      -47.584993,
      -23.429935
     ],
     [
      -47.585019,
      -23.429762
     ],
     [
      -47.585057,
      -23.429637
     ],
     [
      -47.585145,
      -23.429497
     ],
     [
      -47.585251,
      -23.429379
     ],
     [
      -47.585371,
      -23.429281
     ],
     [
      -47.585498,
      -23.429202
     ],
     [
      -47.585656,
      -23.429143
     ],
     [
      -47.585824,
      -23.429103
     ],
     [
      -47.585983,
      -23.429091
     ],
     [
      -47.586159,
      -23.429095
     ],
     [
      -47.586452,
      -23.429111
     ],
     [
      -47.586855,
      -23.429163
     ],
     [
      -47.587019,
      -23.429171
     ],
     [
      -47.587176,
      -23.429146
     ],
     [
      -47.587302,
      -23.429116
     ],
     [
      -47.58741,
      -23.429078
     ],
     [
      -47.587519,
      -23.429016
     ],
     [
      -47.58761,
      -23.428956
     ],
     [
      -47.587804,
      -23.428805
     ],
     [
      -47.587991,
      -23.428642
     ],
     [
      -47.588335,
      -23.428335
     ],
     [
      -47.589007,
      -23.427812
     ],
     [
      -47.589118,
      -23.427699
     ],
     [
      -47.589202,
      -23.427606
     ],
     [
      -47.589258,
      -23.427528
     ],
     [
      -47.5893,
      -23.427441
     ],
     [
      -47.589336,
      -23.427354
     ],
     [
      -47.58936,
      -23.427272
     ],
     [
      -47.589444,
      -23.426837
     ],
     [
      -47.589466,
      -23.426763
     ],
     [
      -47.589487,
      -23.426697
     ],
     [
      -47.589521,
      -23.426626
     ],
     [
      -47.58956,
      -23.426556
     ],
     [
      -47.589605,
      -23.426488
     ],
     [
      -47.589679,
      -23.426387
     ],
     [
      -47.589734,
      -23.426323
     ],
     [
      -47.5898,
      -23.426261
     ],
     [
      -47.589897,
      -23.426191
     ],
     [
      -47.589976,
      -23.426149
     ],
     [
      -47.590067,
      -23.426106
     ],
     [
      -47.590732,
      -23.425867
     ],
     [
      -47.590811,
      -23.425846
     ],
     [
      -47.590877,
      -23.42583
     ],
     [
      -47.590953,
      -23.425817
     ],
     [
      -47.591021,
      -23.425806
     ],
     [
      -47.591335,
      -23.425765
     ],
     [
      -47.591413,
      -23.425751
     ],
     [
      -47.591472,
      -23.425738
     ],
     [
      -47.591534,
      -23.425718
     ],
     [
      -47.591601,
      -23.425694
     ],
     [
      -47.592665,
      -23.425287
     ],
     [
      -47.5935,
      -23.424969
     ],
     [
      -47.593587,
      -23.42493
     ],
     [
      -47.593656,
      -23.424893
     ],
     [
      -47.593723,
      -23.424851
     ],
     [
      -47.593796,
      -23.424798
     ],
     [
      -47.593864,
      -23.424738
     ],
     [
      -47.59587,
      -23.425286
     ],
     [
      -47.594293,
      -23.424957
     ],
     [
      -47.59417,
      -23.425051
     ],
     [
      -47.594023,
      -23.425145
     ],
     [
      -47.593844,
      -23.425246
     ],
     [
      -47.592886,
      -23.42576
     ],
     [
      -47.592176,
      -23.426145
     ]
    ]
   }
  },
  {
   "type": "Feature",
   "properties": {
    "id": "sor-variante-sorocaba-ipanema",
    "method": "osm-current",
    "osm_ways": [
     48444908,
     48444909,
     154952763,
     154952764,
     154952766,
     154952769,
     154952770,
     167702429,
     168512337
    ],
    "bridged_gap_m": 0,
    "generated": "2026-10-05"
   },
   "geometry": {
    "type": "LineString",
    "coordinates": [
     [
      -47.454229,
      -23.49611
     ],
     [
      -47.455663,
      -23.495802
     ],
     [
      -47.456829,
      -23.495551
     ],
     [
      -47.456994,
      -23.495515
     ],
     [
      -47.457834,
      -23.495328
     ],
     [
      -47.45832,
      -23.49522
     ],
     [
      -47.458715,
      -23.495159
     ],
     [
      -47.459046,
      -23.495135
     ],
     [
      -47.459651,
      -23.495146
     ],
     [
      -47.462207,
      -23.495228
     ],
     [
      -47.462286,
      -23.49523
     ],
     [
      -47.462594,
      -23.495237
     ],
     [
      -47.463021,
      -23.495254
     ],
     [
      -47.463369,
      -23.495265
     ],
     [
      -47.464058,
      -23.495281
     ],
     [
      -47.46565,
      -23.495337
     ],
     [
      -47.466683,
      -23.495367
     ],
     [
      -47.467016,
      -23.495393
     ],
     [
      -47.467271,
      -23.495437
     ],
     [
      -47.467603,
      -23.495512
     ],
     [
      -47.467866,
      -23.495597
     ],
     [
      -47.468201,
      -23.495728
     ],
     [
      -47.469226,
      -23.49626
     ],
     [
      -47.469536,
      -23.496413
     ],
     [
      -47.469854,
      -23.496542
     ],
     [
      -47.470241,
      -23.49665
     ],
     [
      -47.470671,
      -23.49671
     ],
     [
      -47.470996,
      -23.496699
     ],
     [
      -47.471372,
      -23.496619
     ],
     [
      -47.471726,
      -23.496495
     ],
     [
      -47.47258,
      -23.496086
     ],
     [
      -47.473049,
      -23.495856
     ],
     [
      -47.473366,
      -23.495723
     ],
     [
      -47.473687,
      -23.495641
     ],
     [
      -47.473994,
      -23.49559
     ],
     [
      -47.474364,
      -23.495588
     ],
     [
      -47.474724,
      -23.495639
     ],
     [
      -47.475074,
      -23.495732
     ],
     [
      -47.47541,
      -23.495887
     ],
     [
      -47.475645,
      -23.496048
     ],
     [
      -47.475859,
      -23.496223
     ],
     [
      -47.476074,
      -23.49644
     ],
     [
      -47.476113,
      -23.49649
     ],
     [
      -47.476264,
      -23.496683
     ],
     [
      -47.476399,
      -23.496951
     ],
     [
      -47.476705,
      -23.498022
     ],
     [
      -47.476994,
      -23.498978
     ],
     [
      -47.477118,
      -23.499263
     ],
     [
      -47.477496,
      -23.499758
     ],
     [
      -47.477692,
      -23.499932
     ],
     [
      -47.477989,
      -23.500131
     ],
     [
      -47.481088,
      -23.501818
     ],
     [
      -47.482108,
      -23.502357
     ],
     [
      -47.482466,
      -23.502483
     ],
     [
      -47.482848,
      -23.502538
     ],
     [
      -47.483262,
      -23.502569
     ],
     [
      -47.483642,
      -23.502547
     ],
     [
      -47.484006,
      -23.502489
     ],
     [
      -47.484229,
      -23.502431
     ],
     [
      -47.484529,
      -23.502311
     ],
     [
      -47.484912,
      -23.502112
     ],
     [
      -47.485267,
      -23.501858
     ],
     [
      -47.485512,
      -23.501623
     ],
     [
      -47.485794,
      -23.501286
     ],
     [
      -47.486575,
      -23.499859
     ],
     [
      -47.486743,
      -23.499608
     ],
     [
      -47.486964,
      -23.499335
     ],
     [
      -47.487239,
      -23.499124
     ],
     [
      -47.487524,
      -23.498943
     ],
     [
      -47.487845,
      -23.498784
     ],
     [
      -47.488225,
      -23.498668
     ],
     [
      -47.488712,
      -23.49857
     ],
     [
      -47.489955,
      -23.498297
     ],
     [
      -47.49024,
      -23.498206
     ],
     [
      -47.490583,
      -23.498074
     ],
     [
      -47.491731,
      -23.497501
     ],
     [
      -47.492435,
      -23.497161
     ],
     [
      -47.493023,
      -23.4968
     ],
     [
      -47.493342,
      -23.496504
     ],
     [
      -47.493531,
      -23.496225
     ],
     [
      -47.493669,
      -23.495978
     ],
     [
      -47.493806,
      -23.495572
     ],
     [
      -47.493843,
      -23.495194
     ],
     [
      -47.493812,
      -23.494779
     ],
     [
      -47.49373,
      -23.49448
     ],
     [
      -47.493297,
      -23.493493
     ],
     [
      -47.493087,
      -23.492886
     ],
     [
      -47.493046,
      -23.492676
     ],
     [
      -47.49302,
      -23.49251
     ],
     [
      -47.49302,
      -23.492297
     ],
     [
      -47.49305,
      -23.492027
     ],
     [
      -47.493119,
      -23.491734
     ],
     [
      -47.493241,
      -23.491451
     ],
     [
      -47.493347,
      -23.491243
     ],
     [
      -47.493516,
      -23.491022
     ],
     [
      -47.493736,
      -23.490795
     ],
     [
      -47.493968,
      -23.490624
     ],
     [
      -47.494176,
      -23.490485
     ],
     [
      -47.494362,
      -23.490388
     ],
     [
      -47.494688,
      -23.490279
     ],
     [
      -47.495525,
      -23.490068
     ],
     [
      -47.495978,
      -23.489951
     ],
     [
      -47.496283,
      -23.489846
     ],
     [
      -47.496573,
      -23.489709
     ],
     [
      -47.496812,
      -23.489556
     ],
     [
      -47.497056,
      -23.489373
     ],
     [
      -47.497251,
      -23.489155
     ],
     [
      -47.49742,
      -23.488891
     ],
     [
      -47.497582,
      -23.488527
     ],
     [
      -47.497665,
      -23.488265
     ],
     [
      -47.497711,
      -23.487943
     ],
     [
      -47.497688,
      -23.487563
     ],
     [
      -47.497619,
      -23.48718
     ],
     [
      -47.497401,
      -23.486229
     ],
     [
      -47.497364,
      -23.485927
     ],
     [
      -47.497364,
      -23.485703
     ],
     [
      -47.497389,
      -23.485436
     ],
     [
      -47.497466,
      -23.485097
     ],
     [
      -47.497582,
      -23.484847
     ],
     [
      -47.497753,
      -23.48457
     ],
     [
      -47.497944,
      -23.484327
     ],
     [
      -47.498158,
      -23.48413
     ],
     [
      -47.498458,
      -23.483913
     ],
     [
      -47.498578,
      -23.483823
     ],
     [
      -47.49896,
      -23.483642
     ],
     [
      -47.501488,
      -23.482593
     ],
     [
      -47.504927,
      -23.481165
     ],
     [
      -47.505261,
      -23.480929
     ],
     [
      -47.505648,
      -23.480595
     ],
     [
      -47.50591,
      -23.480255
     ],
     [
      -47.506073,
      -23.480002
     ],
     [
      -47.506592,
      -23.479174
     ],
     [
      -47.506811,
      -23.478809
     ],
     [
      -47.507124,
      -23.478277
     ],
     [
      -47.507507,
      -23.477718
     ],
     [
      -47.508111,
      -23.476777
     ],
     [
      -47.508301,
      -23.476482
     ],
     [
      -47.508607,
      -23.476059
     ],
     [
      -47.509387,
      -23.474984
     ],
     [
      -47.509876,
      -23.474302
     ],
     [
      -47.510669,
      -23.473126
     ],
     [
      -47.510713,
      -23.473068
     ],
     [
      -47.511522,
      -23.471832
     ],
     [
      -47.512042,
      -23.471042
     ],
     [
      -47.512181,
      -23.47086
     ],
     [
      -47.512314,
      -23.470688
     ],
     [
      -47.512514,
      -23.470259
     ],
     [
      -47.512651,
      -23.46995
     ],
     [
      -47.512825,
      -23.469478
     ],
     [
      -47.513257,
      -23.468293
     ],
     [
      -47.513459,
      -23.467721
     ],
     [
      -47.513718,
      -23.46699
     ],
     [
      -47.514014,
      -23.466174
     ],
     [
      -47.51418,
      -23.465719
     ],
     [
      -47.514394,
      -23.465129
     ],
     [
      -47.514529,
      -23.46476
     ],
     [
      -47.514652,
      -23.464457
     ],
     [
      -47.514963,
      -23.463562
     ],
     [
      -47.515328,
      -23.462564
     ],
     [
      -47.515652,
      -23.461684
     ],
     [
      -47.515821,
      -23.461208
     ],
     [
      -47.515952,
      -23.46083
     ],
     [
      -47.516146,
      -23.460319
     ],
     [
      -47.516229,
      -23.460096
     ],
     [
      -47.516403,
      -23.459785
     ],
     [
      -47.516568,
      -23.459557
     ],
     [
      -47.516738,
      -23.45936
     ],
     [
      -47.516905,
      -23.459201
     ],
     [
      -47.51706,
      -23.459072
     ],
     [
      -47.517275,
      -23.458918
     ],
     [
      -47.51753,
      -23.458772
     ],
     [
      -47.517882,
      -23.458619
     ],
     [
      -47.520956,
      -23.457456
     ],
     [
      -47.522226,
      -23.456972
     ],
     [
      -47.524673,
      -23.456039
     ],
     [
      -47.526322,
      -23.455432
     ],
     [
      -47.527861,
      -23.454856
     ],
     [
      -47.528174,
      -23.454749
     ],
     [
      -47.528511,
      -23.45468
     ],
     [
      -47.528822,
      -23.454631
     ],
     [
      -47.529425,
      -23.454592
     ],
     [
      -47.530668,
      -23.454521
     ],
     [
      -47.533411,
      -23.454378
     ],
     [
      -47.533737,
      -23.454356
     ],
     [
      -47.534014,
      -23.454326
     ],
     [
      -47.53433,
      -23.454264
     ],
     [
      -47.534669,
      -23.454174
     ],
     [
      -47.534924,
      -23.454094
     ],
     [
      -47.535433,
      -23.453906
     ],
     [
      -47.543863,
      -23.450094
     ],
     [
      -47.550954,
      -23.446887
     ],
     [
      -47.55266,
      -23.446115
     ],
     [
      -47.559128,
      -23.443209
     ],
     [
      -47.559726,
      -23.44295
     ],
     [
      -47.560121,
      -23.44275
     ],
     [
      -47.560424,
      -23.442571
     ],
     [
      -47.560986,
      -23.442155
     ],
     [
      -47.56415,
      -23.439545
     ],
     [
      -47.564543,
      -23.439246
     ],
     [
      -47.566284,
      -23.437814
     ],
     [
      -47.566937,
      -23.437248
     ],
     [
      -47.567312,
      -23.436976
     ],
     [
      -47.567528,
      -23.43685
     ],
     [
      -47.567781,
      -23.436734
     ],
     [
      -47.568221,
      -23.436557
     ],
     [
      -47.568884,
      -23.436365
     ],
     [
      -47.572253,
      -23.435401
     ],
     [
      -47.572878,
      -23.435246
     ],
     [
      -47.573246,
      -23.435192
     ],
     [
      -47.573516,
      -23.43517
     ],
     [
      -47.573865,
      -23.435183
     ],
     [
      -47.574199,
      -23.43524
     ],
     [
      -47.574536,
      -23.435331
     ],
     [
      -47.574885,
      -23.435459
     ],
     [
      -47.575152,
      -23.435608
     ],
     [
      -47.575425,
      -23.435784
     ],
     [
      -47.575713,
      -23.43603
     ],
     [
      -47.576057,
      -23.436452
     ],
     [
      -47.578023,
      -23.439176
     ],
     [
      -47.578354,
      -23.439605
     ],
     [
      -47.578554,
      -23.439812
     ],
     [
      -47.578815,
      -23.440021
     ],
     [
      -47.579076,
      -23.440203
     ],
     [
      -47.579307,
      -23.440334
     ],
     [
      -47.579574,
      -23.440455
     ],
     [
      -47.579866,
      -23.440552
     ],
     [
      -47.580193,
      -23.440646
     ],
     [
      -47.580579,
      -23.440707
     ],
     [
      -47.581052,
      -23.440731
     ],
     [
      -47.58138,
      -23.44071
     ],
     [
      -47.581826,
      -23.440628
     ],
     [
      -47.582203,
      -23.44051
     ],
     [
      -47.582661,
      -23.440288
     ],
     [
      -47.582974,
      -23.440088
     ],
     [
      -47.583232,
      -23.439887
     ],
     [
      -47.583441,
      -23.439699
     ],
     [
      -47.588392,
      -23.433972
     ],
     [
      -47.589254,
      -23.432943
     ],
     [
      -47.58947,
      -23.432636
     ],
     [
      -47.589579,
      -23.43243
     ],
     [
      -47.589691,
      -23.432144
     ],
     [
      -47.589734,
      -23.431898
     ],
     [
      -47.589755,
      -23.431473
     ],
     [
      -47.589682,
      -23.431006
     ],
     [
      -47.589427,
      -23.430057
     ],
     [
      -47.589324,
      -23.429601
     ],
     [
      -47.589296,
      -23.429279
     ],
     [
      -47.589307,
      -23.429032
     ],
     [
      -47.589339,
      -23.428821
     ],
     [
      -47.589418,
      -23.428526
     ],
     [
      -47.589501,
      -23.428292
     ],
     [
      -47.589568,
      -23.428138
     ],
     [
      -47.589685,
      -23.427949
     ],
     [
      -47.589875,
      -23.427676
     ],
     [
      -47.590084,
      -23.427452
     ],
     [
      -47.590362,
      -23.427189
     ],
     [
      -47.590474,
      -23.427102
     ],
     [
      -47.590574,
      -23.427032
     ],
     [
      -47.590669,
      -23.426965
     ],
     [
      -47.590774,
      -23.426902
     ],
     [
      -47.590958,
      -23.426802
     ],
     [
      -47.591284,
      -23.426626
     ],
     [
      -47.592176,
      -23.426145
     ]
    ]
   }
  },
  {
   "type": "Feature",
   "properties": {
    "id": "sor-ipanema-bacaetava-original",
    "method": "osm-old",
    "osm_ways": [
     168512337,
     168617181,
     602666391,
     602666392,
     602666393,
     602666394,
     605374068,
     605374070,
     605374081,
     612072386,
     612072387,
     613168464,
     613168469,
     613168473,
     613545129,
     627523573,
     653680217,
     653680218,
     1563266608
    ],
    "bridged_gap_m": 383,
    "generated": "2026-10-05"
   },
   "geometry": {
    "type": "LineString",
    "coordinates": [
     [
      -47.592176,
      -23.426145
     ],
     [
      -47.592886,
      -23.42576
     ],
     [
      -47.593844,
      -23.425246
     ],
     [
      -47.594023,
      -23.425145
     ],
     [
      -47.59417,
      -23.425051
     ],
     [
      -47.594293,
      -23.424957
     ],
     [
      -47.594554,
      -23.42474
     ],
     [
      -47.595959,
      -23.425102
     ],
     [
      -47.594267,
      -23.423867
     ],
     [
      -47.594291,
      -23.423793
     ],
     [
      -47.594352,
      -23.423559
     ],
     [
      -47.594453,
      -23.423165
     ],
     [
      -47.594603,
      -23.422612
     ],
     [
      -47.594621,
      -23.422516
     ],
     [
      -47.594631,
      -23.422436
     ],
     [
      -47.594629,
      -23.422349
     ],
     [
      -47.594619,
      -23.422262
     ],
     [
      -47.5946,
      -23.422177
     ],
     [
      -47.594573,
      -23.422094
     ],
     [
      -47.594538,
      -23.422014
     ],
     [
      -47.594495,
      -23.421936
     ],
     [
      -47.594445,
      -23.421862
     ],
     [
      -47.594389,
      -23.421793
     ],
     [
      -47.594322,
      -23.421734
     ],
     [
      -47.594242,
      -23.42167
     ],
     [
      -47.594154,
      -23.421608
     ],
     [
      -47.594084,
      -23.421564
     ],
     [
      -47.594013,
      -23.421529
     ],
     [
      -47.593936,
      -23.421495
     ],
     [
      -47.593074,
      -23.421141
     ],
     [
      -47.592599,
      -23.420917
     ],
     [
      -47.5919,
      -23.420563
     ],
     [
      -47.591438,
      -23.420305
     ],
     [
      -47.591196,
      -23.420164
     ],
     [
      -47.590867,
      -23.41995
     ],
     [
      -47.590481,
      -23.419669
     ],
     [
      -47.590375,
      -23.419566
     ],
     [
      -47.590299,
      -23.419474
     ],
     [
      -47.590253,
      -23.419383
     ],
     [
      -47.590236,
      -23.419295
     ],
     [
      -47.590235,
      -23.419207
     ],
     [
      -47.590272,
      -23.419078
     ],
     [
      -47.590643,
      -23.418251
     ],
     [
      -47.590719,
      -23.418083
     ],
     [
      -47.591042,
      -23.417319
     ],
     [
      -47.591136,
      -23.41709
     ],
     [
      -47.591199,
      -23.416917
     ],
     [
      -47.591239,
      -23.416789
     ],
     [
      -47.591266,
      -23.416611
     ],
     [
      -47.591265,
      -23.416441
     ],
     [
      -47.591238,
      -23.416224
     ],
     [
      -47.59109,
      -23.415199
     ],
     [
      -47.591078,
      -23.414904
     ],
     [
      -47.591082,
      -23.414742
     ],
     [
      -47.591109,
      -23.414607
     ],
     [
      -47.591149,
      -23.414484
     ],
     [
      -47.5912,
      -23.414367
     ],
     [
      -47.591331,
      -23.414164
     ],
     [
      -47.591711,
      -23.413666
     ],
     [
      -47.59187,
      -23.413456
     ],
     [
      -47.592049,
      -23.413245
     ],
     [
      -47.592188,
      -23.413097
     ],
     [
      -47.592759,
      -23.412523
     ],
     [
      -47.593154,
      -23.412142
     ],
     [
      -47.594203,
      -23.411123
     ],
     [
      -47.594963,
      -23.410322
     ],
     [
      -47.596081,
      -23.409322
     ],
     [
      -47.596333,
      -23.409133
     ],
     [
      -47.596595,
      -23.408994
     ],
     [
      -47.596813,
      -23.408945
     ],
     [
      -47.596965,
      -23.408967
     ],
     [
      -47.597113,
      -23.409015
     ],
     [
      -47.597634,
      -23.409256
     ],
     [
      -47.59786,
      -23.409399
     ],
     [
      -47.598055,
      -23.409578
     ],
     [
      -47.598224,
      -23.409799
     ],
     [
      -47.598354,
      -23.410075
     ],
     [
      -47.598405,
      -23.410376
     ],
     [
      -47.598435,
      -23.41241
     ],
     [
      -47.59846,
      -23.412624
     ],
     [
      -47.59851,
      -23.412869
     ],
     [
      -47.598631,
      -23.413098
     ],
     [
      -47.5988,
      -23.413268
     ],
     [
      -47.598936,
      -23.413369
     ],
     [
      -47.599108,
      -23.413464
     ],
     [
      -47.599314,
      -23.413533
     ],
     [
      -47.599476,
      -23.413556
     ],
     [
      -47.59965,
      -23.41354
     ],
     [
      -47.599798,
      -23.413499
     ],
     [
      -47.599967,
      -23.413424
     ],
     [
      -47.600133,
      -23.41329
     ],
     [
      -47.600272,
      -23.413145
     ],
     [
      -47.600342,
      -23.413025
     ],
     [
      -47.600389,
      -23.412905
     ],
     [
      -47.600432,
      -23.412783
     ],
     [
      -47.600461,
      -23.412597
     ],
     [
      -47.600481,
      -23.412237
     ],
     [
      -47.600523,
      -23.411979
     ],
     [
      -47.600555,
      -23.411858
     ],
     [
      -47.600606,
      -23.411745
     ],
     [
      -47.600667,
      -23.411649
     ],
     [
      -47.600883,
      -23.411399
     ],
     [
      -47.600966,
      -23.411309
     ],
     [
      -47.601072,
      -23.411237
     ],
     [
      -47.601192,
      -23.41117
     ],
     [
      -47.601346,
      -23.411115
     ],
     [
      -47.601525,
      -23.411085
     ],
     [
      -47.601723,
      -23.41108
     ],
     [
      -47.60192,
      -23.411104
     ],
     [
      -47.602083,
      -23.41115
     ],
     [
      -47.602227,
      -23.41121
     ],
     [
      -47.602349,
      -23.411288
     ],
     [
      -47.602798,
      -23.411653
     ],
     [
      -47.602944,
      -23.411737
     ],
     [
      -47.603124,
      -23.411806
     ],
     [
      -47.603309,
      -23.411845
     ],
     [
      -47.60538,
      -23.412148
     ],
     [
      -47.605672,
      -23.412202
     ],
     [
      -47.60595,
      -23.412275
     ],
     [
      -47.606258,
      -23.412369
     ],
     [
      -47.606546,
      -23.412489
     ],
     [
      -47.606701,
      -23.412558
     ],
     [
      -47.606855,
      -23.412635
     ],
     [
      -47.609155,
      -23.413889
     ],
     [
      -47.609303,
      -23.413955
     ],
     [
      -47.609451,
      -23.413999
     ],
     [
      -47.609587,
      -23.414017
     ],
     [
      -47.609743,
      -23.41402
     ],
     [
      -47.609888,
      -23.414005
     ],
     [
      -47.610055,
      -23.413971
     ],
     [
      -47.610194,
      -23.413913
     ],
     [
      -47.610312,
      -23.413834
     ],
     [
      -47.610493,
      -23.41367
     ],
     [
      -47.61058,
      -23.413513
     ],
     [
      -47.610618,
      -23.413376
     ],
     [
      -47.610626,
      -23.413239
     ],
     [
      -47.610559,
      -23.412239
     ],
     [
      -47.610592,
      -23.411997
     ],
     [
      -47.610674,
      -23.411822
     ],
     [
      -47.61076,
      -23.411689
     ],
     [
      -47.610889,
      -23.41155
     ],
     [
      -47.611033,
      -23.411438
     ],
     [
      -47.611215,
      -23.411358
     ],
     [
      -47.611388,
      -23.411323
     ],
     [
      -47.611567,
      -23.411317
     ],
     [
      -47.611784,
      -23.411347
     ],
     [
      -47.611989,
      -23.411423
     ],
     [
      -47.612152,
      -23.411544
     ],
     [
      -47.613078,
      -23.412439
     ],
     [
      -47.613237,
      -23.412565
     ],
     [
      -47.613422,
      -23.412669
     ],
     [
      -47.613648,
      -23.412758
     ],
     [
      -47.613839,
      -23.41282
     ],
     [
      -47.614553,
      -23.412999
     ],
     [
      -47.614721,
      -23.413044
     ],
     [
      -47.614765,
      -23.413059
     ],
     [
      -47.614901,
      -23.413112
     ],
     [
      -47.615188,
      -23.41324
     ],
     [
      -47.615338,
      -23.413319
     ],
     [
      -47.615845,
      -23.413659
     ],
     [
      -47.615951,
      -23.413754
     ],
     [
      -47.616034,
      -23.41385
     ],
     [
      -47.616106,
      -23.413964
     ],
     [
      -47.616149,
      -23.414065
     ],
     [
      -47.616186,
      -23.414197
     ],
     [
      -47.616203,
      -23.414342
     ],
     [
      -47.616211,
      -23.414497
     ],
     [
      -47.616205,
      -23.41541
     ],
     [
      -47.616229,
      -23.415739
     ],
     [
      -47.616278,
      -23.415995
     ],
     [
      -47.616393,
      -23.416244
     ],
     [
      -47.616522,
      -23.416411
     ],
     [
      -47.616651,
      -23.416535
     ],
     [
      -47.616889,
      -23.41667
     ],
     [
      -47.617102,
      -23.416727
     ],
     [
      -47.617436,
      -23.416737
     ],
     [
      -47.617694,
      -23.416677
     ],
     [
      -47.617922,
      -23.416549
     ],
     [
      -47.618075,
      -23.416399
     ],
     [
      -47.618211,
      -23.416167
     ],
     [
      -47.61826,
      -23.415904
     ],
     [
      -47.618374,
      -23.413912
     ],
     [
      -47.618367,
      -23.413667
     ],
     [
      -47.618327,
      -23.413499
     ],
     [
      -47.618245,
      -23.413324
     ],
     [
      -47.618112,
      -23.41312
     ],
     [
      -47.617792,
      -23.412695
     ],
     [
      -47.617664,
      -23.412468
     ],
     [
      -47.617578,
      -23.412249
     ],
     [
      -47.617519,
      -23.412002
     ],
     [
      -47.617476,
      -23.411648
     ],
     [
      -47.617436,
      -23.410796
     ],
     [
      -47.617439,
      -23.409712
     ],
     [
      -47.617477,
      -23.409494
     ],
     [
      -47.617571,
      -23.409281
     ],
     [
      -47.617688,
      -23.409131
     ],
     [
      -47.617834,
      -23.409011
     ],
     [
      -47.618019,
      -23.40892
     ],
     [
      -47.61825,
      -23.408872
     ],
     [
      -47.619248,
      -23.408748
     ],
     [
      -47.61945,
      -23.408707
     ],
     [
      -47.619649,
      -23.408641
     ],
     [
      -47.619813,
      -23.408552
     ],
     [
      -47.619988,
      -23.408409
     ],
     [
      -47.622312,
      -23.40607
     ],
     [
      -47.622416,
      -23.405981
     ],
     [
      -47.622572,
      -23.405871
     ],
     [
      -47.622701,
      -23.405803
     ],
     [
      -47.622887,
      -23.405733
     ],
     [
      -47.623108,
      -23.405698
     ],
     [
      -47.623335,
      -23.40569
     ],
     [
      -47.623535,
      -23.405711
     ],
     [
      -47.624839,
      -23.406003
     ],
     [
      -47.625275,
      -23.406088
     ],
     [
      -47.626066,
      -23.406219
     ],
     [
      -47.626924,
      -23.406355
     ],
     [
      -47.627778,
      -23.406501
     ],
     [
      -47.628035,
      -23.406525
     ],
     [
      -47.62834,
      -23.406526
     ],
     [
      -47.628598,
      -23.406518
     ],
     [
      -47.628842,
      -23.406458
     ],
     [
      -47.629017,
      -23.406394
     ],
     [
      -47.629147,
      -23.406304
     ],
     [
      -47.629258,
      -23.406215
     ],
     [
      -47.629361,
      -23.406121
     ],
     [
      -47.629462,
      -23.406002
     ],
     [
      -47.629533,
      -23.405866
     ],
     [
      -47.630225,
      -23.403889
     ],
     [
      -47.630279,
      -23.403658
     ],
     [
      -47.630273,
      -23.403437
     ],
     [
      -47.630213,
      -23.403215
     ],
     [
      -47.630123,
      -23.403043
     ],
     [
      -47.63005,
      -23.402951
     ],
     [
      -47.629921,
      -23.402849
     ],
     [
      -47.629729,
      -23.402768
     ],
     [
      -47.62848,
      -23.402451
     ],
     [
      -47.62817,
      -23.402325
     ],
     [
      -47.627931,
      -23.40218
     ],
     [
      -47.627759,
      -23.402009
     ],
     [
      -47.627599,
      -23.401754
     ],
     [
      -47.627484,
      -23.4015
     ],
     [
      -47.627424,
      -23.401247
     ],
     [
      -47.627398,
      -23.401023
     ],
     [
      -47.627401,
      -23.400785
     ],
     [
      -47.627432,
      -23.400509
     ],
     [
      -47.627492,
      -23.400247
     ],
     [
      -47.62761,
      -23.399955
     ],
     [
      -47.627816,
      -23.399668
     ],
     [
      -47.630066,
      -23.397085
     ],
     [
      -47.630335,
      -23.396837
     ],
     [
      -47.630545,
      -23.396691
     ],
     [
      -47.630834,
      -23.396544
     ],
     [
      -47.632371,
      -23.396
     ],
     [
      -47.63269,
      -23.395941
     ],
     [
      -47.632928,
      -23.395923
     ],
     [
      -47.633237,
      -23.395945
     ],
     [
      -47.633573,
      -23.396032
     ],
     [
      -47.633877,
      -23.396168
     ],
     [
      -47.634173,
      -23.396403
     ],
     [
      -47.6345,
      -23.396725
     ],
     [
      -47.634771,
      -23.397104
     ],
     [
      -47.635876,
      -23.398714
     ],
     [
      -47.636005,
      -23.398943
     ],
     [
      -47.636088,
      -23.399131
     ],
     [
      -47.63614,
      -23.399361
     ],
     [
      -47.636133,
      -23.399593
     ],
     [
      -47.636091,
      -23.39981
     ],
     [
      -47.635915,
      -23.400345
     ],
     [
      -47.635882,
      -23.400601
     ],
     [
      -47.635885,
      -23.400837
     ],
     [
      -47.635932,
      -23.401087
     ],
     [
      -47.636096,
      -23.401524
     ],
     [
      -47.636291,
      -23.401877
     ],
     [
      -47.637002,
      -23.402758
     ],
     [
      -47.637418,
      -23.403093
     ],
     [
      -47.637703,
      -23.40323
     ],
     [
      -47.637963,
      -23.40329
     ],
     [
      -47.638303,
      -23.403306
     ],
     [
      -47.638541,
      -23.403273
     ],
     [
      -47.638732,
      -23.403223
     ],
     [
      -47.638926,
      -23.403128
     ],
     [
      -47.639071,
      -23.403005
     ],
     [
      -47.639111,
      -23.402971
     ],
     [
      -47.63922,
      -23.402827
     ],
     [
      -47.639326,
      -23.402617
     ],
     [
      -47.639369,
      -23.402445
     ],
     [
      -47.639381,
      -23.402226
     ],
     [
      -47.639361,
      -23.401806
     ],
     [
      -47.639365,
      -23.401593
     ],
     [
      -47.639456,
      -23.401332
     ],
     [
      -47.639574,
      -23.401137
     ],
     [
      -47.639709,
      -23.400973
     ],
     [
      -47.639888,
      -23.400837
     ],
     [
      -47.641265,
      -23.400089
     ],
     [
      -47.641429,
      -23.399986
     ],
     [
      -47.641571,
      -23.399868
     ],
     [
      -47.641678,
      -23.399754
     ],
     [
      -47.641751,
      -23.399651
     ],
     [
      -47.641852,
      -23.399479
     ],
     [
      -47.642751,
      -23.397512
     ],
     [
      -47.642812,
      -23.397397
     ],
     [
      -47.642899,
      -23.397276
     ],
     [
      -47.642988,
      -23.397177
     ],
     [
      -47.643121,
      -23.397055
     ],
     [
      -47.644078,
      -23.396339
     ],
     [
      -47.644262,
      -23.39618
     ],
     [
      -47.64443,
      -23.395988
     ],
     [
      -47.644542,
      -23.395824
     ],
     [
      -47.644598,
      -23.395695
     ],
     [
      -47.644627,
      -23.395585
     ],
     [
      -47.644634,
      -23.395439
     ],
     [
      -47.64462,
      -23.395298
     ],
     [
      -47.644589,
      -23.395131
     ],
     [
      -47.644297,
      -23.394011
     ],
     [
      -47.644262,
      -23.393786
     ],
     [
      -47.644261,
      -23.393644
     ],
     [
      -47.644269,
      -23.393529
     ],
     [
      -47.644302,
      -23.393409
     ],
     [
      -47.64434,
      -23.393306
     ],
     [
      -47.644408,
      -23.39318
     ],
     [
      -47.644502,
      -23.393057
     ],
     [
      -47.644616,
      -23.392947
     ],
     [
      -47.645711,
      -23.392118
     ],
     [
      -47.645825,
      -23.392007
     ],
     [
      -47.645933,
      -23.391861
     ],
     [
      -47.645995,
      -23.391685
     ],
     [
      -47.646033,
      -23.391461
     ],
     [
      -47.646206,
      -23.389215
     ],
     [
      -47.64625,
      -23.389006
     ],
     [
      -47.646304,
      -23.388871
     ],
     [
      -47.646367,
      -23.388734
     ],
     [
      -47.646468,
      -23.388595
     ],
     [
      -47.646574,
      -23.388492
     ],
     [
      -47.646746,
      -23.388364
     ],
     [
      -47.649067,
      -23.387079
     ],
     [
      -47.649239,
      -23.386957
     ],
     [
      -47.649351,
      -23.386868
     ],
     [
      -47.649482,
      -23.386735
     ],
     [
      -47.64963,
      -23.386561
     ],
     [
      -47.649659,
      -23.386438
     ],
     [
      -47.649805,
      -23.386264
     ],
     [
      -47.650032,
      -23.385945
     ],
     [
      -47.650307,
      -23.385492
     ],
     [
      -47.650354,
      -23.38541
     ],
     [
      -47.650869,
      -23.384468
     ],
     [
      -47.650951,
      -23.384319
     ],
     [
      -47.651513,
      -23.38329
     ]
    ]
   }
  },
  {
   "type": "Feature",
   "properties": {
    "id": "sor-variante-ipanema-bacaetava",
    "method": "osm-current",
    "osm_ways": [
     168512337,
     168617174,
     168617181
    ],
    "bridged_gap_m": 0,
    "generated": "2026-10-05"
   },
   "geometry": {
    "type": "LineString",
    "coordinates": [
     [
      -47.592176,
      -23.426145
     ],
     [
      -47.592886,
      -23.42576
     ],
     [
      -47.593844,
      -23.425246
     ],
     [
      -47.594023,
      -23.425145
     ],
     [
      -47.59417,
      -23.425051
     ],
     [
      -47.594293,
      -23.424957
     ],
     [
      -47.594554,
      -23.42474
     ],
     [
      -47.59476,
      -23.424512
     ],
     [
      -47.594865,
      -23.424363
     ],
     [
      -47.594982,
      -23.424175
     ],
     [
      -47.595085,
      -23.423921
     ],
     [
      -47.595151,
      -23.423652
     ],
     [
      -47.595177,
      -23.423493
     ],
     [
      -47.595191,
      -23.423349
     ],
     [
      -47.595194,
      -23.423135
     ],
     [
      -47.595182,
      -23.422974
     ],
     [
      -47.595147,
      -23.422803
     ],
     [
      -47.595064,
      -23.42251
     ],
     [
      -47.594959,
      -23.422269
     ],
     [
      -47.59486,
      -23.422103
     ],
     [
      -47.594763,
      -23.421941
     ],
     [
      -47.594551,
      -23.421722
     ],
     [
      -47.594352,
      -23.421543
     ],
     [
      -47.594006,
      -23.421332
     ],
     [
      -47.59211,
      -23.420551
     ],
     [
      -47.591914,
      -23.420454
     ],
     [
      -47.591726,
      -23.420325
     ],
     [
      -47.59158,
      -23.420211
     ],
     [
      -47.591382,
      -23.420006
     ],
     [
      -47.591245,
      -23.41983
     ],
     [
      -47.591081,
      -23.41957
     ],
     [
      -47.590986,
      -23.41939
     ],
     [
      -47.590911,
      -23.419144
     ],
     [
      -47.590873,
      -23.418988
     ],
     [
      -47.590841,
      -23.418726
     ],
     [
      -47.590855,
      -23.418476
     ],
     [
      -47.590867,
      -23.41832
     ],
     [
      -47.590904,
      -23.418127
     ],
     [
      -47.590947,
      -23.417959
     ],
     [
      -47.591116,
      -23.417499
     ],
     [
      -47.591257,
      -23.417106
     ],
     [
      -47.59136,
      -23.416797
     ],
     [
      -47.591424,
      -23.416548
     ],
     [
      -47.591468,
      -23.416294
     ],
     [
      -47.591491,
      -23.41602
     ],
     [
      -47.591506,
      -23.415349
     ],
     [
      -47.591542,
      -23.414761
     ],
     [
      -47.591607,
      -23.414423
     ],
     [
      -47.591656,
      -23.414195
     ],
     [
      -47.591776,
      -23.413913
     ],
     [
      -47.591875,
      -23.413737
     ],
     [
      -47.592081,
      -23.413458
     ],
     [
      -47.592353,
      -23.413172
     ],
     [
      -47.593461,
      -23.412071
     ],
     [
      -47.594479,
      -23.411061
     ],
     [
      -47.594869,
      -23.410674
     ],
     [
      -47.595078,
      -23.410476
     ],
     [
      -47.595314,
      -23.410298
     ],
     [
      -47.595522,
      -23.41016
     ],
     [
      -47.595708,
      -23.410069
     ],
     [
      -47.595986,
      -23.40996
     ],
     [
      -47.596261,
      -23.409884
     ],
     [
      -47.596543,
      -23.409841
     ],
     [
      -47.596765,
      -23.409831
     ],
     [
      -47.597001,
      -23.409835
     ],
     [
      -47.597332,
      -23.409865
     ],
     [
      -47.597613,
      -23.409932
     ],
     [
      -47.597912,
      -23.410038
     ],
     [
      -47.598171,
      -23.410163
     ],
     [
      -47.598662,
      -23.410445
     ],
     [
      -47.599138,
      -23.410711
     ],
     [
      -47.599348,
      -23.410805
     ],
     [
      -47.599539,
      -23.410882
     ],
     [
      -47.599836,
      -23.410963
     ],
     [
      -47.60015,
      -23.411017
     ],
     [
      -47.600407,
      -23.41104
     ],
     [
      -47.600729,
      -23.411025
     ],
     [
      -47.601052,
      -23.410993
     ],
     [
      -47.601774,
      -23.410902
     ],
     [
      -47.602096,
      -23.410873
     ],
     [
      -47.602383,
      -23.410872
     ],
     [
      -47.602639,
      -23.410893
     ],
     [
      -47.60291,
      -23.410941
     ],
     [
      -47.603196,
      -23.411017
     ],
     [
      -47.603604,
      -23.411156
     ],
     [
      -47.605994,
      -23.412024
     ],
     [
      -47.606423,
      -23.412163
     ],
     [
      -47.606636,
      -23.412212
     ],
     [
      -47.606806,
      -23.412245
     ],
     [
      -47.607117,
      -23.412285
     ],
     [
      -47.607514,
      -23.412306
     ],
     [
      -47.607838,
      -23.412297
     ],
     [
      -47.608288,
      -23.412269
     ],
     [
      -47.608727,
      -23.412206
     ],
     [
      -47.609026,
      -23.41213
     ],
     [
      -47.609199,
      -23.41206
     ],
     [
      -47.609858,
      -23.411787
     ],
     [
      -47.612388,
      -23.41063
     ],
     [
      -47.612571,
      -23.410513
     ],
     [
      -47.612819,
      -23.41036
     ],
     [
      -47.613084,
      -23.410122
     ],
     [
      -47.613321,
      -23.409853
     ],
     [
      -47.613432,
      -23.409657
     ],
     [
      -47.613631,
      -23.409166
     ],
     [
      -47.613946,
      -23.407895
     ],
     [
      -47.614022,
      -23.407715
     ],
     [
      -47.614177,
      -23.40744
     ],
     [
      -47.614389,
      -23.407116
     ],
     [
      -47.614915,
      -23.406667
     ],
     [
      -47.615281,
      -23.406462
     ],
     [
      -47.615794,
      -23.406311
     ],
     [
      -47.616241,
      -23.406262
     ],
     [
      -47.616796,
      -23.406262
     ],
     [
      -47.617442,
      -23.406324
     ],
     [
      -47.617959,
      -23.406364
     ],
     [
      -47.618407,
      -23.406359
     ],
     [
      -47.618768,
      -23.406298
     ],
     [
      -47.619159,
      -23.406186
     ],
     [
      -47.619503,
      -23.406042
     ],
     [
      -47.619831,
      -23.405859
     ],
     [
      -47.622101,
      -23.404241
     ],
     [
      -47.62244,
      -23.404032
     ],
     [
      -47.622787,
      -23.403869
     ],
     [
      -47.623114,
      -23.403764
     ],
     [
      -47.624544,
      -23.403407
     ],
     [
      -47.624878,
      -23.403303
     ],
     [
      -47.625228,
      -23.403138
     ],
     [
      -47.625567,
      -23.40291
     ],
     [
      -47.625837,
      -23.402647
     ],
     [
      -47.626096,
      -23.402303
     ],
     [
      -47.626274,
      -23.401947
     ],
     [
      -47.626338,
      -23.401744
     ],
     [
      -47.62638,
      -23.401606
     ],
     [
      -47.626403,
      -23.40143
     ],
     [
      -47.626386,
      -23.400095
     ],
     [
      -47.626407,
      -23.399774
     ],
     [
      -47.626482,
      -23.399437
     ],
     [
      -47.626578,
      -23.399174
     ],
     [
      -47.626695,
      -23.398947
     ],
     [
      -47.626831,
      -23.398736
     ],
     [
      -47.627089,
      -23.3984
     ],
     [
      -47.627977,
      -23.397303
     ],
     [
      -47.629631,
      -23.395238
     ],
     [
      -47.630023,
      -23.394834
     ],
     [
      -47.630233,
      -23.394651
     ],
     [
      -47.630337,
      -23.394561
     ],
     [
      -47.630678,
      -23.394358
     ],
     [
      -47.630861,
      -23.394262
     ],
     [
      -47.631162,
      -23.394141
     ],
     [
      -47.631542,
      -23.394012
     ],
     [
      -47.631945,
      -23.393939
     ],
     [
      -47.632315,
      -23.393906
     ],
     [
      -47.632595,
      -23.393901
     ],
     [
      -47.632875,
      -23.393934
     ],
     [
      -47.633132,
      -23.393982
     ],
     [
      -47.6334,
      -23.394036
     ],
     [
      -47.633682,
      -23.39411
     ],
     [
      -47.633948,
      -23.394219
     ],
     [
      -47.635366,
      -23.394952
     ],
     [
      -47.635779,
      -23.395158
     ],
     [
      -47.636118,
      -23.395272
     ],
     [
      -47.636507,
      -23.395339
     ],
     [
      -47.636949,
      -23.395358
     ],
     [
      -47.637323,
      -23.395324
     ],
     [
      -47.637763,
      -23.39526
     ],
     [
      -47.639199,
      -23.394923
     ],
     [
      -47.64155,
      -23.394396
     ],
     [
      -47.642261,
      -23.394252
     ],
     [
      -47.642672,
      -23.394138
     ],
     [
      -47.643023,
      -23.393972
     ],
     [
      -47.643343,
      -23.393782
     ],
     [
      -47.643635,
      -23.393566
     ],
     [
      -47.643815,
      -23.39335
     ],
     [
      -47.643934,
      -23.393167
     ],
     [
      -47.644045,
      -23.392982
     ],
     [
      -47.64438,
      -23.392093
     ],
     [
      -47.644788,
      -23.390999
     ],
     [
      -47.645431,
      -23.389156
     ],
     [
      -47.645618,
      -23.388767
     ],
     [
      -47.645872,
      -23.388392
     ],
     [
      -47.646143,
      -23.388079
     ],
     [
      -47.646404,
      -23.38787
     ],
     [
      -47.646686,
      -23.387702
     ],
     [
      -47.647051,
      -23.387543
     ],
     [
      -47.647564,
      -23.387358
     ],
     [
      -47.648631,
      -23.38705
     ],
     [
      -47.649111,
      -23.386852
     ],
     [
      -47.64949,
      -23.3866
     ],
     [
      -47.649659,
      -23.386438
     ],
     [
      -47.649805,
      -23.386264
     ],
     [
      -47.650032,
      -23.385945
     ],
     [
      -47.650307,
      -23.385492
     ],
     [
      -47.650354,
      -23.38541
     ],
     [
      -47.650869,
      -23.384468
     ],
     [
      -47.650951,
      -23.384319
     ],
     [
      -47.651513,
      -23.38329
     ]
    ]
   }
  },
  {
   "type": "Feature",
   "properties": {
    "id": "sor-bacaetava-boituva-original",
    "method": "osm-old",
    "osm_ways": [
     168617181,
     273477611,
     315724509,
     323344994,
     324337865,
     602615630,
     602634777,
     602634780,
     606844242,
     606847153,
     606849030,
     606849031,
     664324654,
     664324655,
     664324656
    ],
    "bridged_gap_m": 144,
    "generated": "2026-10-05"
   },
   "geometry": {
    "type": "LineString",
    "coordinates": [
     [
      -47.651513,
      -23.38329
     ],
     [
      -47.650951,
      -23.384319
     ],
     [
      -47.650869,
      -23.384468
     ],
     [
      -47.650835,
      -23.384459
     ],
     [
      -47.650863,
      -23.384379
     ],
     [
      -47.650883,
      -23.384294
     ],
     [
      -47.650889,
      -23.384189
     ],
     [
      -47.650606,
      -23.379042
     ],
     [
      -47.650613,
      -23.378871
     ],
     [
      -47.650639,
      -23.378711
     ],
     [
      -47.65069,
      -23.378572
     ],
     [
      -47.650761,
      -23.378447
     ],
     [
      -47.650883,
      -23.37832
     ],
     [
      -47.651015,
      -23.378202
     ],
     [
      -47.6512,
      -23.378089
     ],
     [
      -47.652934,
      -23.377176
     ],
     [
      -47.653159,
      -23.377024
     ],
     [
      -47.653334,
      -23.376857
     ],
     [
      -47.653497,
      -23.376649
     ],
     [
      -47.65615,
      -23.37248
     ],
     [
      -47.656269,
      -23.372278
     ],
     [
      -47.656323,
      -23.372005
     ],
     [
      -47.656337,
      -23.371749
     ],
     [
      -47.656284,
      -23.371429
     ],
     [
      -47.656178,
      -23.37112
     ],
     [
      -47.656017,
      -23.370865
     ],
     [
      -47.655788,
      -23.370663
     ],
     [
      -47.655082,
      -23.370208
     ],
     [
      -47.654766,
      -23.369997
     ],
     [
      -47.652343,
      -23.368403
     ],
     [
      -47.652175,
      -23.368226
     ],
     [
      -47.652038,
      -23.367948
     ],
     [
      -47.651963,
      -23.367702
     ],
     [
      -47.651968,
      -23.367409
     ],
     [
      -47.652011,
      -23.367202
     ],
     [
      -47.652113,
      -23.367049
     ],
     [
      -47.653127,
      -23.365811
     ],
     [
      -47.653304,
      -23.365661
     ],
     [
      -47.653504,
      -23.365566
     ],
     [
      -47.653639,
      -23.365517
     ],
     [
      -47.653901,
      -23.365464
     ],
     [
      -47.654151,
      -23.365447
     ],
     [
      -47.654318,
      -23.36546
     ],
     [
      -47.65455,
      -23.36551
     ],
     [
      -47.655409,
      -23.365846
     ],
     [
      -47.655626,
      -23.365922
     ],
     [
      -47.65585,
      -23.365962
     ],
     [
      -47.656062,
      -23.365948
     ],
     [
      -47.656273,
      -23.36592
     ],
     [
      -47.656462,
      -23.365904
     ],
     [
      -47.656709,
      -23.365909
     ],
     [
      -47.65792,
      -23.366034
     ],
     [
      -47.65816,
      -23.366092
     ],
     [
      -47.658395,
      -23.366151
     ],
     [
      -47.658714,
      -23.366246
     ],
     [
      -47.660753,
      -23.367045
     ],
     [
      -47.661257,
      -23.367178
     ],
     [
      -47.661663,
      -23.367191
     ],
     [
      -47.662102,
      -23.367161
     ],
     [
      -47.663536,
      -23.366608
     ],
     [
      -47.663716,
      -23.36649
     ],
     [
      -47.663914,
      -23.366295
     ],
     [
      -47.664026,
      -23.366128
     ],
     [
      -47.664937,
      -23.364066
     ],
     [
      -47.665008,
      -23.363792
     ],
     [
      -47.665023,
      -23.363566
     ],
     [
      -47.665011,
      -23.363345
     ],
     [
      -47.664961,
      -23.363098
     ],
     [
      -47.664885,
      -23.362876
     ],
     [
      -47.66179,
      -23.359361
     ],
     [
      -47.661624,
      -23.359213
     ],
     [
      -47.661418,
      -23.35909
     ],
     [
      -47.661256,
      -23.358996
     ],
     [
      -47.661003,
      -23.358902
     ],
     [
      -47.660654,
      -23.358866
     ],
     [
      -47.657635,
      -23.358947
     ],
     [
      -47.657129,
      -23.358865
     ],
     [
      -47.656787,
      -23.358656
     ],
     [
      -47.656557,
      -23.358378
     ],
     [
      -47.65647,
      -23.35809
     ],
     [
      -47.65647,
      -23.357661
     ],
     [
      -47.656589,
      -23.357321
     ],
     [
      -47.656851,
      -23.357022
     ],
     [
      -47.657227,
      -23.356878
     ],
     [
      -47.658858,
      -23.356716
     ],
     [
      -47.65918,
      -23.356598
     ],
     [
      -47.659442,
      -23.3564
     ],
     [
      -47.660674,
      -23.354831
     ],
     [
      -47.660826,
      -23.354542
     ],
     [
      -47.660891,
      -23.354299
     ],
     [
      -47.661068,
      -23.3528
     ],
     [
      -47.661124,
      -23.352576
     ],
     [
      -47.661241,
      -23.352345
     ],
     [
      -47.661419,
      -23.352187
     ],
     [
      -47.663578,
      -23.350774
     ],
     [
      -47.663806,
      -23.350606
     ],
     [
      -47.665947,
      -23.348683
     ],
     [
      -47.666336,
      -23.348484
     ],
     [
      -47.666749,
      -23.348321
     ],
     [
      -47.66721,
      -23.348277
     ],
     [
      -47.667653,
      -23.348334
     ],
     [
      -47.668025,
      -23.348518
     ],
     [
      -47.668329,
      -23.348809
     ],
     [
      -47.668514,
      -23.349136
     ],
     [
      -47.66925,
      -23.351454
     ],
     [
      -47.669334,
      -23.351628
     ],
     [
      -47.66947,
      -23.35179
     ],
     [
      -47.669647,
      -23.351919
     ],
     [
      -47.669894,
      -23.352023
     ],
     [
      -47.670165,
      -23.352074
     ],
     [
      -47.670429,
      -23.352073
     ],
     [
      -47.67073,
      -23.352011
     ],
     [
      -47.67216,
      -23.35148
     ],
     [
      -47.672505,
      -23.351215
     ],
     [
      -47.672617,
      -23.351067
     ],
     [
      -47.672719,
      -23.350806
     ],
     [
      -47.672843,
      -23.349385
     ],
     [
      -47.672912,
      -23.349168
     ],
     [
      -47.672979,
      -23.348974
     ],
     [
      -47.673143,
      -23.348777
     ],
     [
      -47.674071,
      -23.348046
     ],
     [
      -47.67415,
      -23.347979
     ],
     [
      -47.6745,
      -23.347701
     ],
     [
      -47.675305,
      -23.34725
     ],
     [
      -47.675498,
      -23.347112
     ],
     [
      -47.675819,
      -23.346945
     ],
     [
      -47.677516,
      -23.346435
     ],
     [
      -47.677722,
      -23.346388
     ],
     [
      -47.677869,
      -23.346381
     ],
     [
      -47.67812,
      -23.346409
     ],
     [
      -47.678237,
      -23.346401
     ],
     [
      -47.678347,
      -23.346375
     ],
     [
      -47.678463,
      -23.346311
     ],
     [
      -47.678569,
      -23.346216
     ],
     [
      -47.680005,
      -23.344464
     ],
     [
      -47.680101,
      -23.344317
     ],
     [
      -47.68014,
      -23.344187
     ],
     [
      -47.680143,
      -23.343995
     ],
     [
      -47.680122,
      -23.343848
     ],
     [
      -47.680081,
      -23.343712
     ],
     [
      -47.677865,
      -23.339745
     ],
     [
      -47.677776,
      -23.339585
     ],
     [
      -47.677732,
      -23.339506
     ],
     [
      -47.677618,
      -23.339244
     ],
     [
      -47.677515,
      -23.338985
     ],
     [
      -47.677447,
      -23.338724
     ],
     [
      -47.677421,
      -23.338461
     ],
     [
      -47.677421,
      -23.338222
     ],
     [
      -47.677558,
      -23.336247
     ],
     [
      -47.677559,
      -23.336066
     ],
     [
      -47.677545,
      -23.335872
     ],
     [
      -47.677514,
      -23.33557
     ],
     [
      -47.677459,
      -23.33502
     ],
     [
      -47.677451,
      -23.334898
     ],
     [
      -47.677448,
      -23.334753
     ],
     [
      -47.677628,
      -23.331261
     ],
     [
      -47.677625,
      -23.331045
     ],
     [
      -47.677591,
      -23.33076
     ],
     [
      -47.677542,
      -23.330528
     ],
     [
      -47.677457,
      -23.330237
     ],
     [
      -47.677378,
      -23.33003
     ],
     [
      -47.677276,
      -23.329816
     ],
     [
      -47.676187,
      -23.327835
     ],
     [
      -47.676091,
      -23.327622
     ],
     [
      -47.675275,
      -23.325731
     ],
     [
      -47.675233,
      -23.325555
     ],
     [
      -47.675214,
      -23.325348
     ],
     [
      -47.675218,
      -23.325199
     ],
     [
      -47.675238,
      -23.325027
     ],
     [
      -47.676114,
      -23.319798
     ],
     [
      -47.67619,
      -23.31944
     ],
     [
      -47.676292,
      -23.319082
     ],
     [
      -47.677988,
      -23.31565
     ],
     [
      -47.67809,
      -23.315441
     ],
     [
      -47.678182,
      -23.315195
     ],
     [
      -47.678261,
      -23.314956
     ],
     [
      -47.6783,
      -23.31467
     ],
     [
      -47.678304,
      -23.314434
     ],
     [
      -47.678271,
      -23.311793
     ],
     [
      -47.678271,
      -23.311514
     ],
     [
      -47.678261,
      -23.310955
     ],
     [
      -47.678267,
      -23.310648
     ],
     [
      -47.678285,
      -23.310424
     ],
     [
      -47.678317,
      -23.310258
     ],
     [
      -47.678427,
      -23.309994
     ],
     [
      -47.678485,
      -23.309828
     ],
     [
      -47.678835,
      -23.309023
     ],
     [
      -47.67958,
      -23.307146
     ],
     [
      -47.679706,
      -23.306804
     ],
     [
      -47.679833,
      -23.306473
     ],
     [
      -47.679809,
      -23.306227
     ],
     [
      -47.679813,
      -23.306025
     ],
     [
      -47.679788,
      -23.305661
     ],
     [
      -47.679728,
      -23.30543
     ],
     [
      -47.679636,
      -23.305183
     ],
     [
      -47.679487,
      -23.30494
     ],
     [
      -47.679349,
      -23.304741
     ],
     [
      -47.679144,
      -23.30452
     ],
     [
      -47.678921,
      -23.304329
     ],
     [
      -47.678685,
      -23.3042
     ],
     [
      -47.678442,
      -23.304109
     ],
     [
      -47.678188,
      -23.304056
     ],
     [
      -47.677843,
      -23.304009
     ],
     [
      -47.676892,
      -23.303894
     ],
     [
      -47.675923,
      -23.303704
     ],
     [
      -47.675442,
      -23.303574
     ],
     [
      -47.674985,
      -23.303412
     ],
     [
      -47.67473,
      -23.303272
     ],
     [
      -47.674401,
      -23.303071
     ],
     [
      -47.674118,
      -23.302872
     ],
     [
      -47.673892,
      -23.302697
     ],
     [
      -47.673665,
      -23.302472
     ],
     [
      -47.673208,
      -23.301907
     ],
     [
      -47.673138,
      -23.301774
     ],
     [
      -47.673074,
      -23.301556
     ],
     [
      -47.673049,
      -23.301331
     ],
     [
      -47.673092,
      -23.301153
     ],
     [
      -47.673148,
      -23.300964
     ],
     [
      -47.67329,
      -23.300785
     ],
     [
      -47.673453,
      -23.300626
     ],
     [
      -47.673623,
      -23.300538
     ],
     [
      -47.673856,
      -23.30049
     ],
     [
      -47.674104,
      -23.300447
     ],
     [
      -47.674999,
      -23.300379
     ],
     [
      -47.675339,
      -23.300321
     ],
     [
      -47.675725,
      -23.300246
     ],
     [
      -47.677098,
      -23.299885
     ],
     [
      -47.67754,
      -23.299719
     ],
     [
      -47.677884,
      -23.299527
     ],
     [
      -47.678089,
      -23.299377
     ],
     [
      -47.67849,
      -23.298239
     ],
     [
      -47.675853,
      -23.295396
     ],
     [
      -47.675833,
      -23.295409
     ],
     [
      -47.675537,
      -23.295145
     ],
     [
      -47.675383,
      -23.295003
     ],
     [
      -47.675074,
      -23.294674
     ],
     [
      -47.674948,
      -23.294483
     ],
     [
      -47.674814,
      -23.294245
     ],
     [
      -47.674707,
      -23.294003
     ],
     [
      -47.67464,
      -23.293757
     ],
     [
      -47.674586,
      -23.293515
     ],
     [
      -47.674581,
      -23.293257
     ],
     [
      -47.674583,
      -23.29305
     ],
     [
      -47.674616,
      -23.292833
     ],
     [
      -47.674675,
      -23.292596
     ],
     [
      -47.674766,
      -23.29238
     ],
     [
      -47.67486,
      -23.292217
     ],
     [
      -47.675013,
      -23.292027
     ],
     [
      -47.67516,
      -23.291865
     ],
     [
      -47.675821,
      -23.291286
     ],
     [
      -47.675916,
      -23.291192
     ],
     [
      -47.676012,
      -23.291093
     ],
     [
      -47.676097,
      -23.290991
     ],
     [
      -47.67617,
      -23.290882
     ],
     [
      -47.676224,
      -23.290771
     ],
     [
      -47.676257,
      -23.290654
     ],
     [
      -47.676269,
      -23.290531
     ],
     [
      -47.676255,
      -23.290397
     ],
     [
      -47.676215,
      -23.290271
     ],
     [
      -47.676152,
      -23.290152
     ],
     [
      -47.67607,
      -23.290045
     ],
     [
      -47.675976,
      -23.289946
     ],
     [
      -47.675824,
      -23.289808
     ],
     [
      -47.675666,
      -23.289668
     ],
     [
      -47.675614,
      -23.289616
     ],
     [
      -47.674995,
      -23.289008
     ],
     [
      -47.674911,
      -23.28889
     ],
     [
      -47.67486,
      -23.288809
     ],
     [
      -47.674834,
      -23.288768
     ],
     [
      -47.674767,
      -23.288641
     ],
     [
      -47.674709,
      -23.28851
     ],
     [
      -47.67466,
      -23.288376
     ],
     [
      -47.674621,
      -23.28824
     ],
     [
      -47.674592,
      -23.288101
     ],
     [
      -47.674572,
      -23.287961
     ],
     [
      -47.674563,
      -23.28782
     ],
     [
      -47.674564,
      -23.287679
     ],
     [
      -47.674575,
      -23.287538
     ],
     [
      -47.674595,
      -23.287398
     ],
     [
      -47.674626,
      -23.28726
     ],
     [
      -47.67482,
      -23.286497
     ],
     [
      -47.674832,
      -23.286472
     ],
     [
      -47.674839,
      -23.286458
     ],
     [
      -47.675285,
      -23.284813
     ],
     [
      -47.675335,
      -23.284825
     ],
     [
      -47.675361,
      -23.2847
     ],
     [
      -47.675385,
      -23.284593
     ],
     [
      -47.675531,
      -23.284019
     ]
    ]
   }
  },
  {
   "type": "Feature",
   "properties": {
    "id": "sor-variante-bacaetava-ipero",
    "method": "osm-current",
    "osm_ways": [
     168617181
    ],
    "bridged_gap_m": 0,
    "generated": "2026-10-05"
   },
   "geometry": {
    "type": "LineString",
    "coordinates": [
     [
      -47.651513,
      -23.38329
     ],
     [
      -47.651873,
      -23.38262
     ],
     [
      -47.651991,
      -23.382439
     ],
     [
      -47.652549,
      -23.381676
     ],
     [
      -47.652737,
      -23.381482
     ],
     [
      -47.652879,
      -23.381351
     ],
     [
      -47.653035,
      -23.381229
     ],
     [
      -47.653198,
      -23.381119
     ],
     [
      -47.653386,
      -23.381014
     ],
     [
      -47.653578,
      -23.380921
     ],
     [
      -47.653786,
      -23.380844
     ],
     [
      -47.653997,
      -23.38078
     ],
     [
      -47.654235,
      -23.38073
     ],
     [
      -47.654505,
      -23.380687
     ],
     [
      -47.65782,
      -23.380201
     ],
     [
      -47.660027,
      -23.379862
     ],
     [
      -47.662307,
      -23.37952
     ],
     [
      -47.663063,
      -23.379428
     ],
     [
      -47.663583,
      -23.379283
     ],
     [
      -47.664181,
      -23.378988
     ],
     [
      -47.664599,
      -23.378636
     ],
     [
      -47.665224,
      -23.377905
     ],
     [
      -47.667023,
      -23.375798
     ],
     [
      -47.66749,
      -23.375279
     ],
     [
      -47.668004,
      -23.374892
     ],
     [
      -47.668347,
      -23.374676
     ],
     [
      -47.668915,
      -23.374469
     ],
     [
      -47.669531,
      -23.374311
     ],
     [
      -47.670319,
      -23.374214
     ],
     [
      -47.674145,
      -23.373949
     ],
     [
      -47.675962,
      -23.37384
     ],
     [
      -47.67687,
      -23.373781
     ],
     [
      -47.677598,
      -23.373666
     ],
     [
      -47.678167,
      -23.373517
     ],
     [
      -47.678684,
      -23.373299
     ],
     [
      -47.679325,
      -23.372997
     ],
     [
      -47.679807,
      -23.372683
     ],
     [
      -47.680454,
      -23.372117
     ],
     [
      -47.680896,
      -23.371631
     ],
     [
      -47.681154,
      -23.371236
     ],
     [
      -47.681653,
      -23.370242
     ],
     [
      -47.681982,
      -23.369553
     ],
     [
      -47.683213,
      -23.367029
     ],
     [
      -47.684925,
      -23.363577
     ],
     [
      -47.686221,
      -23.360872
     ],
     [
      -47.686377,
      -23.360546
     ],
     [
      -47.686481,
      -23.360337
     ],
     [
      -47.686633,
      -23.360029
     ],
     [
      -47.686767,
      -23.359725
     ],
     [
      -47.686919,
      -23.359398
     ],
     [
      -47.687033,
      -23.359167
     ],
     [
      -47.687223,
      -23.358777
     ],
     [
      -47.687531,
      -23.358181
     ],
     [
      -47.687822,
      -23.357588
     ],
     [
      -47.687955,
      -23.357236
     ],
     [
      -47.688019,
      -23.357001
     ],
     [
      -47.688063,
      -23.35676
     ],
     [
      -47.688066,
      -23.356516
     ],
     [
      -47.688057,
      -23.356297
     ],
     [
      -47.688028,
      -23.356022
     ],
     [
      -47.687933,
      -23.355733
     ],
     [
      -47.687607,
      -23.354994
     ],
     [
      -47.687228,
      -23.354095
     ],
     [
      -47.686935,
      -23.35343
     ],
     [
      -47.68682,
      -23.353146
     ],
     [
      -47.686729,
      -23.352892
     ],
     [
      -47.686676,
      -23.352703
     ],
     [
      -47.686658,
      -23.352635
     ],
     [
      -47.686579,
      -23.352338
     ],
     [
      -47.68651,
      -23.352084
     ],
     [
      -47.68642,
      -23.351835
     ],
     [
      -47.686386,
      -23.351759
     ],
     [
      -47.686305,
      -23.351586
     ],
     [
      -47.686121,
      -23.351169
     ]
    ]
   }
  },
  {
   "type": "Feature",
   "properties": {
    "id": "sor-ipero-boituva",
    "method": "osm-current",
    "osm_ways": [
     166624467,
     168617181,
     273477611,
     273477613,
     273477622,
     453232848,
     606847153,
     606847154,
     841063095
    ],
    "bridged_gap_m": 0,
    "generated": "2026-10-05"
   },
   "geometry": {
    "type": "LineString",
    "coordinates": [
     [
      -47.686121,
      -23.351169
     ],
     [
      -47.686056,
      -23.351022
     ],
     [
      -47.686031,
      -23.350965
     ],
     [
      -47.686024,
      -23.350949
     ],
     [
      -47.68599,
      -23.350876
     ],
     [
      -47.685917,
      -23.350719
     ],
     [
      -47.68583,
      -23.350527
     ],
     [
      -47.685784,
      -23.350432
     ],
     [
      -47.685718,
      -23.350324
     ],
     [
      -47.685656,
      -23.350213
     ],
     [
      -47.685355,
      -23.349665
     ],
     [
      -47.685289,
      -23.34955
     ],
     [
      -47.685116,
      -23.349249
     ],
     [
      -47.685029,
      -23.349097
     ],
     [
      -47.684834,
      -23.348756
     ],
     [
      -47.684661,
      -23.348496
     ],
     [
      -47.684521,
      -23.348278
     ],
     [
      -47.684265,
      -23.347938
     ],
     [
      -47.683889,
      -23.347435
     ],
     [
      -47.68366,
      -23.347145
     ],
     [
      -47.683511,
      -23.346961
     ],
     [
      -47.683382,
      -23.346806
     ],
     [
      -47.681458,
      -23.344492
     ],
     [
      -47.681264,
      -23.344232
     ],
     [
      -47.680326,
      -23.343096
     ],
     [
      -47.680064,
      -23.342668
     ],
     [
      -47.679889,
      -23.342271
     ],
     [
      -47.6798,
      -23.342036
     ],
     [
      -47.67974,
      -23.341758
     ],
     [
      -47.679696,
      -23.34147
     ],
     [
      -47.679687,
      -23.341295
     ],
     [
      -47.679704,
      -23.341079
     ],
     [
      -47.679735,
      -23.340832
     ],
     [
      -47.679954,
      -23.339618
     ],
     [
      -47.67999,
      -23.339414
     ],
     [
      -47.6809,
      -23.33435
     ],
     [
      -47.680939,
      -23.334037
     ],
     [
      -47.680958,
      -23.333701
     ],
     [
      -47.680956,
      -23.33339
     ],
     [
      -47.680911,
      -23.333097
     ],
     [
      -47.680845,
      -23.332863
     ],
     [
      -47.680699,
      -23.332518
     ],
     [
      -47.680542,
      -23.332246
     ],
     [
      -47.680358,
      -23.332001
     ],
     [
      -47.680182,
      -23.331826
     ],
     [
      -47.679963,
      -23.331629
     ],
     [
      -47.678784,
      -23.330704
     ],
     [
      -47.678467,
      -23.330395
     ],
     [
      -47.67828,
      -23.330078
     ],
     [
      -47.678084,
      -23.329598
     ],
     [
      -47.677972,
      -23.329032
     ],
     [
      -47.677869,
      -23.328148
     ],
     [
      -47.677598,
      -23.32603
     ],
     [
      -47.677626,
      -23.325464
     ],
     [
      -47.677822,
      -23.324881
     ],
     [
      -47.678121,
      -23.32446
     ],
     [
      -47.678728,
      -23.323903
     ],
     [
      -47.679214,
      -23.323448
     ],
     [
      -47.679494,
      -23.323002
     ],
     [
      -47.679662,
      -23.322385
     ],
     [
      -47.6797,
      -23.321879
     ],
     [
      -47.679578,
      -23.321296
     ],
     [
      -47.67927,
      -23.320747
     ],
     [
      -47.678168,
      -23.319434
     ],
     [
      -47.677963,
      -23.319066
     ],
     [
      -47.677841,
      -23.318602
     ],
     [
      -47.677794,
      -23.318122
     ],
     [
      -47.677888,
      -23.317607
     ],
     [
      -47.678159,
      -23.317119
     ],
     [
      -47.679214,
      -23.315841
     ],
     [
      -47.679485,
      -23.315395
     ],
     [
      -47.679634,
      -23.314897
     ],
     [
      -47.679606,
      -23.314254
     ],
     [
      -47.67928,
      -23.31156
     ],
     [
      -47.679298,
      -23.311012
     ],
     [
      -47.679504,
      -23.310402
     ],
     [
      -47.680783,
      -23.307506
     ],
     [
      -47.680962,
      -23.307021
     ],
     [
      -47.681059,
      -23.306483
     ],
     [
      -47.681068,
      -23.306042
     ],
     [
      -47.680783,
      -23.30204
     ],
     [
      -47.68071,
      -23.301271
     ],
     [
      -47.680572,
      -23.300643
     ],
     [
      -47.680189,
      -23.300016
     ],
     [
      -47.67849,
      -23.298239
     ],
     [
      -47.675853,
      -23.295396
     ],
     [
      -47.675679,
      -23.295202
     ],
     [
      -47.675522,
      -23.295008
     ],
     [
      -47.675397,
      -23.294837
     ],
     [
      -47.675282,
      -23.294646
     ],
     [
      -47.67516,
      -23.294379
     ],
     [
      -47.675074,
      -23.294098
     ],
     [
      -47.675034,
      -23.293776
     ],
     [
      -47.675038,
      -23.293461
     ],
     [
      -47.675087,
      -23.293163
     ],
     [
      -47.675174,
      -23.292904
     ],
     [
      -47.675293,
      -23.292654
     ],
     [
      -47.676094,
      -23.291291
     ],
     [
      -47.676204,
      -23.291084
     ],
     [
      -47.676303,
      -23.290843
     ],
     [
      -47.676338,
      -23.290707
     ],
     [
      -47.676355,
      -23.290613
     ],
     [
      -47.676363,
      -23.290513
     ],
     [
      -47.676374,
      -23.290412
     ],
     [
      -47.676371,
      -23.290214
     ],
     [
      -47.676356,
      -23.290053
     ],
     [
      -47.676333,
      -23.289912
     ],
     [
      -47.676293,
      -23.28977
     ],
     [
      -47.676236,
      -23.2896
     ],
     [
      -47.676187,
      -23.289486
     ],
     [
      -47.676152,
      -23.2894
     ],
     [
      -47.676093,
      -23.28928
     ],
     [
      -47.67604,
      -23.289189
     ],
     [
      -47.675315,
      -23.288011
     ],
     [
      -47.675261,
      -23.287903
     ],
     [
      -47.675206,
      -23.2878
     ],
     [
      -47.675167,
      -23.287698
     ],
     [
      -47.675129,
      -23.287587
     ],
     [
      -47.675086,
      -23.287444
     ],
     [
      -47.675059,
      -23.287307
     ],
     [
      -47.675043,
      -23.287163
     ],
     [
      -47.675037,
      -23.287041
     ],
     [
      -47.675036,
      -23.286896
     ],
     [
      -47.675042,
      -23.286787
     ],
     [
      -47.675052,
      -23.286689
     ],
     [
      -47.675062,
      -23.286626
     ],
     [
      -47.675071,
      -23.286565
     ],
     [
      -47.675189,
      -23.285711
     ],
     [
      -47.675236,
      -23.285408
     ],
     [
      -47.675335,
      -23.284825
     ],
     [
      -47.675361,
      -23.2847
     ],
     [
      -47.675385,
      -23.284593
     ],
     [
      -47.675531,
      -23.284019
     ]
    ]
   }
  },
  {
   "type": "Feature",
   "properties": {
    "id": "sor-boituva-cerquilho",
    "method": "osm-current",
    "osm_ways": [
     223918306,
     223918307,
     273477606,
     273477608,
     273477611,
     1131071653,
     1131071654
    ],
    "bridged_gap_m": 0,
    "generated": "2026-10-05"
   },
   "geometry": {
    "type": "LineString",
    "coordinates": [
     [
      -47.675531,
      -23.284019
     ],
     [
      -47.675713,
      -23.283372
     ],
     [
      -47.675859,
      -23.282852
     ],
     [
      -47.675936,
      -23.28264
     ],
     [
      -47.675996,
      -23.282505
     ],
     [
      -47.676081,
      -23.282336
     ],
     [
      -47.676215,
      -23.282121
     ],
     [
      -47.676318,
      -23.281948
     ],
     [
      -47.6767,
      -23.28144
     ],
     [
      -47.677293,
      -23.280768
     ],
     [
      -47.677731,
      -23.280348
     ],
     [
      -47.6783,
      -23.279799
     ],
     [
      -47.67831,
      -23.27979
     ],
     [
      -47.678781,
      -23.279231
     ],
     [
      -47.678839,
      -23.279162
     ],
     [
      -47.679064,
      -23.278807
     ],
     [
      -47.679302,
      -23.27843
     ],
     [
      -47.679428,
      -23.278165
     ],
     [
      -47.679603,
      -23.277796
     ],
     [
      -47.679662,
      -23.277622
     ],
     [
      -47.679823,
      -23.277146
     ],
     [
      -47.679843,
      -23.277062
     ],
     [
      -47.680121,
      -23.275926
     ],
     [
      -47.680126,
      -23.275909
     ],
     [
      -47.680295,
      -23.275216
     ],
     [
      -47.680366,
      -23.274929
     ],
     [
      -47.680773,
      -23.273266
     ],
     [
      -47.680831,
      -23.27303
     ],
     [
      -47.681231,
      -23.271337
     ],
     [
      -47.681387,
      -23.270725
     ],
     [
      -47.681561,
      -23.27001
     ],
     [
      -47.682213,
      -23.265815
     ],
     [
      -47.682197,
      -23.265269
     ],
     [
      -47.682083,
      -23.264866
     ],
     [
      -47.68176,
      -23.264277
     ],
     [
      -47.68063,
      -23.262783
     ],
     [
      -47.680426,
      -23.262335
     ],
     [
      -47.680305,
      -23.261752
     ],
     [
      -47.680329,
      -23.261102
     ],
     [
      -47.680581,
      -23.260153
     ],
     [
      -47.680988,
      -23.258615
     ],
     [
      -47.681207,
      -23.258017
     ],
     [
      -47.681565,
      -23.25739
     ],
     [
      -47.681874,
      -23.256926
     ],
     [
      -47.68227,
      -23.256479
     ],
     [
      -47.684149,
      -23.254704
     ],
     [
      -47.684664,
      -23.254184
     ],
     [
      -47.684924,
      -23.253924
     ],
     [
      -47.685253,
      -23.253677
     ],
     [
      -47.6865,
      -23.252924
     ],
     [
      -47.687089,
      -23.252543
     ],
     [
      -47.687609,
      -23.252158
     ],
     [
      -47.688115,
      -23.251725
     ],
     [
      -47.688622,
      -23.251274
     ],
     [
      -47.689098,
      -23.250737
     ],
     [
      -47.689549,
      -23.250157
     ],
     [
      -47.689917,
      -23.249568
     ],
     [
      -47.690189,
      -23.249088
     ],
     [
      -47.690449,
      -23.248555
     ],
     [
      -47.690635,
      -23.248061
     ],
     [
      -47.690783,
      -23.247659
     ],
     [
      -47.690908,
      -23.247221
     ],
     [
      -47.691021,
      -23.246719
     ],
     [
      -47.69154,
      -23.243844
     ],
     [
      -47.691618,
      -23.243497
     ],
     [
      -47.691618,
      -23.243216
     ],
     [
      -47.691588,
      -23.242939
     ],
     [
      -47.691527,
      -23.242623
     ],
     [
      -47.691164,
      -23.241319
     ],
     [
      -47.690531,
      -23.239219
     ],
     [
      -47.690449,
      -23.238938
     ],
     [
      -47.690402,
      -23.23863
     ],
     [
      -47.690397,
      -23.238288
     ],
     [
      -47.690423,
      -23.237855
     ],
     [
      -47.690501,
      -23.237526
     ],
     [
      -47.690644,
      -23.237145
     ],
     [
      -47.690796,
      -23.236864
     ],
     [
      -47.691047,
      -23.236522
     ],
     [
      -47.691367,
      -23.236171
     ],
     [
      -47.6918,
      -23.235833
     ],
     [
      -47.692212,
      -23.235543
     ],
     [
      -47.692606,
      -23.235292
     ],
     [
      -47.692913,
      -23.235054
     ],
     [
      -47.69329,
      -23.234673
     ],
     [
      -47.69526,
      -23.23246
     ],
     [
      -47.695875,
      -23.231732
     ],
     [
      -47.696234,
      -23.231343
     ],
     [
      -47.696442,
      -23.231087
     ],
     [
      -47.69675,
      -23.230793
     ],
     [
      -47.697066,
      -23.230529
     ],
     [
      -47.697927,
      -23.229949
     ],
     [
      -47.698218,
      -23.229753
     ],
     [
      -47.698442,
      -23.229566
     ],
     [
      -47.698619,
      -23.229382
     ],
     [
      -47.699088,
      -23.22869
     ],
     [
      -47.699272,
      -23.228399
     ],
     [
      -47.69944,
      -23.22817
     ],
     [
      -47.6996,
      -23.227968
     ],
     [
      -47.699815,
      -23.227747
     ],
     [
      -47.70004,
      -23.227557
     ],
     [
      -47.700312,
      -23.227375
     ],
     [
      -47.701134,
      -23.226925
     ],
     [
      -47.70146,
      -23.226733
     ],
     [
      -47.701795,
      -23.226508
     ],
     [
      -47.701983,
      -23.22635
     ],
     [
      -47.702135,
      -23.22621
     ],
     [
      -47.702271,
      -23.226051
     ],
     [
      -47.702452,
      -23.225777
     ],
     [
      -47.70332,
      -23.224371
     ],
     [
      -47.703435,
      -23.224186
     ],
     [
      -47.704445,
      -23.222551
     ],
     [
      -47.704503,
      -23.222452
     ],
     [
      -47.704553,
      -23.222337
     ],
     [
      -47.704599,
      -23.222219
     ],
     [
      -47.704642,
      -23.22209
     ],
     [
      -47.704671,
      -23.221957
     ],
     [
      -47.704788,
      -23.221156
     ],
     [
      -47.704844,
      -23.220775
     ],
     [
      -47.704887,
      -23.220576
     ],
     [
      -47.704994,
      -23.220249
     ],
     [
      -47.70515,
      -23.219897
     ],
     [
      -47.705315,
      -23.219552
     ],
     [
      -47.705625,
      -23.218902
     ],
     [
      -47.705864,
      -23.218412
     ],
     [
      -47.706066,
      -23.218026
     ],
     [
      -47.706336,
      -23.217658
     ],
     [
      -47.706623,
      -23.217358
     ],
     [
      -47.707694,
      -23.216376
     ],
     [
      -47.709369,
      -23.214895
     ],
     [
      -47.709669,
      -23.214616
     ],
     [
      -47.70981,
      -23.214472
     ],
     [
      -47.709935,
      -23.214319
     ],
     [
      -47.710088,
      -23.214095
     ],
     [
      -47.710192,
      -23.213869
     ],
     [
      -47.710263,
      -23.213667
     ],
     [
      -47.710318,
      -23.213459
     ],
     [
      -47.710352,
      -23.213214
     ],
     [
      -47.710661,
      -23.211138
     ],
     [
      -47.710722,
      -23.210789
     ],
     [
      -47.710808,
      -23.210501
     ],
     [
      -47.710888,
      -23.210269
     ],
     [
      -47.71101,
      -23.210091
     ],
     [
      -47.711224,
      -23.209797
     ],
     [
      -47.711776,
      -23.208958
     ],
     [
      -47.713232,
      -23.206624
     ],
     [
      -47.713369,
      -23.206417
     ],
     [
      -47.713511,
      -23.206213
     ],
     [
      -47.71366,
      -23.206007
     ],
     [
      -47.714568,
      -23.204863
     ],
     [
      -47.715678,
      -23.203464
     ],
     [
      -47.715794,
      -23.203331
     ],
     [
      -47.715914,
      -23.203217
     ],
     [
      -47.716086,
      -23.203074
     ],
     [
      -47.716268,
      -23.202953
     ],
     [
      -47.716415,
      -23.202874
     ],
     [
      -47.716677,
      -23.202767
     ],
     [
      -47.717527,
      -23.202413
     ],
     [
      -47.717808,
      -23.202264
     ],
     [
      -47.718175,
      -23.202038
     ],
     [
      -47.718499,
      -23.201806
     ],
     [
      -47.718793,
      -23.201536
     ],
     [
      -47.719155,
      -23.201175
     ],
     [
      -47.721052,
      -23.199101
     ],
     [
      -47.721329,
      -23.198799
     ],
     [
      -47.723571,
      -23.196434
     ],
     [
      -47.723865,
      -23.196093
     ],
     [
      -47.725063,
      -23.194608
     ],
     [
      -47.725273,
      -23.194348
     ],
     [
      -47.727598,
      -23.191466
     ],
     [
      -47.727771,
      -23.191236
     ],
     [
      -47.727918,
      -23.190997
     ],
     [
      -47.728046,
      -23.190746
     ],
     [
      -47.728395,
      -23.189932
     ],
     [
      -47.728561,
      -23.189522
     ],
     [
      -47.728812,
      -23.189099
     ],
     [
      -47.7291,
      -23.188824
     ],
     [
      -47.729461,
      -23.188591
     ],
     [
      -47.729847,
      -23.188407
     ],
     [
      -47.73098,
      -23.187862
     ],
     [
      -47.731304,
      -23.187636
     ],
     [
      -47.731567,
      -23.187391
     ],
     [
      -47.731755,
      -23.187102
     ],
     [
      -47.732783,
      -23.185266
     ],
     [
      -47.732989,
      -23.184963
     ],
     [
      -47.733201,
      -23.184707
     ],
     [
      -47.73347,
      -23.184487
     ],
     [
      -47.733734,
      -23.184309
     ],
     [
      -47.734851,
      -23.183785
     ],
     [
      -47.73504,
      -23.183675
     ],
     [
      -47.73523,
      -23.183556
     ],
     [
      -47.735427,
      -23.183404
     ],
     [
      -47.735644,
      -23.183213
     ],
     [
      -47.735813,
      -23.183006
     ],
     [
      -47.737021,
      -23.181308
     ],
     [
      -47.737194,
      -23.181027
     ],
     [
      -47.737304,
      -23.180818
     ],
     [
      -47.737374,
      -23.180658
     ],
     [
      -47.737422,
      -23.180523
     ],
     [
      -47.737469,
      -23.180383
     ],
     [
      -47.73751,
      -23.180221
     ],
     [
      -47.737538,
      -23.180064
     ],
     [
      -47.73756,
      -23.179888
     ],
     [
      -47.737679,
      -23.178541
     ],
     [
      -47.737735,
      -23.178191
     ],
     [
      -47.737817,
      -23.177961
     ],
     [
      -47.737973,
      -23.177636
     ],
     [
      -47.738043,
      -23.177528
     ],
     [
      -47.73815,
      -23.177402
     ],
     [
      -47.738315,
      -23.177226
     ],
     [
      -47.738445,
      -23.177111
     ],
     [
      -47.739571,
      -23.176224
     ],
     [
      -47.739686,
      -23.176119
     ],
     [
      -47.739762,
      -23.176046
     ],
     [
      -47.739847,
      -23.175949
     ],
     [
      -47.73991,
      -23.175865
     ],
     [
      -47.740018,
      -23.175701
     ],
     [
      -47.740068,
      -23.17562
     ],
     [
      -47.740112,
      -23.175532
     ],
     [
      -47.740152,
      -23.175429
     ],
     [
      -47.740204,
      -23.175268
     ],
     [
      -47.741103,
      -23.172086
     ],
     [
      -47.741149,
      -23.171923
     ],
     [
      -47.741177,
      -23.171802
     ],
     [
      -47.741199,
      -23.171689
     ],
     [
      -47.741222,
      -23.171545
     ],
     [
      -47.741232,
      -23.171396
     ],
     [
      -47.741227,
      -23.171269
     ],
     [
      -47.74122,
      -23.171159
     ],
     [
      -47.741212,
      -23.171067
     ],
     [
      -47.741193,
      -23.170946
     ],
     [
      -47.741172,
      -23.170832
     ],
     [
      -47.741143,
      -23.170727
     ],
     [
      -47.741114,
      -23.170639
     ],
     [
      -47.741069,
      -23.170528
     ],
     [
      -47.741014,
      -23.170396
     ],
     [
      -47.740944,
      -23.170255
     ],
     [
      -47.740797,
      -23.169989
     ],
     [
      -47.74044,
      -23.169383
     ],
     [
      -47.740363,
      -23.169239
     ],
     [
      -47.740265,
      -23.169039
     ],
     [
      -47.740203,
      -23.16886
     ],
     [
      -47.740158,
      -23.168705
     ],
     [
      -47.740114,
      -23.168505
     ],
     [
      -47.740086,
      -23.1683
     ],
     [
      -47.74008,
      -23.168096
     ],
     [
      -47.740095,
      -23.167892
     ],
     [
      -47.740126,
      -23.167705
     ],
     [
      -47.74014,
      -23.167634
     ],
     [
      -47.740189,
      -23.167433
     ],
     [
      -47.740257,
      -23.167231
     ],
     [
      -47.740349,
      -23.167027
     ],
     [
      -47.74045,
      -23.166835
     ],
     [
      -47.74057,
      -23.166658
     ],
     [
      -47.740627,
      -23.16659
     ],
     [
      -47.740773,
      -23.166419
     ],
     [
      -47.741378,
      -23.165792
     ],
     [
      -47.741528,
      -23.165637
     ],
     [
      -47.741648,
      -23.165513
     ],
     [
      -47.742453,
      -23.16468
     ],
     [
      -47.74252,
      -23.164611
     ],
     [
      -47.742576,
      -23.164552
     ],
     [
      -47.742664,
      -23.164461
     ],
     [
      -47.743108,
      -23.164002
     ],
     [
      -47.744022,
      -23.163055
     ]
    ]
   }
  },
  {
   "type": "Feature",
   "properties": {
    "id": "sor-ramal-tiete",
    "method": "osm-old",
    "osm_ways": [
     192567353,
     223918307,
     429484902,
     429889024,
     429920815,
     604223513,
     604223515,
     605891507,
     662678973,
     662678977,
     662678982,
     664014722,
     689792411,
     689792412
    ],
    "bridged_gap_m": 714,
    "generated": "2026-10-05"
   },
   "geometry": {
    "type": "LineString",
    "coordinates": [
     [
      -47.744022,
      -23.163055
     ],
     [
      -47.744495,
      -23.162565
     ],
     [
      -47.7446,
      -23.16247
     ],
     [
      -47.743617,
      -23.157003
     ],
     [
      -47.743587,
      -23.156874
     ],
     [
      -47.743543,
      -23.156725
     ],
     [
      -47.743483,
      -23.156553
     ],
     [
      -47.741361,
      -23.152183
     ],
     [
      -47.741239,
      -23.151946
     ],
     [
      -47.741122,
      -23.151768
     ],
     [
      -47.740124,
      -23.150059
     ],
     [
      -47.740051,
      -23.149935
     ],
     [
      -47.73979,
      -23.149487
     ],
     [
      -47.739609,
      -23.149198
     ],
     [
      -47.738759,
      -23.147838
     ],
     [
      -47.73845,
      -23.147351
     ],
     [
      -47.737955,
      -23.146636
     ],
     [
      -47.736367,
      -23.144214
     ],
     [
      -47.734545,
      -23.141176
     ],
     [
      -47.734487,
      -23.141083
     ],
     [
      -47.733743,
      -23.139902
     ],
     [
      -47.732644,
      -23.138156
     ],
     [
      -47.732452,
      -23.137942
     ],
     [
      -47.73225,
      -23.137769
     ],
     [
      -47.732044,
      -23.137629
     ],
     [
      -47.731864,
      -23.137551
     ],
     [
      -47.731634,
      -23.137484
     ],
     [
      -47.731443,
      -23.137454
     ],
     [
      -47.731138,
      -23.13742
     ],
     [
      -47.730839,
      -23.137429
     ],
     [
      -47.730629,
      -23.13747
     ],
     [
      -47.73036,
      -23.137549
     ],
     [
      -47.728581,
      -23.138304
     ],
     [
      -47.727633,
      -23.138684
     ],
     [
      -47.727324,
      -23.138788
     ],
     [
      -47.727,
      -23.138858
     ],
     [
      -47.726734,
      -23.138893
     ],
     [
      -47.726412,
      -23.138908
     ],
     [
      -47.726147,
      -23.138879
     ],
     [
      -47.725931,
      -23.138826
     ],
     [
      -47.725619,
      -23.138714
     ],
     [
      -47.725119,
      -23.138458
     ],
     [
      -47.724843,
      -23.138272
     ],
     [
      -47.7242,
      -23.137726
     ],
     [
      -47.724092,
      -23.137606
     ],
     [
      -47.723987,
      -23.137465
     ],
     [
      -47.723886,
      -23.137309
     ],
     [
      -47.723796,
      -23.137145
     ],
     [
      -47.72347,
      -23.136485
     ],
     [
      -47.723155,
      -23.135872
     ],
     [
      -47.723125,
      -23.135811
     ],
     [
      -47.722835,
      -23.135195
     ],
     [
      -47.722681,
      -23.134851
     ],
     [
      -47.722582,
      -23.134625
     ],
     [
      -47.722481,
      -23.134369
     ],
     [
      -47.722358,
      -23.134068
     ],
     [
      -47.721978,
      -23.133315
     ],
     [
      -47.721894,
      -23.133187
     ],
     [
      -47.721774,
      -23.133036
     ],
     [
      -47.72163,
      -23.132884
     ],
     [
      -47.721511,
      -23.132774
     ],
     [
      -47.721389,
      -23.132679
     ],
     [
      -47.720959,
      -23.132413
     ],
     [
      -47.720518,
      -23.132168
     ],
     [
      -47.72037,
      -23.132084
     ],
     [
      -47.719419,
      -23.131631
     ],
     [
      -47.719244,
      -23.131537
     ],
     [
      -47.718962,
      -23.131286
     ],
     [
      -47.718832,
      -23.131145
     ],
     [
      -47.718695,
      -23.130962
     ],
     [
      -47.718615,
      -23.130829
     ],
     [
      -47.718546,
      -23.130686
     ],
     [
      -47.718497,
      -23.130544
     ],
     [
      -47.718456,
      -23.130394
     ],
     [
      -47.718431,
      -23.130231
     ],
     [
      -47.718412,
      -23.129981
     ],
     [
      -47.718171,
      -23.125438
     ],
     [
      -47.718144,
      -23.125273
     ],
     [
      -47.718081,
      -23.125058
     ],
     [
      -47.717978,
      -23.124824
     ],
     [
      -47.717841,
      -23.124639
     ],
     [
      -47.717307,
      -23.123999
     ],
     [
      -47.716123,
      -23.12261
     ],
     [
      -47.715232,
      -23.121541
     ],
     [
      -47.714961,
      -23.121231
     ],
     [
      -47.714527,
      -23.120712
     ],
     [
      -47.714276,
      -23.120413
     ],
     [
      -47.713969,
      -23.12007
     ],
     [
      -47.713834,
      -23.11993
     ],
     [
      -47.713716,
      -23.119823
     ],
     [
      -47.713608,
      -23.119751
     ],
     [
      -47.713439,
      -23.119684
     ],
     [
      -47.713258,
      -23.119627
     ],
     [
      -47.712975,
      -23.119562
     ],
     [
      -47.712877,
      -23.119539
     ],
     [
      -47.712718,
      -23.119506
     ],
     [
      -47.712585,
      -23.119478
     ],
     [
      -47.712412,
      -23.119439
     ],
     [
      -47.712248,
      -23.119377
     ],
     [
      -47.712147,
      -23.119313
     ],
     [
      -47.711965,
      -23.119241
     ],
     [
      -47.711887,
      -23.119184
     ],
     [
      -47.71176,
      -23.119101
     ],
     [
      -47.711648,
      -23.119002
     ],
     [
      -47.711561,
      -23.118884
     ],
     [
      -47.711499,
      -23.118755
     ],
     [
      -47.711461,
      -23.118617
     ],
     [
      -47.711452,
      -23.118476
     ],
     [
      -47.711474,
      -23.118342
     ],
     [
      -47.711521,
      -23.118217
     ],
     [
      -47.711592,
      -23.118103
     ],
     [
      -47.711846,
      -23.117828
     ],
     [
      -47.711874,
      -23.117816
     ],
     [
      -47.711933,
      -23.117734
     ],
     [
      -47.712182,
      -23.117458
     ],
     [
      -47.712273,
      -23.117368
     ],
     [
      -47.712598,
      -23.117015
     ],
     [
      -47.712631,
      -23.116974
     ],
     [
      -47.712734,
      -23.116838
     ],
     [
      -47.712818,
      -23.116691
     ],
     [
      -47.712887,
      -23.116519
     ],
     [
      -47.712929,
      -23.116326
     ],
     [
      -47.712935,
      -23.116227
     ],
     [
      -47.712932,
      -23.115916
     ],
     [
      -47.712931,
      -23.115641
     ],
     [
      -47.71293,
      -23.115533
     ],
     [
      -47.712937,
      -23.114872
     ],
     [
      -47.712951,
      -23.114656
     ],
     [
      -47.712978,
      -23.114527
     ],
     [
      -47.713014,
      -23.114424
     ],
     [
      -47.713129,
      -23.114235
     ],
     [
      -47.713275,
      -23.114077
     ],
     [
      -47.713399,
      -23.113972
     ],
     [
      -47.713568,
      -23.113849
     ],
     [
      -47.713896,
      -23.113641
     ],
     [
      -47.714167,
      -23.113427
     ],
     [
      -47.714271,
      -23.113321
     ],
     [
      -47.714376,
      -23.113198
     ],
     [
      -47.714652,
      -23.112885
     ],
     [
      -47.714992,
      -23.11248
     ],
     [
      -47.71504,
      -23.11242
     ],
     [
      -47.715222,
      -23.112305
     ],
     [
      -47.715416,
      -23.112227
     ],
     [
      -47.715625,
      -23.112173
     ],
     [
      -47.71584,
      -23.112161
     ],
     [
      -47.716056,
      -23.112182
     ],
     [
      -47.716264,
      -23.112231
     ],
     [
      -47.71695,
      -23.11242
     ],
     [
      -47.717172,
      -23.112468
     ],
     [
      -47.717399,
      -23.11248
     ],
     [
      -47.717626,
      -23.112455
     ],
     [
      -47.717844,
      -23.112395
     ],
     [
      -47.718048,
      -23.112302
     ],
     [
      -47.718231,
      -23.112177
     ],
     [
      -47.718389,
      -23.112026
     ],
     [
      -47.718515,
      -23.111851
     ],
     [
      -47.718607,
      -23.11166
     ],
     [
      -47.718662,
      -23.111456
     ],
     [
      -47.718677,
      -23.111247
     ],
     [
      -47.718653,
      -23.111038
     ],
     [
      -47.718591,
      -23.110837
     ],
     [
      -47.718491,
      -23.110648
     ],
     [
      -47.718358,
      -23.110478
     ],
     [
      -47.718195,
      -23.110332
     ],
     [
      -47.718027,
      -23.110234
     ],
     [
      -47.717847,
      -23.11016
     ],
     [
      -47.716904,
      -23.109843
     ]
    ]
   }
  },
  {
   "type": "Feature",
   "properties": {
    "id": "sor-cerquilho-laranjal",
    "method": "osm-current",
    "osm_ways": [
     167144764,
     167144765,
     223918304,
     223918305,
     223918307,
     583478412,
     583478421,
     1133834199,
     1133834200,
     1133841687
    ],
    "bridged_gap_m": 0,
    "generated": "2026-10-05"
   },
   "geometry": {
    "type": "LineString",
    "coordinates": [
     [
      -47.744022,
      -23.163055
     ],
     [
      -47.744495,
      -23.162565
     ],
     [
      -47.7446,
      -23.16247
     ],
     [
      -47.744714,
      -23.162379
     ],
     [
      -47.744832,
      -23.162298
     ],
     [
      -47.744953,
      -23.162225
     ],
     [
      -47.745078,
      -23.162158
     ],
     [
      -47.74521,
      -23.162098
     ],
     [
      -47.745345,
      -23.162046
     ],
     [
      -47.745484,
      -23.161999
     ],
     [
      -47.745625,
      -23.161961
     ],
     [
      -47.745768,
      -23.161933
     ],
     [
      -47.745912,
      -23.161913
     ],
     [
      -47.746053,
      -23.161902
     ],
     [
      -47.746204,
      -23.161899
     ],
     [
      -47.746334,
      -23.161904
     ],
     [
      -47.746537,
      -23.161913
     ],
     [
      -47.746648,
      -23.161921
     ],
     [
      -47.746826,
      -23.161939
     ],
     [
      -47.747248,
      -23.161996
     ],
     [
      -47.747586,
      -23.16204
     ],
     [
      -47.747811,
      -23.162058
     ],
     [
      -47.748036,
      -23.162056
     ],
     [
      -47.74826,
      -23.162034
     ],
     [
      -47.74852,
      -23.161976
     ],
     [
      -47.748696,
      -23.161931
     ],
     [
      -47.748904,
      -23.161852
     ],
     [
      -47.749103,
      -23.161754
     ],
     [
      -47.74929,
      -23.16164
     ],
     [
      -47.749465,
      -23.161509
     ],
     [
      -47.749626,
      -23.161364
     ],
     [
      -47.749771,
      -23.161205
     ],
     [
      -47.749894,
      -23.161031
     ],
     [
      -47.750007,
      -23.160853
     ],
     [
      -47.750096,
      -23.160649
     ],
     [
      -47.750171,
      -23.160426
     ],
     [
      -47.750218,
      -23.160175
     ],
     [
      -47.750237,
      -23.159921
     ],
     [
      -47.750229,
      -23.159708
     ],
     [
      -47.750199,
      -23.159487
     ],
     [
      -47.750157,
      -23.159264
     ],
     [
      -47.750022,
      -23.158634
     ],
     [
      -47.74991,
      -23.158111
     ],
     [
      -47.74988,
      -23.157931
     ],
     [
      -47.749865,
      -23.157759
     ],
     [
      -47.749856,
      -23.157533
     ],
     [
      -47.749866,
      -23.157285
     ],
     [
      -47.749905,
      -23.157036
     ],
     [
      -47.749962,
      -23.156786
     ],
     [
      -47.750072,
      -23.156517
     ],
     [
      -47.750185,
      -23.156312
     ],
     [
      -47.750246,
      -23.156196
     ],
     [
      -47.750359,
      -23.156027
     ],
     [
      -47.750488,
      -23.155864
     ],
     [
      -47.750619,
      -23.155727
     ],
     [
      -47.751169,
      -23.155206
     ],
     [
      -47.751275,
      -23.155115
     ],
     [
      -47.753341,
      -23.153221
     ],
     [
      -47.753517,
      -23.153077
     ],
     [
      -47.753725,
      -23.152922
     ],
     [
      -47.754062,
      -23.152703
     ],
     [
      -47.754398,
      -23.152533
     ],
     [
      -47.755716,
      -23.151957
     ],
     [
      -47.755935,
      -23.151854
     ],
     [
      -47.756146,
      -23.151736
     ],
     [
      -47.756346,
      -23.151604
     ],
     [
      -47.756534,
      -23.151459
     ],
     [
      -47.756711,
      -23.151301
     ],
     [
      -47.756874,
      -23.151131
     ],
     [
      -47.757022,
      -23.15095
     ],
     [
      -47.757155,
      -23.15076
     ],
     [
      -47.757273,
      -23.150561
     ],
     [
      -47.757373,
      -23.150354
     ],
     [
      -47.757403,
      -23.150296
     ],
     [
      -47.757739,
      -23.149494
     ],
     [
      -47.757889,
      -23.14921
     ],
     [
      -47.758108,
      -23.148831
     ],
     [
      -47.758378,
      -23.148468
     ],
     [
      -47.758749,
      -23.148143
     ],
     [
      -47.759306,
      -23.147718
     ],
     [
      -47.762676,
      -23.14531
     ],
     [
      -47.763225,
      -23.144912
     ],
     [
      -47.763572,
      -23.144588
     ],
     [
      -47.763835,
      -23.144209
     ],
     [
      -47.763951,
      -23.143861
     ],
     [
      -47.764028,
      -23.143467
     ],
     [
      -47.764036,
      -23.143058
     ],
     [
      -47.763945,
      -23.142728
     ],
     [
      -47.762707,
      -23.1391
     ],
     [
      -47.762529,
      -23.138544
     ],
     [
      -47.762428,
      -23.138196
     ],
     [
      -47.762382,
      -23.137871
     ],
     [
      -47.762382,
      -23.137493
     ],
     [
      -47.762398,
      -23.137145
     ],
     [
      -47.762483,
      -23.136751
     ],
     [
      -47.762525,
      -23.136595
     ],
     [
      -47.762547,
      -23.136525
     ],
     [
      -47.762628,
      -23.136328
     ],
     [
      -47.762716,
      -23.13614
     ],
     [
      -47.763848,
      -23.133731
     ],
     [
      -47.765252,
      -23.130741
     ],
     [
      -47.76535,
      -23.13054
     ],
     [
      -47.76546,
      -23.130348
     ],
     [
      -47.765585,
      -23.130166
     ],
     [
      -47.765726,
      -23.129997
     ],
     [
      -47.765884,
      -23.129833
     ],
     [
      -47.766689,
      -23.129081
     ],
     [
      -47.766989,
      -23.128782
     ],
     [
      -47.767149,
      -23.128553
     ],
     [
      -47.76731,
      -23.128298
     ],
     [
      -47.767434,
      -23.128058
     ],
     [
      -47.767523,
      -23.127784
     ],
     [
      -47.767576,
      -23.127507
     ],
     [
      -47.767602,
      -23.127193
     ],
     [
      -47.767592,
      -23.126857
     ],
     [
      -47.767536,
      -23.126513
     ],
     [
      -47.767461,
      -23.126268
     ],
     [
      -47.767337,
      -23.125992
     ],
     [
      -47.765578,
      -23.12278
     ],
     [
      -47.765476,
      -23.122551
     ],
     [
      -47.765402,
      -23.122313
     ],
     [
      -47.765357,
      -23.12207
     ],
     [
      -47.765342,
      -23.121823
     ],
     [
      -47.765356,
      -23.121576
     ],
     [
      -47.7654,
      -23.121332
     ],
     [
      -47.765472,
      -23.121094
     ],
     [
      -47.765572,
      -23.120865
     ],
     [
      -47.7657,
      -23.120647
     ],
     [
      -47.765852,
      -23.120444
     ],
     [
      -47.766028,
      -23.120257
     ],
     [
      -47.766225,
      -23.120089
     ],
     [
      -47.766441,
      -23.119942
     ],
     [
      -47.767451,
      -23.119283
     ],
     [
      -47.767653,
      -23.119119
     ],
     [
      -47.767835,
      -23.118937
     ],
     [
      -47.767995,
      -23.118738
     ],
     [
      -47.768131,
      -23.118524
     ],
     [
      -47.768243,
      -23.118299
     ],
     [
      -47.768328,
      -23.118064
     ],
     [
      -47.768386,
      -23.117822
     ],
     [
      -47.768416,
      -23.117576
     ],
     [
      -47.768418,
      -23.117328
     ],
     [
      -47.768391,
      -23.117081
     ],
     [
      -47.768216,
      -23.11596
     ],
     [
      -47.768192,
      -23.11566
     ],
     [
      -47.768188,
      -23.115421
     ],
     [
      -47.768226,
      -23.115096
     ],
     [
      -47.768301,
      -23.114741
     ],
     [
      -47.768505,
      -23.114347
     ],
     [
      -47.768755,
      -23.114037
     ],
     [
      -47.769058,
      -23.11378
     ],
     [
      -47.769428,
      -23.113553
     ],
     [
      -47.769784,
      -23.113402
     ],
     [
      -47.770943,
      -23.113008
     ],
     [
      -47.771237,
      -23.112874
     ],
     [
      -47.771478,
      -23.112708
     ],
     [
      -47.771713,
      -23.112521
     ],
     [
      -47.771948,
      -23.112259
     ],
     [
      -47.77213,
      -23.111981
     ],
     [
      -47.772264,
      -23.111708
     ],
     [
      -47.772355,
      -23.111393
     ],
     [
      -47.772414,
      -23.111098
     ],
     [
      -47.772397,
      -23.110788
     ],
     [
      -47.77236,
      -23.110483
     ],
     [
      -47.772301,
      -23.110114
     ],
     [
      -47.772205,
      -23.109708
     ],
     [
      -47.772173,
      -23.109403
     ],
     [
      -47.772168,
      -23.109093
     ],
     [
      -47.772248,
      -23.108697
     ],
     [
      -47.772355,
      -23.108419
     ],
     [
      -47.77252,
      -23.108114
     ],
     [
      -47.772734,
      -23.107852
     ],
     [
      -47.772991,
      -23.107622
     ],
     [
      -47.773296,
      -23.107414
     ],
     [
      -47.774569,
      -23.106761
     ],
     [
      -47.774911,
      -23.106558
     ],
     [
      -47.775157,
      -23.106365
     ],
     [
      -47.775334,
      -23.106173
     ],
     [
      -47.77551,
      -23.105959
     ],
     [
      -47.775676,
      -23.105659
     ],
     [
      -47.775799,
      -23.10536
     ],
     [
      -47.775836,
      -23.105122
     ],
     [
      -47.775866,
      -23.104939
     ],
     [
      -47.775877,
      -23.104732
     ],
     [
      -47.77587,
      -23.104568
     ],
     [
      -47.775824,
      -23.104212
     ],
     [
      -47.775703,
      -23.103902
     ],
     [
      -47.77556,
      -23.103653
     ],
     [
      -47.775363,
      -23.103388
     ],
     [
      -47.775098,
      -23.103123
     ],
     [
      -47.774697,
      -23.10276
     ],
     [
      -47.774348,
      -23.102439
     ],
     [
      -47.774182,
      -23.102278
     ],
     [
      -47.774043,
      -23.102097
     ],
     [
      -47.773926,
      -23.101893
     ],
     [
      -47.773813,
      -23.101674
     ],
     [
      -47.773728,
      -23.101449
     ],
     [
      -47.773653,
      -23.101166
     ],
     [
      -47.773642,
      -23.100861
     ],
     [
      -47.773631,
      -23.100653
     ],
     [
      -47.773658,
      -23.100385
     ],
     [
      -47.773749,
      -23.100139
     ],
     [
      -47.773899,
      -23.099834
     ],
     [
      -47.774049,
      -23.099626
     ],
     [
      -47.774263,
      -23.09939
     ],
     [
      -47.775156,
      -23.098556
     ],
     [
      -47.775352,
      -23.098347
     ],
     [
      -47.775484,
      -23.09816
     ],
     [
      -47.775582,
      -23.097996
     ],
     [
      -47.775666,
      -23.097823
     ],
     [
      -47.775784,
      -23.097557
     ],
     [
      -47.776109,
      -23.096863
     ],
     [
      -47.776165,
      -23.096755
     ],
     [
      -47.776289,
      -23.096542
     ],
     [
      -47.776404,
      -23.096394
     ],
     [
      -47.776515,
      -23.096252
     ],
     [
      -47.777166,
      -23.095444
     ],
     [
      -47.777446,
      -23.095106
     ],
     [
      -47.777549,
      -23.094966
     ],
     [
      -47.777611,
      -23.094872
     ],
     [
      -47.777681,
      -23.094754
     ],
     [
      -47.77776,
      -23.094606
     ],
     [
      -47.779268,
      -23.091604
     ],
     [
      -47.779495,
      -23.091173
     ],
     [
      -47.779713,
      -23.090713
     ],
     [
      -47.779804,
      -23.090462
     ],
     [
      -47.779859,
      -23.090234
     ],
     [
      -47.779898,
      -23.090017
     ],
     [
      -47.779925,
      -23.089747
     ],
     [
      -47.779976,
      -23.088982
     ],
     [
      -47.779991,
      -23.088796
     ],
     [
      -47.780024,
      -23.088612
     ],
     [
      -47.780074,
      -23.088431
     ],
     [
      -47.780141,
      -23.088255
     ],
     [
      -47.780225,
      -23.088085
     ],
     [
      -47.780325,
      -23.087923
     ],
     [
      -47.78044,
      -23.087769
     ],
     [
      -47.780569,
      -23.087625
     ],
     [
      -47.780711,
      -23.087492
     ],
     [
      -47.780866,
      -23.087371
     ],
     [
      -47.781031,
      -23.087263
     ],
     [
      -47.781206,
      -23.087169
     ],
     [
      -47.78139,
      -23.087089
     ],
     [
      -47.78269,
      -23.086554
     ],
     [
      -47.782844,
      -23.086489
     ],
     [
      -47.783006,
      -23.086408
     ],
     [
      -47.783613,
      -23.086082
     ],
     [
      -47.786486,
      -23.084545
     ],
     [
      -47.786607,
      -23.08448
     ],
     [
      -47.789917,
      -23.08271
     ],
     [
      -47.790762,
      -23.082234
     ],
     [
      -47.790947,
      -23.082137
     ],
     [
      -47.791139,
      -23.082051
     ],
     [
      -47.791336,
      -23.081976
     ],
     [
      -47.791538,
      -23.081913
     ],
     [
      -47.791744,
      -23.081862
     ],
     [
      -47.791968,
      -23.081833
     ],
     [
      -47.792194,
      -23.081827
     ],
     [
      -47.79242,
      -23.081842
     ],
     [
      -47.792643,
      -23.081876
     ],
     [
      -47.792861,
      -23.08193
     ],
     [
      -47.793073,
      -23.082003
     ],
     [
      -47.793276,
      -23.082095
     ],
     [
      -47.794192,
      -23.082523
     ],
     [
      -47.794362,
      -23.082603
     ],
     [
      -47.794487,
      -23.08265
     ],
     [
      -47.794638,
      -23.082696
     ],
     [
      -47.794827,
      -23.08274
     ],
     [
      -47.794985,
      -23.082769
     ],
     [
      -47.796736,
      -23.083056
     ],
     [
      -47.796971,
      -23.083075
     ],
     [
      -47.797153,
      -23.083073
     ],
     [
      -47.797375,
      -23.08306
     ],
     [
      -47.797604,
      -23.083025
     ],
     [
      -47.797807,
      -23.082976
     ],
     [
      -47.798892,
      -23.082626
     ],
     [
      -47.799198,
      -23.082542
     ],
     [
      -47.79946,
      -23.082485
     ],
     [
      -47.799719,
      -23.082464
     ],
     [
      -47.799925,
      -23.082474
     ],
     [
      -47.800142,
      -23.082506
     ],
     [
      -47.800357,
      -23.082549
     ],
     [
      -47.800648,
      -23.082643
     ],
     [
      -47.800836,
      -23.082731
     ],
     [
      -47.800989,
      -23.082822
     ],
     [
      -47.801173,
      -23.082955
     ],
     [
      -47.801338,
      -23.08308
     ],
     [
      -47.80218,
      -23.083773
     ],
     [
      -47.802384,
      -23.083926
     ],
     [
      -47.802597,
      -23.084062
     ],
     [
      -47.802824,
      -23.084176
     ],
     [
      -47.803063,
      -23.084266
     ],
     [
      -47.803312,
      -23.084332
     ],
     [
      -47.803567,
      -23.084372
     ],
     [
      -47.803825,
      -23.084386
     ],
     [
      -47.804083,
      -23.084374
     ],
     [
      -47.804339,
      -23.084336
     ],
     [
      -47.804588,
      -23.084272
     ],
     [
      -47.804828,
      -23.084184
     ],
     [
      -47.805066,
      -23.084081
     ],
     [
      -47.805885,
      -23.083681
     ],
     [
      -47.806147,
      -23.083562
     ],
     [
      -47.806451,
      -23.083461
     ],
     [
      -47.806735,
      -23.083387
     ],
     [
      -47.807026,
      -23.08334
     ],
     [
      -47.807278,
      -23.083323
     ],
     [
      -47.807576,
      -23.083336
     ],
     [
      -47.807853,
      -23.083389
     ],
     [
      -47.808075,
      -23.083458
     ],
     [
      -47.80828,
      -23.08354
     ],
     [
      -47.809417,
      -23.084082
     ],
     [
      -47.809708,
      -23.084218
     ],
     [
      -47.810002,
      -23.084329
     ],
     [
      -47.810149,
      -23.084379
     ],
     [
      -47.812178,
      -23.085107
     ],
     [
      -47.812452,
      -23.085193
     ],
     [
      -47.812719,
      -23.085241
     ],
     [
      -47.813006,
      -23.085261
     ],
     [
      -47.813278,
      -23.085254
     ],
     [
      -47.813544,
      -23.085231
     ],
     [
      -47.813951,
      -23.085153
     ],
     [
      -47.815156,
      -23.084814
     ],
     [
      -47.815441,
      -23.084743
     ],
     [
      -47.815679,
      -23.084704
     ],
     [
      -47.815944,
      -23.08468
     ],
     [
      -47.816876,
      -23.084635
     ],
     [
      -47.817336,
      -23.084592
     ],
     [
      -47.817651,
      -23.08454
     ],
     [
      -47.817948,
      -23.084464
     ],
     [
      -47.818177,
      -23.084372
     ],
     [
      -47.818397,
      -23.084256
     ],
     [
      -47.818659,
      -23.0841
     ],
     [
      -47.819149,
      -23.083782
     ],
     [
      -47.819298,
      -23.083697
     ],
     [
      -47.819447,
      -23.083624
     ],
     [
      -47.819599,
      -23.083558
     ],
     [
      -47.819754,
      -23.083499
     ],
     [
      -47.819913,
      -23.083448
     ],
     [
      -47.820074,
      -23.083404
     ],
     [
      -47.822476,
      -23.082836
     ],
     [
      -47.822675,
      -23.082772
     ],
     [
      -47.822918,
      -23.082673
     ],
     [
      -47.823158,
      -23.082555
     ],
     [
      -47.823427,
      -23.082359
     ],
     [
      -47.823733,
      -23.082045
     ],
     [
      -47.823865,
      -23.081866
     ],
     [
      -47.82398,
      -23.081664
     ],
     [
      -47.824072,
      -23.081452
     ],
     [
      -47.824147,
      -23.081215
     ],
     [
      -47.82419,
      -23.08088
     ],
     [
      -47.824194,
      -23.080689
     ],
     [
      -47.824187,
      -23.080457
     ],
     [
      -47.824142,
      -23.08017
     ],
     [
      -47.824068,
      -23.079927
     ],
     [
      -47.823947,
      -23.079665
     ],
     [
      -47.823808,
      -23.079436
     ],
     [
      -47.82365,
      -23.079251
     ],
     [
      -47.823231,
      -23.078923
     ],
     [
      -47.821894,
      -23.0781
     ],
     [
      -47.821212,
      -23.07768
     ],
     [
      -47.821023,
      -23.077544
     ],
     [
      -47.820853,
      -23.077415
     ],
     [
      -47.820678,
      -23.077234
     ],
     [
      -47.82054,
      -23.077069
     ],
     [
      -47.82042,
      -23.076901
     ],
     [
      -47.819615,
      -23.075406
     ],
     [
      -47.819542,
      -23.075256
     ],
     [
      -47.819481,
      -23.075101
     ],
     [
      -47.819433,
      -23.074942
     ],
     [
      -47.819399,
      -23.074781
     ],
     [
      -47.819378,
      -23.074617
     ],
     [
      -47.81937,
      -23.074453
     ],
     [
      -47.819377,
      -23.074288
     ],
     [
      -47.819396,
      -23.074125
     ],
     [
      -47.81943,
      -23.073963
     ],
     [
      -47.819477,
      -23.073804
     ],
     [
      -47.819536,
      -23.073649
     ],
     [
      -47.819609,
      -23.073499
     ],
     [
      -47.819693,
      -23.073354
     ],
     [
      -47.81979,
      -23.073215
     ],
     [
      -47.819898,
      -23.073084
     ],
     [
      -47.820016,
      -23.07296
     ],
     [
      -47.820144,
      -23.072845
     ],
     [
      -47.820281,
      -23.07274
     ],
     [
      -47.820427,
      -23.072644
     ],
     [
      -47.820853,
      -23.07239
     ],
     [
      -47.821381,
      -23.072075
     ],
     [
      -47.821609,
      -23.071939
     ],
     [
      -47.821719,
      -23.07187
     ],
     [
      -47.821871,
      -23.07178
     ],
     [
      -47.822013,
      -23.071679
     ],
     [
      -47.822147,
      -23.071569
     ],
     [
      -47.822272,
      -23.071451
     ],
     [
      -47.822388,
      -23.071324
     ],
     [
      -47.822454,
      -23.07124
     ],
     [
      -47.822493,
      -23.07119
     ],
     [
      -47.822587,
      -23.071049
     ],
     [
      -47.82267,
      -23.070902
     ],
     [
      -47.822742,
      -23.07075
     ],
     [
      -47.822801,
      -23.070594
     ],
     [
      -47.822847,
      -23.070434
     ],
     [
      -47.822881,
      -23.070272
     ],
     [
      -47.822902,
      -23.070108
     ],
     [
      -47.82291,
      -23.069943
     ],
     [
      -47.822905,
      -23.069777
     ],
     [
      -47.822887,
      -23.069613
     ],
     [
      -47.822856,
      -23.06945
     ],
     [
      -47.822812,
      -23.06929
     ],
     [
      -47.822755,
      -23.069133
     ],
     [
      -47.822687,
      -23.06898
     ],
     [
      -47.822236,
      -23.068062
     ],
     [
      -47.822185,
      -23.067942
     ],
     [
      -47.822142,
      -23.067819
     ],
     [
      -47.822106,
      -23.067695
     ],
     [
      -47.822077,
      -23.067569
     ],
     [
      -47.822055,
      -23.067441
     ],
     [
      -47.822041,
      -23.067313
     ],
     [
      -47.822034,
      -23.067184
     ],
     [
      -47.822037,
      -23.067075
     ],
     [
      -47.822043,
      -23.066964
     ]
    ]
   }
  },
  {
   "type": "Feature",
   "properties": {
    "id": "sor-laranjal-original",
    "method": "osm-old",
    "osm_ways": [
     167144765,
     193097165,
     203679318,
     537615521,
     537615522,
     599062027,
     600477108,
     631135480,
     631135481
    ],
    "bridged_gap_m": 0,
    "generated": "2026-10-05"
   },
   "geometry": {
    "type": "LineString",
    "coordinates": [
     [
      -47.822043,
      -23.066964
     ],
     [
      -47.822037,
      -23.067075
     ],
     [
      -47.822034,
      -23.067184
     ],
     [
      -47.822041,
      -23.067313
     ],
     [
      -47.822055,
      -23.067441
     ],
     [
      -47.822077,
      -23.067569
     ],
     [
      -47.822106,
      -23.067695
     ],
     [
      -47.822142,
      -23.067819
     ],
     [
      -47.822185,
      -23.067942
     ],
     [
      -47.822236,
      -23.068062
     ],
     [
      -47.822687,
      -23.06898
     ],
     [
      -47.822755,
      -23.069133
     ],
     [
      -47.822812,
      -23.06929
     ],
     [
      -47.822856,
      -23.06945
     ],
     [
      -47.822887,
      -23.069613
     ],
     [
      -47.822905,
      -23.069777
     ],
     [
      -47.82291,
      -23.069943
     ],
     [
      -47.822902,
      -23.070108
     ],
     [
      -47.822881,
      -23.070272
     ],
     [
      -47.822847,
      -23.070434
     ],
     [
      -47.822801,
      -23.070594
     ],
     [
      -47.822742,
      -23.07075
     ],
     [
      -47.82267,
      -23.070902
     ],
     [
      -47.822587,
      -23.071049
     ],
     [
      -47.822493,
      -23.07119
     ],
     [
      -47.822454,
      -23.07124
     ],
     [
      -47.822388,
      -23.071324
     ],
     [
      -47.822272,
      -23.071451
     ],
     [
      -47.822147,
      -23.071569
     ],
     [
      -47.822013,
      -23.071679
     ],
     [
      -47.821871,
      -23.07178
     ],
     [
      -47.821719,
      -23.07187
     ],
     [
      -47.821862,
      -23.071762
     ],
     [
      -47.821991,
      -23.071641
     ],
     [
      -47.822104,
      -23.071506
     ],
     [
      -47.822199,
      -23.071361
     ],
     [
      -47.822275,
      -23.071206
     ],
     [
      -47.822331,
      -23.071044
     ],
     [
      -47.822366,
      -23.070878
     ],
     [
      -47.82238,
      -23.070709
     ],
     [
      -47.822373,
      -23.070539
     ],
     [
      -47.822345,
      -23.070371
     ],
     [
      -47.821992,
      -23.068821
     ],
     [
      -47.821957,
      -23.068679
     ],
     [
      -47.821939,
      -23.068586
     ],
     [
      -47.821908,
      -23.068399
     ],
     [
      -47.821879,
      -23.068187
     ],
     [
      -47.821874,
      -23.06801
     ],
     [
      -47.821879,
      -23.067864
     ],
     [
      -47.821883,
      -23.067714
     ],
     [
      -47.821911,
      -23.067495
     ],
     [
      -47.821928,
      -23.067326
     ],
     [
      -47.821956,
      -23.067159
     ],
     [
      -47.821992,
      -23.066954
     ],
     [
      -47.822171,
      -23.066182
     ],
     [
      -47.822492,
      -23.064616
     ],
     [
      -47.822548,
      -23.064384
     ],
     [
      -47.822618,
      -23.064154
     ],
     [
      -47.822707,
      -23.06393
     ],
     [
      -47.823287,
      -23.062689
     ],
     [
      -47.823448,
      -23.06244
     ],
     [
      -47.823649,
      -23.062144
     ],
     [
      -47.823947,
      -23.061799
     ],
     [
      -47.824687,
      -23.061157
     ],
     [
      -47.824814,
      -23.061036
     ],
     [
      -47.824925,
      -23.060903
     ],
     [
      -47.825019,
      -23.060759
     ],
     [
      -47.825095,
      -23.060606
     ],
     [
      -47.825151,
      -23.060447
     ],
     [
      -47.825354,
      -23.059776
     ],
     [
      -47.825407,
      -23.05964
     ],
     [
      -47.825502,
      -23.059482
     ],
     [
      -47.82562,
      -23.059338
     ],
     [
      -47.825757,
      -23.059209
     ],
     [
      -47.825912,
      -23.059098
     ],
     [
      -47.826081,
      -23.059007
     ],
     [
      -47.826388,
      -23.058863
     ],
     [
      -47.826588,
      -23.058769
     ],
     [
      -47.826768,
      -23.058646
     ],
     [
      -47.826923,
      -23.058497
     ],
     [
      -47.82705,
      -23.058327
     ],
     [
      -47.827145,
      -23.05814
     ],
     [
      -47.827205,
      -23.057941
     ],
     [
      -47.827229,
      -23.057736
     ],
     [
      -47.827215,
      -23.05753
     ],
     [
      -47.827165,
      -23.057329
     ],
     [
      -47.82708,
      -23.057139
     ],
     [
      -47.826962,
      -23.056963
     ],
     [
      -47.826814,
      -23.056808
     ],
     [
      -47.826641,
      -23.056678
     ],
     [
      -47.826446,
      -23.056575
     ],
     [
      -47.825682,
      -23.056242
     ],
     [
      -47.825507,
      -23.056134
     ],
     [
      -47.825353,
      -23.056002
     ],
     [
      -47.825223,
      -23.055849
     ],
     [
      -47.82512,
      -23.05568
     ],
     [
      -47.825046,
      -23.055499
     ],
     [
      -47.825004,
      -23.055309
     ],
     [
      -47.824744,
      -23.05378
     ],
     [
      -47.824725,
      -23.053633
     ],
     [
      -47.824724,
      -23.053507
     ],
     [
      -47.824741,
      -23.053379
     ],
     [
      -47.824769,
      -23.053263
     ],
     [
      -47.824819,
      -23.05313
     ],
     [
      -47.824852,
      -23.053043
     ],
     [
      -47.82488,
      -23.052972
     ],
     [
      -47.825004,
      -23.052681
     ],
     [
      -47.82505,
      -23.052626
     ],
     [
      -47.82512,
      -23.052571
     ],
     [
      -47.825395,
      -23.05239
     ],
     [
      -47.825474,
      -23.052369
     ],
     [
      -47.825815,
      -23.05223
     ],
     [
      -47.826046,
      -23.052135
     ],
     [
      -47.826712,
      -23.051862
     ],
     [
      -47.826782,
      -23.051833
     ],
     [
      -47.826907,
      -23.051782
     ],
     [
      -47.82726,
      -23.051636
     ],
     [
      -47.827311,
      -23.051615
     ],
     [
      -47.827588,
      -23.0515
     ],
     [
      -47.827862,
      -23.051386
     ],
     [
      -47.827934,
      -23.051359
     ],
     [
      -47.828049,
      -23.051315
     ],
     [
      -47.828169,
      -23.051273
     ],
     [
      -47.828272,
      -23.051241
     ],
     [
      -47.828357,
      -23.051219
     ],
     [
      -47.828534,
      -23.051185
     ],
     [
      -47.828625,
      -23.051171
     ],
     [
      -47.828714,
      -23.051166
     ],
     [
      -47.82886,
      -23.051159
     ],
     [
      -47.828906,
      -23.05116
     ],
     [
      -47.828968,
      -23.051162
     ],
     [
      -47.82921,
      -23.051185
     ],
     [
      -47.829334,
      -23.051209
     ],
     [
      -47.82935,
      -23.051213
     ],
     [
      -47.82943,
      -23.051231
     ],
     [
      -47.829523,
      -23.051259
     ],
     [
      -47.829615,
      -23.051292
     ],
     [
      -47.829705,
      -23.05133
     ],
     [
      -47.829792,
      -23.051373
     ],
     [
      -47.829876,
      -23.051421
     ],
     [
      -47.829961,
      -23.051477
     ],
     [
      -47.830091,
      -23.051574
     ],
     [
      -47.830221,
      -23.051683
     ],
     [
      -47.830585,
      -23.051996
     ],
     [
      -47.83076,
      -23.052151
     ],
     [
      -47.830854,
      -23.052234
     ],
     [
      -47.83092,
      -23.052292
     ],
     [
      -47.830932,
      -23.052303
     ],
     [
      -47.83101,
      -23.052361
     ],
     [
      -47.831058,
      -23.052387
     ],
     [
      -47.831129,
      -23.052419
     ],
     [
      -47.831404,
      -23.052515
     ],
     [
      -47.831676,
      -23.052591
     ],
     [
      -47.83191,
      -23.052632
     ],
     [
      -47.832167,
      -23.052659
     ],
     [
      -47.832327,
      -23.05266
     ],
     [
      -47.832531,
      -23.052655
     ],
     [
      -47.83273,
      -23.052639
     ],
     [
      -47.832925,
      -23.052616
     ],
     [
      -47.833149,
      -23.052581
     ],
     [
      -47.83333,
      -23.052544
     ],
     [
      -47.833501,
      -23.052498
     ],
     [
      -47.833664,
      -23.052445
     ],
     [
      -47.833836,
      -23.052382
     ],
     [
      -47.834,
      -23.052315
     ],
     [
      -47.834049,
      -23.052292
     ],
     [
      -47.834137,
      -23.05225
     ],
     [
      -47.83425,
      -23.052197
     ],
     [
      -47.834407,
      -23.052111
     ],
     [
      -47.834643,
      -23.051969
     ],
     [
      -47.835123,
      -23.051677
     ],
     [
      -47.835385,
      -23.051509
     ],
     [
      -47.835493,
      -23.051449
     ],
     [
      -47.835561,
      -23.051415
     ],
     [
      -47.835646,
      -23.051378
     ],
     [
      -47.835723,
      -23.051351
     ],
     [
      -47.83582,
      -23.05132
     ],
     [
      -47.835978,
      -23.051277
     ],
     [
      -47.836127,
      -23.051245
     ],
     [
      -47.836211,
      -23.051231
     ],
     [
      -47.836249,
      -23.05123
     ],
     [
      -47.836288,
      -23.051236
     ],
     [
      -47.836342,
      -23.051254
     ]
    ]
   }
  },
  {
   "type": "Feature",
   "properties": {
    "id": "sor-laranjal-maristela-original",
    "method": "osm-old",
    "osm_ways": [
     190258751,
     536531588,
     536531589,
     536531590,
     536531591,
     537898823,
     537898824,
     538850438
    ],
    "bridged_gap_m": 388,
    "generated": "2026-10-05"
   },
   "geometry": {
    "type": "LineString",
    "coordinates": [
     [
      -47.836342,
      -23.051254
     ],
     [
      -47.840093,
      -23.051358
     ],
     [
      -47.840197,
      -23.0511
     ],
     [
      -47.840251,
      -23.050989
     ],
     [
      -47.840306,
      -23.050871
     ],
     [
      -47.840378,
      -23.050732
     ],
     [
      -47.840479,
      -23.050585
     ],
     [
      -47.840706,
      -23.050302
     ],
     [
      -47.840798,
      -23.050209
     ],
     [
      -47.840897,
      -23.050121
     ],
     [
      -47.841066,
      -23.049998
     ],
     [
      -47.841219,
      -23.049908
     ],
     [
      -47.841369,
      -23.049832
     ],
     [
      -47.841533,
      -23.049755
     ],
     [
      -47.841713,
      -23.04969
     ],
     [
      -47.841848,
      -23.04965
     ],
     [
      -47.842045,
      -23.049637
     ],
     [
      -47.842241,
      -23.049607
     ],
     [
      -47.842433,
      -23.049564
     ],
     [
      -47.842622,
      -23.049506
     ],
     [
      -47.84282,
      -23.049434
     ],
     [
      -47.843603,
      -23.049122
     ],
     [
      -47.843817,
      -23.049041
     ],
     [
      -47.844035,
      -23.048972
     ],
     [
      -47.844247,
      -23.048921
     ],
     [
      -47.844471,
      -23.048889
     ],
     [
      -47.844705,
      -23.048877
     ],
     [
      -47.84494,
      -23.048885
     ],
     [
      -47.845164,
      -23.048913
     ],
     [
      -47.845386,
      -23.048956
     ],
     [
      -47.846329,
      -23.0492
     ],
     [
      -47.846503,
      -23.049236
     ],
     [
      -47.846675,
      -23.049262
     ],
     [
      -47.846849,
      -23.049277
     ],
     [
      -47.847027,
      -23.049279
     ],
     [
      -47.847205,
      -23.049269
     ],
     [
      -47.847383,
      -23.049248
     ],
     [
      -47.847559,
      -23.049214
     ],
     [
      -47.847703,
      -23.04918
     ],
     [
      -47.847732,
      -23.049173
     ],
     [
      -47.847979,
      -23.049106
     ],
     [
      -47.848677,
      -23.048916
     ],
     [
      -47.848928,
      -23.048859
     ],
     [
      -47.84918,
      -23.048821
     ],
     [
      -47.849436,
      -23.04881
     ],
     [
      -47.849691,
      -23.048823
     ],
     [
      -47.849945,
      -23.048867
     ],
     [
      -47.8502,
      -23.048931
     ],
     [
      -47.850447,
      -23.049018
     ],
     [
      -47.850687,
      -23.049125
     ],
     [
      -47.850703,
      -23.049096
     ],
     [
      -47.851793,
      -23.049605
     ],
     [
      -47.852469,
      -23.049921
     ],
     [
      -47.852653,
      -23.049999
     ],
     [
      -47.852843,
      -23.050063
     ],
     [
      -47.853038,
      -23.050111
     ],
     [
      -47.853237,
      -23.050144
     ],
     [
      -47.853439,
      -23.050162
     ],
     [
      -47.853641,
      -23.050164
     ],
     [
      -47.853843,
      -23.050151
     ],
     [
      -47.854043,
      -23.050122
     ],
     [
      -47.85424,
      -23.050077
     ],
     [
      -47.854431,
      -23.050017
     ],
     [
      -47.854617,
      -23.049943
     ],
     [
      -47.854795,
      -23.049855
     ],
     [
      -47.854938,
      -23.049771
     ],
     [
      -47.855424,
      -23.049493
     ],
     [
      -47.855767,
      -23.049298
     ],
     [
      -47.855911,
      -23.049224
     ],
     [
      -47.85606,
      -23.04916
     ],
     [
      -47.856213,
      -23.049104
     ],
     [
      -47.856369,
      -23.049058
     ],
     [
      -47.856529,
      -23.049022
     ],
     [
      -47.85669,
      -23.048995
     ],
     [
      -47.856854,
      -23.048978
     ],
     [
      -47.857882,
      -23.048896
     ],
     [
      -47.858058,
      -23.048877
     ],
     [
      -47.858233,
      -23.048848
     ],
     [
      -47.858405,
      -23.048809
     ],
     [
      -47.858574,
      -23.048761
     ],
     [
      -47.860174,
      -23.048212
     ],
     [
      -47.860354,
      -23.048138
     ],
     [
      -47.860529,
      -23.048052
     ],
     [
      -47.860696,
      -23.047954
     ],
     [
      -47.860855,
      -23.047846
     ],
     [
      -47.860887,
      -23.04782
     ],
     [
      -47.861004,
      -23.047727
     ],
     [
      -47.861145,
      -23.047599
     ],
     [
      -47.861274,
      -23.047461
     ],
     [
      -47.861392,
      -23.047315
     ],
     [
      -47.861499,
      -23.047162
     ],
     [
      -47.861593,
      -23.047002
     ],
     [
      -47.862072,
      -23.046054
     ],
     [
      -47.862178,
      -23.045863
     ],
     [
      -47.862302,
      -23.045683
     ],
     [
      -47.862445,
      -23.045515
     ],
     [
      -47.862606,
      -23.045361
     ],
     [
      -47.862781,
      -23.045221
     ],
     [
      -47.862971,
      -23.045098
     ],
     [
      -47.863173,
      -23.044992
     ],
     [
      -47.863385,
      -23.044905
     ],
     [
      -47.864202,
      -23.044589
     ],
     [
      -47.864412,
      -23.044497
     ],
     [
      -47.864616,
      -23.044394
     ],
     [
      -47.864814,
      -23.044281
     ],
     [
      -47.865004,
      -23.044158
     ],
     [
      -47.866625,
      -23.043016
     ],
     [
      -47.866875,
      -23.042846
     ],
     [
      -47.867134,
      -23.042688
     ],
     [
      -47.867401,
      -23.042542
     ],
     [
      -47.867675,
      -23.042408
     ],
     [
      -47.867956,
      -23.042286
     ],
     [
      -47.868145,
      -23.042214
     ],
     [
      -47.868244,
      -23.042177
     ],
     [
      -47.868536,
      -23.042082
     ],
     [
      -47.868834,
      -23.041999
     ],
     [
      -47.869136,
      -23.04193
     ],
     [
      -47.86944,
      -23.041875
     ],
     [
      -47.872661,
      -23.041488
     ],
     [
      -47.872858,
      -23.041466
     ],
     [
      -47.873056,
      -23.041451
     ],
     [
      -47.873255,
      -23.041443
     ],
     [
      -47.873454,
      -23.041442
     ],
     [
      -47.873653,
      -23.041447
     ],
     [
      -47.873851,
      -23.041459
     ],
     [
      -47.875696,
      -23.041625
     ],
     [
      -47.875883,
      -23.041638
     ],
     [
      -47.876069,
      -23.041638
     ],
     [
      -47.876256,
      -23.041626
     ],
     [
      -47.876441,
      -23.041602
     ],
     [
      -47.876624,
      -23.041565
     ],
     [
      -47.876803,
      -23.041517
     ],
     [
      -47.876978,
      -23.041458
     ],
     [
      -47.877148,
      -23.041386
     ],
     [
      -47.877704,
      -23.041125
     ],
     [
      -47.879535,
      -23.040265
     ],
     [
      -47.879712,
      -23.040186
     ],
     [
      -47.879896,
      -23.040119
     ],
     [
      -47.880083,
      -23.040064
     ],
     [
      -47.880275,
      -23.040021
     ],
     [
      -47.880469,
      -23.03999
     ],
     [
      -47.880665,
      -23.039972
     ],
     [
      -47.880862,
      -23.039967
     ],
     [
      -47.881059,
      -23.039975
     ],
     [
      -47.881255,
      -23.039995
     ],
     [
      -47.881449,
      -23.040028
     ],
     [
      -47.88164,
      -23.040074
     ],
     [
      -47.881696,
      -23.040089
     ],
     [
      -47.882659,
      -23.040355
     ],
     [
      -47.88283,
      -23.040394
     ],
     [
      -47.883005,
      -23.040421
     ],
     [
      -47.883181,
      -23.040435
     ],
     [
      -47.883358,
      -23.040438
     ],
     [
      -47.883535,
      -23.040428
     ],
     [
      -47.88371,
      -23.040406
     ],
     [
      -47.883883,
      -23.040372
     ],
     [
      -47.884053,
      -23.040325
     ],
     [
      -47.884218,
      -23.040268
     ],
     [
      -47.884378,
      -23.040199
     ],
     [
      -47.884884,
      -23.039951
     ],
     [
      -47.885451,
      -23.039673
     ],
     [
      -47.885563,
      -23.039623
     ],
     [
      -47.885674,
      -23.039586
     ],
     [
      -47.885787,
      -23.039554
     ],
     [
      -47.88591,
      -23.039526
     ],
     [
      -47.886034,
      -23.039505
     ],
     [
      -47.886161,
      -23.039491
     ],
     [
      -47.886304,
      -23.039483
     ],
     [
      -47.886458,
      -23.039481
     ],
     [
      -47.886593,
      -23.039483
     ],
     [
      -47.886727,
      -23.039494
     ],
     [
      -47.886859,
      -23.039512
     ],
     [
      -47.886913,
      -23.039523
     ],
     [
      -47.886991,
      -23.039539
     ],
     [
      -47.887123,
      -23.039572
     ],
     [
      -47.887257,
      -23.039609
     ],
     [
      -47.887392,
      -23.039653
     ],
     [
      -47.889602,
      -23.040463
     ]
    ]
   }
  },
  {
   "type": "Feature",
   "properties": {
    "id": "sor-variante-laranjal",
    "method": "osm-current",
    "osm_ways": [
     167144765,
     190258751,
     190258756,
     536531588,
     536531589,
     536531590,
     536531591
    ],
    "bridged_gap_m": 0,
    "generated": "2026-10-05"
   },
   "geometry": {
    "type": "LineString",
    "coordinates": [
     [
      -47.822043,
      -23.066964
     ],
     [
      -47.82206,
      -23.066802
     ],
     [
      -47.822095,
      -23.06644
     ],
     [
      -47.822107,
      -23.066344
     ],
     [
      -47.822286,
      -23.064966
     ],
     [
      -47.822308,
      -23.064817
     ],
     [
      -47.822338,
      -23.06463
     ],
     [
      -47.822377,
      -23.064437
     ],
     [
      -47.822407,
      -23.064317
     ],
     [
      -47.822436,
      -23.064201
     ],
     [
      -47.822889,
      -23.062566
     ],
     [
      -47.824293,
      -23.057492
     ],
     [
      -47.824361,
      -23.057218
     ],
     [
      -47.824399,
      -23.057004
     ],
     [
      -47.824412,
      -23.056844
     ],
     [
      -47.824416,
      -23.056674
     ],
     [
      -47.824401,
      -23.056464
     ],
     [
      -47.824374,
      -23.056254
     ],
     [
      -47.824325,
      -23.056026
     ],
     [
      -47.824256,
      -23.055798
     ],
     [
      -47.824108,
      -23.055479
     ],
     [
      -47.82392,
      -23.055197
     ],
     [
      -47.823243,
      -23.054331
     ],
     [
      -47.823057,
      -23.0541
     ],
     [
      -47.82291,
      -23.05389
     ],
     [
      -47.822757,
      -23.053616
     ],
     [
      -47.822641,
      -23.053345
     ],
     [
      -47.822554,
      -23.053035
     ],
     [
      -47.822513,
      -23.052743
     ],
     [
      -47.822503,
      -23.05247
     ],
     [
      -47.822517,
      -23.052241
     ],
     [
      -47.822557,
      -23.052007
     ],
     [
      -47.822589,
      -23.051865
     ],
     [
      -47.822642,
      -23.051692
     ],
     [
      -47.822696,
      -23.051533
     ],
     [
      -47.82277,
      -23.05137
     ],
     [
      -47.822858,
      -23.051209
     ],
     [
      -47.822953,
      -23.051056
     ],
     [
      -47.823085,
      -23.050875
     ],
     [
      -47.823464,
      -23.050419
     ],
     [
      -47.823911,
      -23.049883
     ],
     [
      -47.824046,
      -23.04975
     ],
     [
      -47.824189,
      -23.049627
     ],
     [
      -47.824337,
      -23.049515
     ],
     [
      -47.824451,
      -23.04944
     ],
     [
      -47.824494,
      -23.049411
     ],
     [
      -47.824665,
      -23.049313
     ],
     [
      -47.824841,
      -23.049227
     ],
     [
      -47.825016,
      -23.049154
     ],
     [
      -47.825205,
      -23.049088
     ],
     [
      -47.825397,
      -23.049035
     ],
     [
      -47.828209,
      -23.048424
     ],
     [
      -47.82979,
      -23.04808
     ],
     [
      -47.829864,
      -23.048064
     ],
     [
      -47.830615,
      -23.047903
     ],
     [
      -47.830793,
      -23.047854
     ],
     [
      -47.830967,
      -23.047794
     ],
     [
      -47.831136,
      -23.047722
     ],
     [
      -47.831298,
      -23.047638
     ],
     [
      -47.831453,
      -23.047543
     ],
     [
      -47.8316,
      -23.047438
     ],
     [
      -47.831737,
      -23.047323
     ],
     [
      -47.831865,
      -23.047199
     ],
     [
      -47.832732,
      -23.046287
     ],
     [
      -47.833686,
      -23.045287
     ],
     [
      -47.833822,
      -23.045152
     ],
     [
      -47.833965,
      -23.045025
     ],
     [
      -47.834116,
      -23.044905
     ],
     [
      -47.834274,
      -23.044794
     ],
     [
      -47.834439,
      -23.04469
     ],
     [
      -47.834931,
      -23.044392
     ],
     [
      -47.835013,
      -23.044343
     ],
     [
      -47.835225,
      -23.044231
     ],
     [
      -47.835401,
      -23.044154
     ],
     [
      -47.835569,
      -23.044097
     ],
     [
      -47.83573,
      -23.044058
     ],
     [
      -47.83588,
      -23.044028
     ],
     [
      -47.836042,
      -23.044005
     ],
     [
      -47.836296,
      -23.04398
     ],
     [
      -47.83644,
      -23.043981
     ],
     [
      -47.836567,
      -23.043984
     ],
     [
      -47.836685,
      -23.043994
     ],
     [
      -47.836828,
      -23.044012
     ],
     [
      -47.836984,
      -23.044036
     ],
     [
      -47.837124,
      -23.044074
     ],
     [
      -47.837285,
      -23.044129
     ],
     [
      -47.837475,
      -23.044211
     ],
     [
      -47.837645,
      -23.044301
     ],
     [
      -47.837757,
      -23.044369
     ],
     [
      -47.837824,
      -23.044411
     ],
     [
      -47.837929,
      -23.044489
     ],
     [
      -47.838025,
      -23.044558
     ],
     [
      -47.83813,
      -23.044656
     ],
     [
      -47.838251,
      -23.044796
     ],
     [
      -47.838317,
      -23.044885
     ],
     [
      -47.838396,
      -23.044996
     ],
     [
      -47.838511,
      -23.045186
     ],
     [
      -47.838557,
      -23.045279
     ],
     [
      -47.838605,
      -23.045389
     ],
     [
      -47.838658,
      -23.045549
     ],
     [
      -47.838827,
      -23.046073
     ],
     [
      -47.839273,
      -23.047458
     ],
     [
      -47.839367,
      -23.047751
     ],
     [
      -47.839443,
      -23.047985
     ],
     [
      -47.839478,
      -23.048075
     ],
     [
      -47.839543,
      -23.048234
     ],
     [
      -47.83962,
      -23.048378
     ],
     [
      -47.839699,
      -23.048516
     ],
     [
      -47.839749,
      -23.048597
     ],
     [
      -47.839839,
      -23.048713
     ],
     [
      -47.839939,
      -23.04883
     ],
     [
      -47.840036,
      -23.048932
     ],
     [
      -47.840137,
      -23.049024
     ],
     [
      -47.840251,
      -23.049111
     ],
     [
      -47.840399,
      -23.049205
     ],
     [
      -47.840609,
      -23.049331
     ],
     [
      -47.840825,
      -23.049426
     ],
     [
      -47.841034,
      -23.0495
     ],
     [
      -47.841205,
      -23.04955
     ],
     [
      -47.841385,
      -23.049588
     ],
     [
      -47.841623,
      -23.049613
     ],
     [
      -47.841847,
      -23.049616
     ],
     [
      -47.842041,
      -23.049603
     ],
     [
      -47.842234,
      -23.049574
     ],
     [
      -47.842423,
      -23.049531
     ],
     [
      -47.842475,
      -23.049515
     ],
     [
      -47.842609,
      -23.049475
     ],
     [
      -47.842806,
      -23.049403
     ],
     [
      -47.843308,
      -23.049203
     ],
     [
      -47.843589,
      -23.049091
     ],
     [
      -47.843804,
      -23.04901
     ],
     [
      -47.844024,
      -23.04894
     ],
     [
      -47.84424,
      -23.048887
     ],
     [
      -47.844467,
      -23.048856
     ],
     [
      -47.844705,
      -23.048843
     ],
     [
      -47.844943,
      -23.048852
     ],
     [
      -47.845171,
      -23.04888
     ],
     [
      -47.845395,
      -23.048923
     ],
     [
      -47.846338,
      -23.049167
     ],
     [
      -47.84651,
      -23.049202
     ],
     [
      -47.846679,
      -23.049228
     ],
     [
      -47.846851,
      -23.049243
     ],
     [
      -47.847026,
      -23.049245
     ],
     [
      -47.847201,
      -23.049235
     ],
     [
      -47.847377,
      -23.049215
     ],
     [
      -47.84755,
      -23.049182
     ],
     [
      -47.847713,
      -23.049137
     ],
     [
      -47.848667,
      -23.048879
     ],
     [
      -47.848871,
      -23.048829
     ],
     [
      -47.849079,
      -23.048795
     ],
     [
      -47.849289,
      -23.048777
     ],
     [
      -47.8495,
      -23.048776
     ],
     [
      -47.84971,
      -23.04879
     ],
     [
      -47.849918,
      -23.04882
     ],
     [
      -47.850123,
      -23.048866
     ],
     [
      -47.850323,
      -23.048928
     ],
     [
      -47.850517,
      -23.049004
     ],
     [
      -47.850703,
      -23.049096
     ],
     [
      -47.851793,
      -23.049605
     ],
     [
      -47.852469,
      -23.049921
     ],
     [
      -47.852653,
      -23.049999
     ],
     [
      -47.852843,
      -23.050063
     ],
     [
      -47.853038,
      -23.050111
     ],
     [
      -47.853237,
      -23.050144
     ],
     [
      -47.853439,
      -23.050162
     ],
     [
      -47.853641,
      -23.050164
     ],
     [
      -47.853843,
      -23.050151
     ],
     [
      -47.854043,
      -23.050122
     ],
     [
      -47.85424,
      -23.050077
     ],
     [
      -47.854431,
      -23.050017
     ],
     [
      -47.854617,
      -23.049943
     ],
     [
      -47.854795,
      -23.049855
     ],
     [
      -47.854938,
      -23.049771
     ],
     [
      -47.855424,
      -23.049493
     ],
     [
      -47.855767,
      -23.049298
     ],
     [
      -47.855911,
      -23.049224
     ],
     [
      -47.85606,
      -23.04916
     ],
     [
      -47.856213,
      -23.049104
     ],
     [
      -47.856369,
      -23.049058
     ],
     [
      -47.856529,
      -23.049022
     ],
     [
      -47.85669,
      -23.048995
     ],
     [
      -47.856854,
      -23.048978
     ],
     [
      -47.857882,
      -23.048896
     ],
     [
      -47.858058,
      -23.048877
     ],
     [
      -47.858233,
      -23.048848
     ],
     [
      -47.858405,
      -23.048809
     ],
     [
      -47.858574,
      -23.048761
     ],
     [
      -47.860174,
      -23.048212
     ],
     [
      -47.860354,
      -23.048138
     ],
     [
      -47.860529,
      -23.048052
     ],
     [
      -47.860696,
      -23.047954
     ],
     [
      -47.860855,
      -23.047846
     ],
     [
      -47.860887,
      -23.04782
     ],
     [
      -47.861004,
      -23.047727
     ],
     [
      -47.861145,
      -23.047599
     ],
     [
      -47.861274,
      -23.047461
     ],
     [
      -47.861392,
      -23.047315
     ],
     [
      -47.861499,
      -23.047162
     ],
     [
      -47.861593,
      -23.047002
     ],
     [
      -47.862072,
      -23.046054
     ],
     [
      -47.862178,
      -23.045863
     ],
     [
      -47.862302,
      -23.045683
     ],
     [
      -47.862445,
      -23.045515
     ],
     [
      -47.862606,
      -23.045361
     ],
     [
      -47.862781,
      -23.045221
     ],
     [
      -47.862971,
      -23.045098
     ],
     [
      -47.863173,
      -23.044992
     ],
     [
      -47.863385,
      -23.044905
     ],
     [
      -47.864202,
      -23.044589
     ],
     [
      -47.864412,
      -23.044497
     ],
     [
      -47.864616,
      -23.044394
     ],
     [
      -47.864814,
      -23.044281
     ],
     [
      -47.865004,
      -23.044158
     ],
     [
      -47.866625,
      -23.043016
     ],
     [
      -47.866875,
      -23.042846
     ],
     [
      -47.867134,
      -23.042688
     ],
     [
      -47.867401,
      -23.042542
     ],
     [
      -47.867675,
      -23.042408
     ],
     [
      -47.867956,
      -23.042286
     ],
     [
      -47.868145,
      -23.042214
     ],
     [
      -47.868244,
      -23.042177
     ],
     [
      -47.868536,
      -23.042082
     ],
     [
      -47.868834,
      -23.041999
     ],
     [
      -47.869136,
      -23.04193
     ],
     [
      -47.86944,
      -23.041875
     ],
     [
      -47.872661,
      -23.041488
     ],
     [
      -47.872858,
      -23.041466
     ],
     [
      -47.873056,
      -23.041451
     ],
     [
      -47.873255,
      -23.041443
     ],
     [
      -47.873454,
      -23.041442
     ],
     [
      -47.873653,
      -23.041447
     ],
     [
      -47.873851,
      -23.041459
     ],
     [
      -47.875696,
      -23.041625
     ],
     [
      -47.875883,
      -23.041638
     ],
     [
      -47.876069,
      -23.041638
     ],
     [
      -47.876256,
      -23.041626
     ],
     [
      -47.876441,
      -23.041602
     ],
     [
      -47.876624,
      -23.041565
     ],
     [
      -47.876803,
      -23.041517
     ],
     [
      -47.876978,
      -23.041458
     ],
     [
      -47.877148,
      -23.041386
     ],
     [
      -47.877704,
      -23.041125
     ],
     [
      -47.879535,
      -23.040265
     ],
     [
      -47.879712,
      -23.040186
     ],
     [
      -47.879896,
      -23.040119
     ],
     [
      -47.880083,
      -23.040064
     ],
     [
      -47.880275,
      -23.040021
     ],
     [
      -47.880469,
      -23.03999
     ],
     [
      -47.880665,
      -23.039972
     ],
     [
      -47.880862,
      -23.039967
     ],
     [
      -47.881059,
      -23.039975
     ],
     [
      -47.881255,
      -23.039995
     ],
     [
      -47.881449,
      -23.040028
     ],
     [
      -47.88164,
      -23.040074
     ],
     [
      -47.881696,
      -23.040089
     ],
     [
      -47.882659,
      -23.040355
     ],
     [
      -47.88283,
      -23.040394
     ],
     [
      -47.883005,
      -23.040421
     ],
     [
      -47.883181,
      -23.040435
     ],
     [
      -47.883358,
      -23.040438
     ],
     [
      -47.883535,
      -23.040428
     ],
     [
      -47.88371,
      -23.040406
     ],
     [
      -47.883883,
      -23.040372
     ],
     [
      -47.884053,
      -23.040325
     ],
     [
      -47.884218,
      -23.040268
     ],
     [
      -47.884378,
      -23.040199
     ],
     [
      -47.884884,
      -23.039951
     ],
     [
      -47.885451,
      -23.039673
     ],
     [
      -47.885563,
      -23.039623
     ],
     [
      -47.885674,
      -23.039586
     ],
     [
      -47.885787,
      -23.039554
     ],
     [
      -47.88591,
      -23.039526
     ],
     [
      -47.886034,
      -23.039505
     ],
     [
      -47.886161,
      -23.039491
     ],
     [
      -47.886304,
      -23.039483
     ],
     [
      -47.886458,
      -23.039481
     ],
     [
      -47.886593,
      -23.039483
     ],
     [
      -47.886727,
      -23.039494
     ],
     [
      -47.886859,
      -23.039512
     ],
     [
      -47.886913,
      -23.039523
     ],
     [
      -47.886991,
      -23.039539
     ],
     [
      -47.887123,
      -23.039572
     ],
     [
      -47.887257,
      -23.039609
     ],
     [
      -47.887392,
      -23.039653
     ],
     [
      -47.889602,
      -23.040463
     ]
    ]
   }
  },
  {
   "type": "Feature",
   "properties": {
    "id": "sor-maristela-conchas",
    "method": "osm-current",
    "osm_ways": [
     190247948,
     190247949,
     536531591,
     813330570,
     813330571,
     865786262,
     865786263
    ],
    "bridged_gap_m": 0,
    "generated": "2026-10-05"
   },
   "geometry": {
    "type": "LineString",
    "coordinates": [
     [
      -47.889602,
      -23.040463
     ],
     [
      -47.891967,
      -23.041325
     ],
     [
      -47.892093,
      -23.041367
     ],
     [
      -47.892136,
      -23.04138
     ],
     [
      -47.892188,
      -23.041396
     ],
     [
      -47.892322,
      -23.041431
     ],
     [
      -47.892451,
      -23.041459
     ],
     [
      -47.892583,
      -23.04148
     ],
     [
      -47.892718,
      -23.041496
     ],
     [
      -47.892855,
      -23.041507
     ],
     [
      -47.892994,
      -23.041512
     ],
     [
      -47.893128,
      -23.041511
     ],
     [
      -47.893268,
      -23.041505
     ],
     [
      -47.893402,
      -23.041492
     ],
     [
      -47.893537,
      -23.041475
     ],
     [
      -47.893668,
      -23.041452
     ],
     [
      -47.893797,
      -23.041422
     ],
     [
      -47.893927,
      -23.041389
     ],
     [
      -47.894055,
      -23.04135
     ],
     [
      -47.894179,
      -23.041306
     ],
     [
      -47.894302,
      -23.041255
     ],
     [
      -47.894421,
      -23.041201
     ],
     [
      -47.894538,
      -23.041144
     ],
     [
      -47.89458,
      -23.04112
     ],
     [
      -47.894651,
      -23.04108
     ],
     [
      -47.894765,
      -23.041013
     ],
     [
      -47.89565,
      -23.040443
     ],
     [
      -47.895914,
      -23.040273
     ],
     [
      -47.896043,
      -23.04019
     ],
     [
      -47.896151,
      -23.040126
     ],
     [
      -47.896262,
      -23.040066
     ],
     [
      -47.896376,
      -23.040008
     ],
     [
      -47.896493,
      -23.039954
     ],
     [
      -47.89661,
      -23.039905
     ],
     [
      -47.896731,
      -23.039858
     ],
     [
      -47.896857,
      -23.039816
     ],
     [
      -47.896927,
      -23.039797
     ],
     [
      -47.897008,
      -23.039776
     ],
     [
      -47.897116,
      -23.03975
     ],
     [
      -47.89725,
      -23.039725
     ],
     [
      -47.897384,
      -23.039708
     ],
     [
      -47.89752,
      -23.039696
     ],
     [
      -47.897654,
      -23.03969
     ],
     [
      -47.897788,
      -23.03969
     ],
     [
      -47.897923,
      -23.039695
     ],
     [
      -47.898062,
      -23.039706
     ],
     [
      -47.898201,
      -23.039721
     ],
     [
      -47.898335,
      -23.039743
     ],
     [
      -47.898471,
      -23.039771
     ],
     [
      -47.898607,
      -23.039804
     ],
     [
      -47.898738,
      -23.039843
     ],
     [
      -47.898867,
      -23.039888
     ],
     [
      -47.898994,
      -23.039938
     ],
     [
      -47.899119,
      -23.039993
     ],
     [
      -47.901636,
      -23.041266
     ],
     [
      -47.901759,
      -23.041322
     ],
     [
      -47.901886,
      -23.041374
     ],
     [
      -47.902015,
      -23.041419
     ],
     [
      -47.902143,
      -23.041459
     ],
     [
      -47.902273,
      -23.041492
     ],
     [
      -47.902406,
      -23.04152
     ],
     [
      -47.902545,
      -23.041543
     ],
     [
      -47.902684,
      -23.04156
     ],
     [
      -47.902817,
      -23.04157
     ],
     [
      -47.902949,
      -23.041574
     ],
     [
      -47.903079,
      -23.041573
     ],
     [
      -47.903214,
      -23.041568
     ],
     [
      -47.903347,
      -23.041555
     ],
     [
      -47.90348,
      -23.041537
     ],
     [
      -47.903615,
      -23.041513
     ],
     [
      -47.903742,
      -23.041487
     ],
     [
      -47.903864,
      -23.041456
     ],
     [
      -47.903984,
      -23.041423
     ],
     [
      -47.904105,
      -23.041386
     ],
     [
      -47.904229,
      -23.041343
     ],
     [
      -47.904558,
      -23.041229
     ],
     [
      -47.904984,
      -23.04108
     ],
     [
      -47.905155,
      -23.04102
     ],
     [
      -47.905335,
      -23.040966
     ],
     [
      -47.905498,
      -23.040921
     ],
     [
      -47.905652,
      -23.040885
     ],
     [
      -47.905838,
      -23.040848
     ],
     [
      -47.906014,
      -23.040818
     ],
     [
      -47.906245,
      -23.040794
     ],
     [
      -47.906479,
      -23.040785
     ],
     [
      -47.906712,
      -23.04079
     ],
     [
      -47.906944,
      -23.040809
     ],
     [
      -47.907175,
      -23.040843
     ],
     [
      -47.907402,
      -23.040891
     ],
     [
      -47.907626,
      -23.040953
     ],
     [
      -47.907844,
      -23.041028
     ],
     [
      -47.909304,
      -23.041581
     ],
     [
      -47.909503,
      -23.041655
     ],
     [
      -47.909708,
      -23.041717
     ],
     [
      -47.909916,
      -23.041765
     ],
     [
      -47.910128,
      -23.0418
     ],
     [
      -47.910342,
      -23.041821
     ],
     [
      -47.910557,
      -23.041829
     ],
     [
      -47.910772,
      -23.041823
     ],
     [
      -47.910986,
      -23.041804
     ],
     [
      -47.912328,
      -23.041665
     ],
     [
      -47.91438,
      -23.041452
     ],
     [
      -47.914495,
      -23.04144
     ],
     [
      -47.918255,
      -23.04105
     ],
     [
      -47.918433,
      -23.041029
     ],
     [
      -47.91863,
      -23.040993
     ],
     [
      -47.918814,
      -23.040947
     ],
     [
      -47.918994,
      -23.040892
     ],
     [
      -47.919171,
      -23.040828
     ],
     [
      -47.919344,
      -23.040755
     ],
     [
      -47.919503,
      -23.040675
     ],
     [
      -47.919675,
      -23.040574
     ],
     [
      -47.920879,
      -23.039781
     ],
     [
      -47.921107,
      -23.039651
     ],
     [
      -47.921347,
      -23.03954
     ],
     [
      -47.921597,
      -23.03945
     ],
     [
      -47.921854,
      -23.039381
     ],
     [
      -47.922118,
      -23.039333
     ],
     [
      -47.922385,
      -23.039308
     ],
     [
      -47.922653,
      -23.039305
     ],
     [
      -47.923744,
      -23.039369
     ],
     [
      -47.923888,
      -23.039378
     ],
     [
      -47.92414,
      -23.039386
     ],
     [
      -47.924391,
      -23.039371
     ],
     [
      -47.92464,
      -23.039335
     ],
     [
      -47.924884,
      -23.039277
     ],
     [
      -47.925121,
      -23.039198
     ],
     [
      -47.925349,
      -23.039099
     ],
     [
      -47.925565,
      -23.03898
     ],
     [
      -47.9266,
      -23.038296
     ],
     [
      -47.926817,
      -23.038159
     ],
     [
      -47.927047,
      -23.038041
     ],
     [
      -47.927287,
      -23.037941
     ],
     [
      -47.927536,
      -23.037861
     ],
     [
      -47.927792,
      -23.037802
     ],
     [
      -47.928052,
      -23.037764
     ],
     [
      -47.928314,
      -23.037746
     ],
     [
      -47.928578,
      -23.03775
     ],
     [
      -47.929603,
      -23.037808
     ],
     [
      -47.929942,
      -23.037815
     ],
     [
      -47.930281,
      -23.037804
     ],
     [
      -47.930619,
      -23.037775
     ],
     [
      -47.930954,
      -23.037729
     ],
     [
      -47.931286,
      -23.037665
     ],
     [
      -47.931613,
      -23.037583
     ],
     [
      -47.931935,
      -23.037485
     ],
     [
      -47.935261,
      -23.036347
     ],
     [
      -47.937356,
      -23.035694
     ],
     [
      -47.937586,
      -23.035622
     ],
     [
      -47.937819,
      -23.035563
     ],
     [
      -47.938056,
      -23.035516
     ],
     [
      -47.938296,
      -23.035482
     ],
     [
      -47.938537,
      -23.03546
     ],
     [
      -47.938779,
      -23.03545
     ],
     [
      -47.939021,
      -23.035453
     ],
     [
      -47.941781,
      -23.035508
     ],
     [
      -47.94265,
      -23.035513
     ],
     [
      -47.944076,
      -23.035544
     ],
     [
      -47.944129,
      -23.035545
     ],
     [
      -47.944683,
      -23.035551
     ],
     [
      -47.945169,
      -23.035556
     ],
     [
      -47.945514,
      -23.035531
     ],
     [
      -47.945829,
      -23.035498
     ],
     [
      -47.946063,
      -23.035456
     ],
     [
      -47.946355,
      -23.035398
     ],
     [
      -47.94672,
      -23.035305
     ],
     [
      -47.946809,
      -23.035274
     ],
     [
      -47.947232,
      -23.035129
     ],
     [
      -47.949034,
      -23.034521
     ],
     [
      -47.94949,
      -23.034368
     ],
     [
      -47.949979,
      -23.034241
     ],
     [
      -47.950283,
      -23.034192
     ],
     [
      -47.950432,
      -23.034168
     ],
     [
      -47.95101,
      -23.034164
     ],
     [
      -47.951891,
      -23.034214
     ],
     [
      -47.952668,
      -23.034259
     ],
     [
      -47.954264,
      -23.034361
     ],
     [
      -47.954769,
      -23.034349
     ],
     [
      -47.955168,
      -23.034293
     ],
     [
      -47.955569,
      -23.034198
     ],
     [
      -47.955959,
      -23.034065
     ],
     [
      -47.956327,
      -23.033894
     ],
     [
      -47.956671,
      -23.033692
     ],
     [
      -47.956803,
      -23.033593
     ],
     [
      -47.956846,
      -23.033561
     ],
     [
      -47.957578,
      -23.033014
     ],
     [
      -47.960545,
      -23.030724
     ],
     [
      -47.96169,
      -23.029818
     ],
     [
      -47.961979,
      -23.029459
     ],
     [
      -47.962407,
      -23.028643
     ],
     [
      -47.962726,
      -23.027816
     ],
     [
      -47.963094,
      -23.027209
     ],
     [
      -47.963602,
      -23.026611
     ],
     [
      -47.964458,
      -23.025838
     ],
     [
      -47.964907,
      -23.025456
     ],
     [
      -47.965454,
      -23.024859
     ],
     [
      -47.966171,
      -23.023773
     ],
     [
      -47.967496,
      -23.021642
     ],
     [
      -47.968253,
      -23.020646
     ],
     [
      -47.9688,
      -23.020089
     ],
     [
      -47.969705,
      -23.019502
     ],
     [
      -47.970562,
      -23.019151
     ],
     [
      -47.971186,
      -23.019024
     ],
     [
      -47.97181,
      -23.018976
     ],
     [
      -47.974868,
      -23.01913
     ],
     [
      -47.975204,
      -23.019141
     ],
     [
      -47.975525,
      -23.019138
     ],
     [
      -47.975819,
      -23.019117
     ],
     [
      -47.97626,
      -23.019051
     ],
     [
      -47.976592,
      -23.018968
     ],
     [
      -47.976905,
      -23.018861
     ],
     [
      -47.979695,
      -23.01767
     ],
     [
      -47.981082,
      -23.017065
     ],
     [
      -47.981372,
      -23.016938
     ],
     [
      -47.981667,
      -23.016817
     ],
     [
      -47.981973,
      -23.016704
     ],
     [
      -47.982312,
      -23.016575
     ],
     [
      -47.98743,
      -23.014873
     ],
     [
      -47.993636,
      -23.012707
     ],
     [
      -47.995616,
      -23.012045
     ],
     [
      -47.996061,
      -23.011873
     ],
     [
      -47.996294,
      -23.011779
     ],
     [
      -47.996571,
      -23.011649
     ],
     [
      -47.996872,
      -23.01149
     ],
     [
      -48.000478,
      -23.009446
     ],
     [
      -48.001918,
      -23.008592
     ],
     [
      -48.00213,
      -23.008466
     ],
     [
      -48.002736,
      -23.008107
     ],
     [
      -48.003207,
      -23.007919
     ],
     [
      -48.00364,
      -23.007798
     ],
     [
      -48.003898,
      -23.007745
     ],
     [
      -48.004286,
      -23.007705
     ],
     [
      -48.004655,
      -23.007696
     ],
     [
      -48.005045,
      -23.007723
     ],
     [
      -48.005418,
      -23.007777
     ],
     [
      -48.005721,
      -23.007855
     ],
     [
      -48.006075,
      -23.007985
     ],
     [
      -48.006482,
      -23.008176
     ],
     [
      -48.006871,
      -23.008388
     ],
     [
      -48.00726,
      -23.008705
     ],
     [
      -48.007728,
      -23.009185
     ],
     [
      -48.008001,
      -23.00955
     ],
     [
      -48.008177,
      -23.009807
     ],
     [
      -48.008523,
      -23.010309
     ],
     [
      -48.008748,
      -23.010598
     ],
     [
      -48.008926,
      -23.01078
     ],
     [
      -48.009089,
      -23.010919
     ],
     [
      -48.009315,
      -23.011073
     ],
     [
      -48.009633,
      -23.011232
     ],
     [
      -48.010094,
      -23.01143
     ]
    ]
   }
  },
  {
   "type": "Feature",
   "properties": {
    "id": "sor-conchas-juquiratiba",
    "method": "osm-current",
    "osm_ways": [
     156799770,
     190247949,
     198358361,
     198358362,
     604554153,
     641313475,
     641313476
    ],
    "bridged_gap_m": 0,
    "generated": "2026-10-05"
   },
   "geometry": {
    "type": "LineString",
    "coordinates": [
     [
      -48.010094,
      -23.01143
     ],
     [
      -48.010998,
      -23.011793
     ],
     [
      -48.011252,
      -23.011895
     ],
     [
      -48.011447,
      -23.011959
     ],
     [
      -48.011758,
      -23.012045
     ],
     [
      -48.013133,
      -23.012393
     ],
     [
      -48.013478,
      -23.012463
     ],
     [
      -48.013723,
      -23.012482
     ],
     [
      -48.014099,
      -23.01247
     ],
     [
      -48.014353,
      -23.012435
     ],
     [
      -48.014672,
      -23.012364
     ],
     [
      -48.01491,
      -23.012279
     ],
     [
      -48.015314,
      -23.012088
     ],
     [
      -48.016111,
      -23.011687
     ],
     [
      -48.016476,
      -23.011502
     ],
     [
      -48.016634,
      -23.011421
     ],
     [
      -48.017017,
      -23.011216
     ],
     [
      -48.017227,
      -23.011124
     ],
     [
      -48.017439,
      -23.011046
     ],
     [
      -48.017725,
      -23.010957
     ],
     [
      -48.018016,
      -23.010912
     ],
     [
      -48.018307,
      -23.010902
     ],
     [
      -48.018573,
      -23.010924
     ],
     [
      -48.018864,
      -23.010976
     ],
     [
      -48.019177,
      -23.01107
     ],
     [
      -48.019438,
      -23.011184
     ],
     [
      -48.019664,
      -23.011294
     ],
     [
      -48.019876,
      -23.011411
     ],
     [
      -48.024499,
      -23.013953
     ],
     [
      -48.024769,
      -23.014099
     ],
     [
      -48.025056,
      -23.014212
     ],
     [
      -48.025357,
      -23.014291
     ],
     [
      -48.025666,
      -23.014334
     ],
     [
      -48.025978,
      -23.014341
     ],
     [
      -48.026289,
      -23.014311
     ],
     [
      -48.026594,
      -23.014245
     ],
     [
      -48.026887,
      -23.014145
     ],
     [
      -48.027163,
      -23.014011
     ],
     [
      -48.027419,
      -23.013845
     ],
     [
      -48.02765,
      -23.013652
     ],
     [
      -48.027853,
      -23.013433
     ],
     [
      -48.028024,
      -23.013192
     ],
     [
      -48.02816,
      -23.012933
     ],
     [
      -48.028958,
      -23.010874
     ],
     [
      -48.029061,
      -23.010667
     ],
     [
      -48.029217,
      -23.010421
     ],
     [
      -48.029284,
      -23.010326
     ],
     [
      -48.029432,
      -23.010151
     ],
     [
      -48.029555,
      -23.010008
     ],
     [
      -48.036782,
      -23.002581
     ],
     [
      -48.037009,
      -23.002364
     ],
     [
      -48.03721,
      -23.002193
     ],
     [
      -48.037438,
      -23.002042
     ],
     [
      -48.037674,
      -23.001935
     ],
     [
      -48.037918,
      -23.001849
     ],
     [
      -48.038152,
      -23.001775
     ],
     [
      -48.038457,
      -23.001723
     ],
     [
      -48.038763,
      -23.001703
     ],
     [
      -48.038999,
      -23.001713
     ],
     [
      -48.039287,
      -23.001749
     ],
     [
      -48.039567,
      -23.001808
     ],
     [
      -48.045858,
      -23.003214
     ],
     [
      -48.045917,
      -23.003227
     ],
     [
      -48.047134,
      -23.003501
     ],
     [
      -48.047388,
      -23.003548
     ],
     [
      -48.047713,
      -23.003586
     ],
     [
      -48.048067,
      -23.00358
     ],
     [
      -48.048438,
      -23.003516
     ],
     [
      -48.048751,
      -23.003431
     ],
     [
      -48.048975,
      -23.003323
     ],
     [
      -48.050852,
      -23.002364
     ],
     [
      -48.051192,
      -23.002171
     ],
     [
      -48.051453,
      -23.00194
     ],
     [
      -48.051645,
      -23.001746
     ],
     [
      -48.053763,
      -22.999171
     ],
     [
      -48.053976,
      -22.998961
     ],
     [
      -48.054174,
      -22.998815
     ],
     [
      -48.054436,
      -22.998657
     ],
     [
      -48.054707,
      -22.998534
     ],
     [
      -48.055102,
      -22.998391
     ],
     [
      -48.058226,
      -22.997414
     ],
     [
      -48.059568,
      -22.996981
     ],
     [
      -48.059802,
      -22.99691
     ],
     [
      -48.060137,
      -22.996766
     ],
     [
      -48.060403,
      -22.996589
     ],
     [
      -48.060653,
      -22.996367
     ],
     [
      -48.060841,
      -22.996159
     ],
     [
      -48.061017,
      -22.995921
     ],
     [
      -48.061366,
      -22.995423
     ],
     [
      -48.062814,
      -22.993203
     ],
     [
      -48.063103,
      -22.992817
     ],
     [
      -48.063289,
      -22.992576
     ],
     [
      -48.063428,
      -22.992425
     ],
     [
      -48.063637,
      -22.992269
     ],
     [
      -48.063897,
      -22.9921
     ],
     [
      -48.064242,
      -22.991948
     ],
     [
      -48.064618,
      -22.991844
     ],
     [
      -48.064928,
      -22.991789
     ],
     [
      -48.065378,
      -22.991793
     ],
     [
      -48.06668,
      -22.991801
     ],
     [
      -48.067161,
      -22.991782
     ],
     [
      -48.067537,
      -22.991712
     ],
     [
      -48.06789,
      -22.991638
     ],
     [
      -48.068192,
      -22.991537
     ],
     [
      -48.068514,
      -22.991371
     ],
     [
      -48.06882,
      -22.991181
     ],
     [
      -48.069196,
      -22.990867
     ],
     [
      -48.069948,
      -22.990061
     ],
     [
      -48.070388,
      -22.989579
     ],
     [
      -48.070715,
      -22.989347
     ],
     [
      -48.071064,
      -22.989173
     ],
     [
      -48.071425,
      -22.989053
     ],
     [
      -48.073427,
      -22.988426
     ],
     [
      -48.073698,
      -22.988344
     ],
     [
      -48.073974,
      -22.988276
     ],
     [
      -48.074253,
      -22.988221
     ],
     [
      -48.074535,
      -22.98818
     ],
     [
      -48.075295,
      -22.988125
     ],
     [
      -48.075632,
      -22.988082
     ],
     [
      -48.07598,
      -22.988013
     ],
     [
      -48.076265,
      -22.987902
     ],
     [
      -48.076599,
      -22.987746
     ],
     [
      -48.076804,
      -22.987614
     ],
     [
      -48.077022,
      -22.987417
     ],
     [
      -48.07772,
      -22.986681
     ],
     [
      -48.078107,
      -22.986258
     ],
     [
      -48.07834,
      -22.986041
     ],
     [
      -48.078646,
      -22.985843
     ],
     [
      -48.07901,
      -22.985646
     ],
     [
      -48.080668,
      -22.985027
     ],
     [
      -48.080773,
      -22.984988
     ],
     [
      -48.082008,
      -22.984526
     ],
     [
      -48.082579,
      -22.984314
     ],
     [
      -48.083394,
      -22.984002
     ],
     [
      -48.083766,
      -22.983832
     ],
     [
      -48.083987,
      -22.983688
     ],
     [
      -48.084255,
      -22.983463
     ],
     [
      -48.084507,
      -22.983184
     ],
     [
      -48.084712,
      -22.982805
     ],
     [
      -48.084832,
      -22.982367
     ],
     [
      -48.084879,
      -22.981983
     ],
     [
      -48.084894,
      -22.980847
     ],
     [
      -48.084921,
      -22.980498
     ],
     [
      -48.084983,
      -22.980177
     ],
     [
      -48.085084,
      -22.979894
     ],
     [
      -48.08522,
      -22.979645
     ],
     [
      -48.085386,
      -22.979355
     ],
     [
      -48.0857,
      -22.97901
     ],
     [
      -48.085972,
      -22.978777
     ],
     [
      -48.08641,
      -22.97851
     ],
     [
      -48.087511,
      -22.977932
     ],
     [
      -48.088045,
      -22.977622
     ],
     [
      -48.088371,
      -22.977374
     ],
     [
      -48.0886,
      -22.977114
     ],
     [
      -48.088875,
      -22.976723
     ],
     [
      -48.089084,
      -22.976277
     ],
     [
      -48.089825,
      -22.974734
     ],
     [
      -48.090224,
      -22.973882
     ],
     [
      -48.090387,
      -22.973417
     ],
     [
      -48.09046,
      -22.973157
     ],
     [
      -48.090538,
      -22.972858
     ],
     [
      -48.0906,
      -22.972626
     ],
     [
      -48.090619,
      -22.972265
     ],
     [
      -48.090639,
      -22.971882
     ],
     [
      -48.090662,
      -22.971102
     ],
     [
      -48.090669,
      -22.970273
     ],
     [
      -48.090677,
      -22.970034
     ],
     [
      -48.090708,
      -22.969796
     ],
     [
      -48.090763,
      -22.969562
     ],
     [
      -48.090841,
      -22.969333
     ],
     [
      -48.090941,
      -22.969112
     ],
     [
      -48.091063,
      -22.968901
     ],
     [
      -48.091205,
      -22.9687
     ],
     [
      -48.091366,
      -22.968512
     ],
     [
      -48.091545,
      -22.968339
     ],
     [
      -48.091741,
      -22.968181
     ],
     [
      -48.091952,
      -22.968041
     ],
     [
      -48.092175,
      -22.967918
     ],
     [
      -48.09241,
      -22.967815
     ],
     [
      -48.094009,
      -22.967164
     ],
     [
      -48.094864,
      -22.966815
     ],
     [
      -48.095398,
      -22.966587
     ],
     [
      -48.095809,
      -22.966362
     ],
     [
      -48.096154,
      -22.966129
     ],
     [
      -48.096441,
      -22.965858
     ],
     [
      -48.096842,
      -22.965374
     ],
     [
      -48.097258,
      -22.964846
     ],
     [
      -48.09771,
      -22.964361
     ],
     [
      -48.098073,
      -22.964084
     ],
     [
      -48.098161,
      -22.96402
     ],
     [
      -48.098273,
      -22.963952
     ],
     [
      -48.098732,
      -22.963674
     ],
     [
      -48.099243,
      -22.963471
     ],
     [
      -48.099562,
      -22.963353
     ],
     [
      -48.099678,
      -22.96331
     ],
     [
      -48.100103,
      -22.963153
     ],
     [
      -48.102457,
      -22.962353
     ],
     [
      -48.103243,
      -22.96208
     ]
    ]
   }
  },
  {
   "type": "Feature",
   "properties": {
    "id": "sor-juquiratiba-piramboia",
    "method": "osm-old",
    "osm_ways": [
     127836874,
     128148957,
     203305033,
     203305034,
     494876329,
     494876331,
     494876333,
     604575172,
     604627743,
     604627744,
     604627745,
     604627748,
     641313475
    ],
    "bridged_gap_m": 0,
    "generated": "2026-10-05"
   },
   "geometry": {
    "type": "LineString",
    "coordinates": [
     [
      -48.103243,
      -22.96208
     ],
     [
      -48.105709,
      -22.96122
     ],
     [
      -48.106535,
      -22.960943
     ],
     [
      -48.10789,
      -22.960448
     ],
     [
      -48.108599,
      -22.960207
     ],
     [
      -48.10966,
      -22.959821
     ],
     [
      -48.112334,
      -22.958917
     ],
     [
      -48.113727,
      -22.958395
     ],
     [
      -48.114533,
      -22.958001
     ],
     [
      -48.114698,
      -22.957901
     ],
     [
      -48.115457,
      -22.957326
     ],
     [
      -48.118249,
      -22.955226
     ],
     [
      -48.119028,
      -22.954606
     ],
     [
      -48.119246,
      -22.954355
     ],
     [
      -48.119385,
      -22.954104
     ],
     [
      -48.119484,
      -22.953813
     ],
     [
      -48.119722,
      -22.952982
     ],
     [
      -48.11986,
      -22.952616
     ],
     [
      -48.119991,
      -22.95242
     ],
     [
      -48.122518,
      -22.949627
     ],
     [
      -48.122628,
      -22.949499
     ],
     [
      -48.122789,
      -22.949349
     ],
     [
      -48.123595,
      -22.948718
     ],
     [
      -48.1238,
      -22.948504
     ],
     [
      -48.123888,
      -22.948339
     ],
     [
      -48.123942,
      -22.948138
     ],
     [
      -48.123973,
      -22.947937
     ],
     [
      -48.123974,
      -22.947749
     ],
     [
      -48.123934,
      -22.947533
     ],
     [
      -48.123896,
      -22.947363
     ],
     [
      -48.123762,
      -22.947107
     ],
     [
      -48.122927,
      -22.946033
     ],
     [
      -48.121807,
      -22.944609
     ],
     [
      -48.121536,
      -22.944418
     ],
     [
      -48.121176,
      -22.944292
     ],
     [
      -48.120742,
      -22.944231
     ],
     [
      -48.119977,
      -22.944278
     ],
     [
      -48.119617,
      -22.944292
     ],
     [
      -48.119328,
      -22.94425
     ],
     [
      -48.11894,
      -22.944129
     ],
     [
      -48.118683,
      -22.94397
     ],
     [
      -48.118431,
      -22.943694
     ],
     [
      -48.118287,
      -22.943382
     ],
     [
      -48.118249,
      -22.943036
     ],
     [
      -48.118268,
      -22.942807
     ],
     [
      -48.118375,
      -22.942527
     ],
     [
      -48.118543,
      -22.942271
     ],
     [
      -48.118805,
      -22.942023
     ],
     [
      -48.119258,
      -22.941748
     ],
     [
      -48.119561,
      -22.941514
     ],
     [
      -48.119822,
      -22.941248
     ],
     [
      -48.12,
      -22.940977
     ],
     [
      -48.120135,
      -22.940655
     ],
     [
      -48.12105,
      -22.93819
     ],
     [
      -48.121125,
      -22.937864
     ],
     [
      -48.12112,
      -22.937518
     ],
     [
      -48.121046,
      -22.93707
     ],
     [
      -48.120915,
      -22.936673
     ],
     [
      -48.120695,
      -22.936318
     ],
     [
      -48.120443,
      -22.936052
     ],
     [
      -48.120224,
      -22.935912
     ],
     [
      -48.119991,
      -22.93582
     ],
     [
      -48.119766,
      -22.935749
     ],
     [
      -48.119106,
      -22.935635
     ],
     [
      -48.11877,
      -22.935513
     ],
     [
      -48.118471,
      -22.935322
     ],
     [
      -48.118296,
      -22.935098
     ],
     [
      -48.118185,
      -22.934901
     ],
     [
      -48.118122,
      -22.934723
     ],
     [
      -48.118074,
      -22.934492
     ],
     [
      -48.118054,
      -22.934256
     ],
     [
      -48.118089,
      -22.934047
     ],
     [
      -48.118148,
      -22.933858
     ],
     [
      -48.118274,
      -22.933547
     ],
     [
      -48.118747,
      -22.932624
     ],
     [
      -48.118896,
      -22.932129
     ],
     [
      -48.118999,
      -22.931821
     ],
     [
      -48.119027,
      -22.931551
     ],
     [
      -48.119251,
      -22.928513
     ],
     [
      -48.119325,
      -22.927732
     ],
     [
      -48.119428,
      -22.927097
     ],
     [
      -48.119536,
      -22.926684
     ],
     [
      -48.119743,
      -22.926355
     ],
     [
      -48.120007,
      -22.926098
     ],
     [
      -48.120427,
      -22.925855
     ],
     [
      -48.120959,
      -22.925706
     ],
     [
      -48.122463,
      -22.92551
     ],
     [
      -48.123247,
      -22.925435
     ],
     [
      -48.123788,
      -22.925332
     ],
     [
      -48.124227,
      -22.92522
     ],
     [
      -48.124666,
      -22.92488
     ],
     [
      -48.125028,
      -22.924482
     ],
     [
      -48.125351,
      -22.924195
     ],
     [
      -48.12573,
      -22.923969
     ],
     [
      -48.12616,
      -22.923848
     ],
     [
      -48.126515,
      -22.923792
     ],
     [
      -48.126927,
      -22.923805
     ],
     [
      -48.127206,
      -22.923904
     ],
     [
      -48.127571,
      -22.924093
     ],
     [
      -48.127788,
      -22.924243
     ],
     [
      -48.127953,
      -22.924389
     ],
     [
      -48.129771,
      -22.925829
     ],
     [
      -48.130467,
      -22.926356
     ],
     [
      -48.13068,
      -22.926469
     ],
     [
      -48.130938,
      -22.926585
     ],
     [
      -48.13123,
      -22.926669
     ],
     [
      -48.131494,
      -22.926717
     ],
     [
      -48.131847,
      -22.926755
     ],
     [
      -48.132259,
      -22.92675
     ],
     [
      -48.133984,
      -22.926659
     ],
     [
      -48.134475,
      -22.926637
     ],
     [
      -48.135119,
      -22.926592
     ],
     [
      -48.135294,
      -22.926569
     ],
     [
      -48.135469,
      -22.926511
     ],
     [
      -48.135627,
      -22.92643
     ],
     [
      -48.136695,
      -22.925753
     ],
     [
      -48.136972,
      -22.925539
     ],
     [
      -48.137164,
      -22.925278
     ],
     [
      -48.137322,
      -22.92483
     ],
     [
      -48.137294,
      -22.924391
     ],
     [
      -48.13708,
      -22.923784
     ],
     [
      -48.13707,
      -22.923438
     ],
     [
      -48.13722,
      -22.923
     ],
     [
      -48.137528,
      -22.922654
     ],
     [
      -48.137873,
      -22.92243
     ],
     [
      -48.138406,
      -22.922355
     ],
     [
      -48.138947,
      -22.922374
     ],
     [
      -48.139283,
      -22.922374
     ],
     [
      -48.139566,
      -22.922352
     ],
     [
      -48.139871,
      -22.922225
     ],
     [
      -48.140245,
      -22.921945
     ],
     [
      -48.140397,
      -22.921735
     ],
     [
      -48.14046,
      -22.921496
     ],
     [
      -48.140441,
      -22.920862
     ],
     [
      -48.140488,
      -22.92046
     ],
     [
      -48.140665,
      -22.919918
     ],
     [
      -48.14158,
      -22.91807
     ],
     [
      -48.141832,
      -22.917687
     ],
     [
      -48.142075,
      -22.917482
     ],
     [
      -48.14256,
      -22.917192
     ],
     [
      -48.14299,
      -22.917127
     ],
     [
      -48.143447,
      -22.917211
     ],
     [
      -48.146136,
      -22.918406
     ],
     [
      -48.146538,
      -22.918761
     ],
     [
      -48.147023,
      -22.919452
     ],
     [
      -48.147378,
      -22.919862
     ],
     [
      -48.147836,
      -22.920236
     ],
     [
      -48.148396,
      -22.920469
     ],
     [
      -48.150786,
      -22.921039
     ],
     [
      -48.151188,
      -22.921235
     ],
     [
      -48.151561,
      -22.921552
     ],
     [
      -48.152233,
      -22.922365
     ],
     [
      -48.153909,
      -22.924607
     ],
     [
      -48.154155,
      -22.924902
     ],
     [
      -48.154528,
      -22.925108
     ],
     [
      -48.154818,
      -22.925182
     ],
     [
      -48.155722,
      -22.925257
     ],
     [
      -48.156009,
      -22.925325
     ],
     [
      -48.156293,
      -22.925434
     ],
     [
      -48.156501,
      -22.925589
     ],
     [
      -48.156713,
      -22.925789
     ],
     [
      -48.15829,
      -22.92756
     ],
     [
      -48.158753,
      -22.928019
     ],
     [
      -48.158887,
      -22.928165
     ],
     [
      -48.158988,
      -22.928317
     ],
     [
      -48.159239,
      -22.928715
     ],
     [
      -48.15982,
      -22.929723
     ],
     [
      -48.159954,
      -22.929946
     ],
     [
      -48.160552,
      -22.93088
     ],
     [
      -48.160706,
      -22.931093
     ],
     [
      -48.160774,
      -22.931184
     ],
     [
      -48.16095,
      -22.931416
     ]
    ]
   }
  },
  {
   "type": "Feature",
   "properties": {
    "id": "sor-piramboia-piapara",
    "method": "osm-old",
    "osm_ways": [
     127836868,
     127836870,
     128148957,
     495088805,
     604627738,
     604627746
    ],
    "bridged_gap_m": 0,
    "generated": "2026-10-05"
   },
   "geometry": {
    "type": "LineString",
    "coordinates": [
     [
      -48.16095,
      -22.931416
     ],
     [
      -48.16102,
      -22.931509
     ],
     [
      -48.161325,
      -22.931914
     ],
     [
      -48.161458,
      -22.932093
     ],
     [
      -48.161607,
      -22.932287
     ],
     [
      -48.161939,
      -22.93272
     ],
     [
      -48.162375,
      -22.933215
     ],
     [
      -48.162468,
      -22.933284
     ],
     [
      -48.16256,
      -22.933339
     ],
     [
      -48.162655,
      -22.933379
     ],
     [
      -48.162767,
      -22.933415
     ],
     [
      -48.163191,
      -22.933516
     ],
     [
      -48.163527,
      -22.93357
     ],
     [
      -48.163711,
      -22.933598
     ],
     [
      -48.163825,
      -22.933618
     ],
     [
      -48.16401,
      -22.933651
     ],
     [
      -48.164242,
      -22.93371
     ],
     [
      -48.164621,
      -22.933832
     ],
     [
      -48.165289,
      -22.934033
     ],
     [
      -48.165825,
      -22.934189
     ],
     [
      -48.166424,
      -22.934369
     ],
     [
      -48.166789,
      -22.934479
     ],
     [
      -48.167156,
      -22.934584
     ],
     [
      -48.167574,
      -22.934731
     ],
     [
      -48.168126,
      -22.93501
     ],
     [
      -48.168549,
      -22.935242
     ],
     [
      -48.168956,
      -22.935393
     ],
     [
      -48.169403,
      -22.935499
     ],
     [
      -48.169978,
      -22.935584
     ],
     [
      -48.170483,
      -22.935631
     ],
     [
      -48.170827,
      -22.935639
     ],
     [
      -48.171195,
      -22.935564
     ],
     [
      -48.171458,
      -22.935458
     ],
     [
      -48.172267,
      -22.935062
     ],
     [
      -48.173126,
      -22.934498
     ],
     [
      -48.173514,
      -22.934296
     ],
     [
      -48.173831,
      -22.934069
     ],
     [
      -48.174176,
      -22.933773
     ],
     [
      -48.174334,
      -22.933595
     ],
     [
      -48.174413,
      -22.933477
     ],
     [
      -48.174514,
      -22.933251
     ],
     [
      -48.174567,
      -22.933054
     ],
     [
      -48.174616,
      -22.932788
     ],
     [
      -48.174619,
      -22.932414
     ],
     [
      -48.17462,
      -22.932113
     ],
     [
      -48.174699,
      -22.931823
     ],
     [
      -48.174764,
      -22.931678
     ],
     [
      -48.174935,
      -22.931448
     ],
     [
      -48.175167,
      -22.93126
     ],
     [
      -48.175282,
      -22.931193
     ],
     [
      -48.175519,
      -22.93112
     ],
     [
      -48.175726,
      -22.931095
     ],
     [
      -48.176021,
      -22.931125
     ],
     [
      -48.176284,
      -22.93117
     ],
     [
      -48.176507,
      -22.931257
     ],
     [
      -48.176664,
      -22.931382
     ],
     [
      -48.176894,
      -22.93161
     ],
     [
      -48.177011,
      -22.931798
     ],
     [
      -48.177094,
      -22.932002
     ],
     [
      -48.177146,
      -22.932319
     ],
     [
      -48.177134,
      -22.932613
     ],
     [
      -48.177107,
      -22.933024
     ],
     [
      -48.177113,
      -22.933313
     ],
     [
      -48.177143,
      -22.933494
     ],
     [
      -48.1772,
      -22.933654
     ],
     [
      -48.177355,
      -22.933888
     ],
     [
      -48.177496,
      -22.934033
     ],
     [
      -48.177757,
      -22.934216
     ],
     [
      -48.177974,
      -22.9343
     ],
     [
      -48.178209,
      -22.934325
     ],
     [
      -48.178568,
      -22.934297
     ],
     [
      -48.178831,
      -22.93422
     ],
     [
      -48.179035,
      -22.934127
     ],
     [
      -48.179319,
      -22.933914
     ],
     [
      -48.179765,
      -22.933484
     ],
     [
      -48.180169,
      -22.93315
     ],
     [
      -48.180411,
      -22.933034
     ],
     [
      -48.180752,
      -22.932939
     ],
     [
      -48.181213,
      -22.932923
     ],
     [
      -48.181617,
      -22.932938
     ],
     [
      -48.182008,
      -22.932896
     ],
     [
      -48.182304,
      -22.932822
     ],
     [
      -48.182543,
      -22.932727
     ],
     [
      -48.182977,
      -22.932449
     ],
     [
      -48.183285,
      -22.932155
     ],
     [
      -48.183518,
      -22.931851
     ],
     [
      -48.183731,
      -22.931429
     ],
     [
      -48.183826,
      -22.931037
     ],
     [
      -48.18387,
      -22.930264
     ],
     [
      -48.183873,
      -22.929812
     ],
     [
      -48.183926,
      -22.929413
     ],
     [
      -48.184003,
      -22.929138
     ],
     [
      -48.18409,
      -22.928962
     ],
     [
      -48.184405,
      -22.928511
     ],
     [
      -48.184594,
      -22.928348
     ],
     [
      -48.184783,
      -22.928216
     ],
     [
      -48.185054,
      -22.928125
     ],
     [
      -48.185327,
      -22.928097
     ],
     [
      -48.185563,
      -22.928112
     ],
     [
      -48.185745,
      -22.928148
     ],
     [
      -48.186007,
      -22.928193
     ],
     [
      -48.186361,
      -22.928204
     ],
     [
      -48.186645,
      -22.92819
     ],
     [
      -48.18689,
      -22.928182
     ],
     [
      -48.187315,
      -22.92817
     ],
     [
      -48.18767,
      -22.928155
     ],
     [
      -48.188019,
      -22.928157
     ],
     [
      -48.188279,
      -22.928157
     ],
     [
      -48.188533,
      -22.928122
     ],
     [
      -48.188746,
      -22.928065
     ],
     [
      -48.188926,
      -22.92798
     ],
     [
      -48.189203,
      -22.927814
     ],
     [
      -48.189355,
      -22.927656
     ],
     [
      -48.189519,
      -22.927374
     ],
     [
      -48.189651,
      -22.927152
     ],
     [
      -48.189806,
      -22.926965
     ],
     [
      -48.190029,
      -22.926747
     ],
     [
      -48.190292,
      -22.926559
     ],
     [
      -48.19048,
      -22.926366
     ],
     [
      -48.190761,
      -22.926036
     ],
     [
      -48.190807,
      -22.925873
     ],
     [
      -48.190831,
      -22.925668
     ],
     [
      -48.190847,
      -22.925534
     ],
     [
      -48.190815,
      -22.925359
     ],
     [
      -48.190764,
      -22.925176
     ],
     [
      -48.19067,
      -22.925038
     ],
     [
      -48.190378,
      -22.924499
     ],
     [
      -48.190021,
      -22.923889
     ],
     [
      -48.189834,
      -22.923571
     ],
     [
      -48.189665,
      -22.923207
     ],
     [
      -48.189619,
      -22.923077
     ],
     [
      -48.189534,
      -22.922814
     ],
     [
      -48.189328,
      -22.922072
     ],
     [
      -48.189113,
      -22.921363
     ],
     [
      -48.188853,
      -22.920501
     ],
     [
      -48.188619,
      -22.919655
     ],
     [
      -48.188409,
      -22.918858
     ],
     [
      -48.18824,
      -22.91829
     ],
     [
      -48.188165,
      -22.918023
     ],
     [
      -48.188142,
      -22.91789
     ],
     [
      -48.188134,
      -22.917691
     ],
     [
      -48.188154,
      -22.917544
     ],
     [
      -48.188205,
      -22.917397
     ],
     [
      -48.188283,
      -22.917236
     ],
     [
      -48.188354,
      -22.917129
     ],
     [
      -48.188535,
      -22.916905
     ],
     [
      -48.188924,
      -22.916593
     ],
     [
      -48.189457,
      -22.916169
     ],
     [
      -48.189994,
      -22.915749
     ],
     [
      -48.190517,
      -22.915333
     ],
     [
      -48.191075,
      -22.914869
     ],
     [
      -48.191654,
      -22.914508
     ],
     [
      -48.192478,
      -22.914113
     ],
     [
      -48.192799,
      -22.91402
     ],
     [
      -48.193304,
      -22.913936
     ],
     [
      -48.193752,
      -22.913856
     ],
     [
      -48.194095,
      -22.913782
     ],
     [
      -48.194428,
      -22.913703
     ],
     [
      -48.194561,
      -22.913649
     ],
     [
      -48.194739,
      -22.913543
     ],
     [
      -48.194848,
      -22.913478
     ],
     [
      -48.19498,
      -22.913357
     ],
     [
      -48.19512,
      -22.913235
     ],
     [
      -48.195231,
      -22.913082
     ],
     [
      -48.195333,
      -22.912895
     ],
     [
      -48.195408,
      -22.912722
     ],
     [
      -48.195459,
      -22.912563
     ],
     [
      -48.195629,
      -22.911864
     ],
     [
      -48.19578,
      -22.91122
     ],
     [
      -48.195843,
      -22.910953
     ],
     [
      -48.196269,
      -22.909564
     ],
     [
      -48.196346,
      -22.909281
     ],
     [
      -48.196376,
      -22.90912
     ],
     [
      -48.196376,
      -22.908944
     ],
     [
      -48.19636,
      -22.90882
     ],
     [
      -48.196335,
      -22.908687
     ],
     [
      -48.19628,
      -22.908543
     ],
     [
      -48.196201,
      -22.908427
     ],
     [
      -48.196045,
      -22.908248
     ],
     [
      -48.195875,
      -22.908092
     ],
     [
      -48.195608,
      -22.907969
     ],
     [
      -48.195447,
      -22.90789
     ],
     [
      -48.1947,
      -22.907545
     ],
     [
      -48.194503,
      -22.907418
     ],
     [
      -48.194345,
      -22.907236
     ],
     [
      -48.194252,
      -22.907124
     ],
     [
      -48.19419,
      -22.906993
     ],
     [
      -48.194125,
      -22.906839
     ],
     [
      -48.194062,
      -22.906645
     ],
     [
      -48.194033,
      -22.906457
     ],
     [
      -48.194059,
      -22.906209
     ],
     [
      -48.19409,
      -22.906048
     ],
     [
      -48.194251,
      -22.905718
     ],
     [
      -48.194551,
      -22.905451
     ],
     [
      -48.19501,
      -22.905293
     ],
     [
      -48.19583,
      -22.905126
     ],
     [
      -48.196131,
      -22.90509
     ],
     [
      -48.196361,
      -22.90502
     ],
     [
      -48.196692,
      -22.904867
     ],
     [
      -48.197082,
      -22.904608
     ],
     [
      -48.197545,
      -22.904314
     ],
     [
      -48.197857,
      -22.904139
     ],
     [
      -48.197976,
      -22.904089
     ],
     [
      -48.198114,
      -22.904054
     ],
     [
      -48.198912,
      -22.903908
     ],
     [
      -48.199269,
      -22.903842
     ],
     [
      -48.19954,
      -22.903731
     ],
     [
      -48.199878,
      -22.903501
     ],
     [
      -48.199986,
      -22.9034
     ],
     [
      -48.200073,
      -22.903281
     ],
     [
      -48.200271,
      -22.902951
     ],
     [
      -48.200382,
      -22.90273
     ],
     [
      -48.200606,
      -22.902115
     ],
     [
      -48.201155,
      -22.900698
     ],
     [
      -48.201395,
      -22.899997
     ],
     [
      -48.201617,
      -22.899211
     ],
     [
      -48.201874,
      -22.898223
     ],
     [
      -48.201986,
      -22.89784
     ],
     [
      -48.202075,
      -22.89763
     ],
     [
      -48.202281,
      -22.897287
     ],
     [
      -48.20271,
      -22.896956
     ],
     [
      -48.203242,
      -22.896586
     ],
     [
      -48.203834,
      -22.896196
     ],
     [
      -48.204183,
      -22.896028
     ],
     [
      -48.20445,
      -22.895961
     ],
     [
      -48.204664,
      -22.895939
     ],
     [
      -48.204892,
      -22.895957
     ],
     [
      -48.205256,
      -22.896024
     ],
     [
      -48.205787,
      -22.89617
     ],
     [
      -48.206404,
      -22.896323
     ],
     [
      -48.207321,
      -22.89661
     ],
     [
      -48.207935,
      -22.896749
     ],
     [
      -48.208865,
      -22.896936
     ],
     [
      -48.209667,
      -22.897034
     ],
     [
      -48.209948,
      -22.897049
     ],
     [
      -48.210151,
      -22.897037
     ],
     [
      -48.210388,
      -22.89701
     ],
     [
      -48.210791,
      -22.896901
     ],
     [
      -48.211162,
      -22.89673
     ],
     [
      -48.211664,
      -22.896329
     ],
     [
      -48.211934,
      -22.896023
     ],
     [
      -48.212034,
      -22.895864
     ],
     [
      -48.212117,
      -22.895675
     ],
     [
      -48.212299,
      -22.895524
     ],
     [
      -48.212686,
      -22.895316
     ],
     [
      -48.213072,
      -22.895168
     ],
     [
      -48.213817,
      -22.894975
     ],
     [
      -48.214402,
      -22.894852
     ],
     [
      -48.214676,
      -22.894837
     ],
     [
      -48.215019,
      -22.894837
     ],
     [
      -48.215368,
      -22.894901
     ],
     [
      -48.215797,
      -22.895054
     ],
     [
      -48.216226,
      -22.895262
     ],
     [
      -48.217058,
      -22.895756
     ],
     [
      -48.218136,
      -22.896673
     ],
     [
      -48.219576,
      -22.897967
     ],
     [
      -48.220856,
      -22.898933
     ],
     [
      -48.221349,
      -22.89922
     ],
     [
      -48.221768,
      -22.899363
     ],
     [
      -48.222341,
      -22.899442
     ],
     [
      -48.222851,
      -22.899418
     ],
     [
      -48.22857,
      -22.898662
     ],
     [
      -48.231021,
      -22.898261
     ],
     [
      -48.231756,
      -22.898024
     ],
     [
      -48.232448,
      -22.897619
     ],
     [
      -48.23344,
      -22.897149
     ],
     [
      -48.234401,
      -22.896888
     ],
     [
      -48.235549,
      -22.89669
     ],
     [
      -48.236209,
      -22.896705
     ],
     [
      -48.236809,
      -22.896927
     ],
     [
      -48.240001,
      -22.898716
     ],
     [
      -48.240227,
      -22.898919
     ],
     [
      -48.240468,
      -22.899235
     ],
     [
      -48.241069,
      -22.900539
     ],
     [
      -48.24131,
      -22.900846
     ],
     [
      -48.241659,
      -22.901167
     ],
     [
      -48.242093,
      -22.901335
     ],
     [
      -48.242619,
      -22.90132
     ],
     [
      -48.242925,
      -22.901305
     ],
     [
      -48.243236,
      -22.901147
     ],
     [
      -48.243467,
      -22.900945
     ],
     [
      -48.243649,
      -22.900712
     ],
     [
      -48.243799,
      -22.900416
     ],
     [
      -48.244341,
      -22.899092
     ],
     [
      -48.244663,
      -22.898251
     ],
     [
      -48.244851,
      -22.897431
     ],
     [
      -48.245092,
      -22.895776
     ],
     [
      -48.245248,
      -22.895356
     ],
     [
      -48.245521,
      -22.895039
     ],
     [
      -48.246031,
      -22.894703
     ],
     [
      -48.246589,
      -22.894669
     ],
     [
      -48.247157,
      -22.894822
     ],
     [
      -48.247517,
      -22.895104
     ],
     [
      -48.247785,
      -22.895543
     ],
     [
      -48.247967,
      -22.895815
     ],
     [
      -48.2483,
      -22.896082
     ],
     [
      -48.248858,
      -22.896329
     ],
     [
      -48.24933,
      -22.896359
     ],
     [
      -48.249829,
      -22.896181
     ],
     [
      -48.250194,
      -22.89579
     ],
     [
      -48.250371,
      -22.895286
     ],
     [
      -48.250344,
      -22.894876
     ],
     [
      -48.25014,
      -22.894431
     ],
     [
      -48.249705,
      -22.894021
     ],
     [
      -48.249137,
      -22.893527
     ],
     [
      -48.248847,
      -22.893048
     ],
     [
      -48.248788,
      -22.892544
     ],
     [
      -48.248842,
      -22.892193
     ],
     [
      -48.248981,
      -22.891877
     ],
     [
      -48.249475,
      -22.891224
     ],
     [
      -48.2497,
      -22.890888
     ],
     [
      -48.249861,
      -22.890503
     ],
     [
      -48.249909,
      -22.890142
     ],
     [
      -48.249818,
      -22.889826
     ],
     [
      -48.249609,
      -22.889509
     ],
     [
      -48.249249,
      -22.88905
     ],
     [
      -48.249067,
      -22.888694
     ],
     [
      -48.248944,
      -22.888323
     ],
     [
      -48.248981,
      -22.887819
     ],
     [
      -48.249292,
      -22.886509
     ],
     [
      -48.249566,
      -22.885551
     ],
     [
      -48.249839,
      -22.885086
     ],
     [
      -48.250295,
      -22.884666
     ],
     [
      -48.250816,
      -22.88431
     ],
     [
      -48.251175,
      -22.883895
     ],
     [
      -48.251352,
      -22.883485
     ],
     [
      -48.251433,
      -22.88304
     ],
     [
      -48.251433,
      -22.882793
     ],
     [
      -48.251395,
      -22.882501
     ],
     [
      -48.251309,
      -22.882239
     ],
     [
      -48.251052,
      -22.881295
     ],
     [
      -48.251009,
      -22.880875
     ],
     [
      -48.251004,
      -22.880529
     ],
     [
      -48.251073,
      -22.880292
     ],
     [
      -48.251213,
      -22.880045
     ],
     [
      -48.25146,
      -22.879803
     ],
     [
      -48.252028,
      -22.879388
     ],
     [
      -48.252291,
      -22.879081
     ],
     [
      -48.25249,
      -22.878775
     ],
     [
      -48.252586,
      -22.878429
     ],
     [
      -48.25272,
      -22.87749
     ],
     [
      -48.252833,
      -22.877144
     ],
     [
      -48.252972,
      -22.876872
     ],
     [
      -48.253171,
      -22.876605
     ],
     [
      -48.255622,
      -22.87408
     ],
     [
      -48.255848,
      -22.873758
     ],
     [
      -48.255928,
      -22.873462
     ],
     [
      -48.255966,
      -22.873076
     ],
     [
      -48.256121,
      -22.872409
     ],
     [
      -48.256389,
      -22.871836
     ],
     [
      -48.258428,
      -22.869058
     ],
     [
      -48.258653,
      -22.868791
     ],
     [
      -48.258895,
      -22.868559
     ],
     [
      -48.259184,
      -22.868415
     ],
     [
      -48.259479,
      -22.868341
     ],
     [
      -48.259804,
      -22.868321
     ],
     [
      -48.260115,
      -22.868371
     ],
     [
      -48.260896,
      -22.868598
     ],
     [
      -48.261185,
      -22.86865
     ],
     [
      -48.261478,
      -22.868625
     ],
     [
      -48.261765,
      -22.868539
     ],
     [
      -48.261926,
      -22.868467
     ],
     [
      -48.263556,
      -22.867323
     ],
     [
      -48.263798,
      -22.86712
     ],
     [
      -48.263959,
      -22.866903
     ],
     [
      -48.264061,
      -22.866621
     ],
     [
      -48.264077,
      -22.86626
     ],
     [
      -48.26398,
      -22.865944
     ],
     [
      -48.263599,
      -22.865202
     ],
     [
      -48.263492,
      -22.864718
     ],
     [
      -48.263492,
      -22.864179
     ],
     [
      -48.263492,
      -22.863779
     ],
     [
      -48.263583,
      -22.863319
     ],
     [
      -48.26383,
      -22.862672
     ],
     [
      -48.263878,
      -22.862395
     ],
     [
      -48.263835,
      -22.861925
     ],
     [
      -48.263562,
      -22.861119
     ],
     [
      -48.262947,
      -22.859844
     ],
     [
      -48.262813,
      -22.859409
     ],
     [
      -48.262776,
      -22.859051
     ],
     [
      -48.262803,
      -22.858725
     ],
     [
      -48.262883,
      -22.858364
     ],
     [
      -48.263006,
      -22.858052
     ],
     [
      -48.263197,
      -22.857743
     ],
     [
      -48.263414,
      -22.857496
     ],
     [
      -48.263677,
      -22.857311
     ],
     [
      -48.264007,
      -22.85717
     ],
     [
      -48.264305,
      -22.85712
     ],
     [
      -48.264648,
      -22.857098
     ],
     [
      -48.266045,
      -22.857128
     ],
     [
      -48.266359,
      -22.857158
     ],
     [
      -48.266638,
      -22.857202
     ],
     [
      -48.267842,
      -22.857496
     ],
     [
      -48.268336,
      -22.857555
     ],
     [
      -48.268835,
      -22.857427
     ],
     [
      -48.269312,
      -22.857145
     ],
     [
      -48.269731,
      -22.856789
     ],
     [
      -48.270302,
      -22.856325
     ],
     [
      -48.271077,
      -22.856028
     ],
     [
      -48.273067,
      -22.855608
     ],
     [
      -48.274398,
      -22.855203
     ],
     [
      -48.27576,
      -22.854708
     ],
     [
      -48.276753,
      -22.854258
     ],
     [
      -48.277305,
      -22.853962
     ],
     [
      -48.277793,
      -22.853636
     ],
     [
      -48.281048,
      -22.851182
     ],
     [
      -48.281587,
      -22.850729
     ],
     [
      -48.282685,
      -22.849733
     ],
     [
      -48.282876,
      -22.849512
     ],
     [
      -48.283004,
      -22.849289
     ],
     [
      -48.283058,
      -22.849016
     ],
     [
      -48.283035,
      -22.84878
     ],
     [
      -48.282953,
      -22.848599
     ],
     [
      -48.282879,
      -22.848464
     ],
     [
      -48.280013,
      -22.845623
     ],
     [
      -48.279912,
      -22.845474
     ],
     [
      -48.279853,
      -22.845376
     ],
     [
      -48.279806,
      -22.845265
     ],
     [
      -48.279785,
      -22.845153
     ],
     [
      -48.279774,
      -22.845029
     ],
     [
      -48.279782,
      -22.844914
     ],
     [
      -48.279793,
      -22.844812
     ],
     [
      -48.279946,
      -22.843632
     ]
    ]
   }
  },
  {
   "type": "Feature",
   "properties": {
    "id": "sor-piapara-vitoriana",
    "method": "osm-old",
    "osm_ways": [
     266344969,
     266344972,
     390503564,
     390503565,
     390505665,
     495088793,
     495088798,
     495088799,
     495088802,
     495088803,
     495088805,
     605378999,
     605381964,
     641687978,
     641687981,
     696184802,
     696184803,
     839243987,
     841028292
    ],
    "bridged_gap_m": 0,
    "generated": "2026-10-05"
   },
   "geometry": {
    "type": "LineString",
    "coordinates": [
     [
      -48.279946,
      -22.843632
     ],
     [
      -48.280075,
      -22.842593
     ],
     [
      -48.280114,
      -22.842456
     ],
     [
      -48.280169,
      -22.842309
     ],
     [
      -48.280246,
      -22.842171
     ],
     [
      -48.280343,
      -22.842044
     ],
     [
      -48.280458,
      -22.841931
     ],
     [
      -48.280589,
      -22.841834
     ],
     [
      -48.280734,
      -22.841755
     ],
     [
      -48.280889,
      -22.841695
     ],
     [
      -48.281038,
      -22.84164
     ],
     [
      -48.281955,
      -22.841408
     ],
     [
      -48.28214,
      -22.841339
     ],
     [
      -48.282312,
      -22.841246
     ],
     [
      -48.282468,
      -22.84113
     ],
     [
      -48.282604,
      -22.840996
     ],
     [
      -48.282717,
      -22.840844
     ],
     [
      -48.282805,
      -22.840679
     ],
     [
      -48.283134,
      -22.840062
     ],
     [
      -48.283282,
      -22.839821
     ],
     [
      -48.283428,
      -22.839665
     ],
     [
      -48.283628,
      -22.839477
     ],
     [
      -48.283761,
      -22.839392
     ],
     [
      -48.283987,
      -22.839293
     ],
     [
      -48.285227,
      -22.838935
     ],
     [
      -48.285671,
      -22.838822
     ],
     [
      -48.285987,
      -22.83877
     ],
     [
      -48.28621,
      -22.838747
     ],
     [
      -48.286566,
      -22.838738
     ],
     [
      -48.28674,
      -22.838741
     ],
     [
      -48.286965,
      -22.838777
     ],
     [
      -48.287167,
      -22.83881
     ],
     [
      -48.287374,
      -22.838877
     ],
     [
      -48.287662,
      -22.839006
     ],
     [
      -48.288327,
      -22.839297
     ],
     [
      -48.289236,
      -22.839624
     ],
     [
      -48.289937,
      -22.839878
     ],
     [
      -48.290169,
      -22.839991
     ],
     [
      -48.290363,
      -22.840105
     ],
     [
      -48.290533,
      -22.840234
     ],
     [
      -48.2917,
      -22.841268
     ],
     [
      -48.292054,
      -22.841545
     ],
     [
      -48.292407,
      -22.841744
     ],
     [
      -48.292758,
      -22.841848
     ],
     [
      -48.294138,
      -22.842174
     ],
     [
      -48.294554,
      -22.842289
     ],
     [
      -48.294785,
      -22.842374
     ],
     [
      -48.295092,
      -22.842533
     ],
     [
      -48.295342,
      -22.842713
     ],
     [
      -48.295562,
      -22.842954
     ],
     [
      -48.295712,
      -22.843214
     ],
     [
      -48.295797,
      -22.843464
     ],
     [
      -48.295855,
      -22.843704
     ],
     [
      -48.295856,
      -22.844013
     ],
     [
      -48.29577,
      -22.845078
     ],
     [
      -48.29576,
      -22.845955
     ],
     [
      -48.295772,
      -22.846262
     ],
     [
      -48.295813,
      -22.84645
     ],
     [
      -48.295855,
      -22.846638
     ],
     [
      -48.296001,
      -22.847065
     ],
     [
      -48.296855,
      -22.84922
     ],
     [
      -48.297008,
      -22.849564
     ],
     [
      -48.297197,
      -22.850032
     ],
     [
      -48.297406,
      -22.850294
     ],
     [
      -48.297658,
      -22.850506
     ],
     [
      -48.297991,
      -22.85064
     ],
     [
      -48.298366,
      -22.850665
     ],
     [
      -48.298902,
      -22.850578
     ],
     [
      -48.299195,
      -22.850454
     ],
     [
      -48.300783,
      -22.849443
     ],
     [
      -48.301123,
      -22.849322
     ],
     [
      -48.301453,
      -22.84929
     ],
     [
      -48.301759,
      -22.849327
     ],
     [
      -48.302051,
      -22.849446
     ],
     [
      -48.305042,
      -22.851075
     ],
     [
      -48.305407,
      -22.851231
     ],
     [
      -48.305689,
      -22.8513
     ],
     [
      -48.305916,
      -22.851297
     ],
     [
      -48.306187,
      -22.85127
     ],
     [
      -48.306431,
      -22.851176
     ],
     [
      -48.306676,
      -22.851008
     ],
     [
      -48.306887,
      -22.850788
     ],
     [
      -48.308607,
      -22.848311
     ],
     [
      -48.308703,
      -22.848129
     ],
     [
      -48.308752,
      -22.847995
     ],
     [
      -48.308752,
      -22.847837
     ],
     [
      -48.308698,
      -22.847644
     ],
     [
      -48.308591,
      -22.847436
     ],
     [
      -48.3067,
      -22.845563
     ],
     [
      -48.306386,
      -22.845227
     ],
     [
      -48.30622,
      -22.844962
     ],
     [
      -48.306093,
      -22.844683
     ],
     [
      -48.306021,
      -22.844438
     ],
     [
      -48.305992,
      -22.844166
     ],
     [
      -48.306045,
      -22.843847
     ],
     [
      -48.306171,
      -22.843504
     ],
     [
      -48.306311,
      -22.843311
     ],
     [
      -48.306531,
      -22.843034
     ],
     [
      -48.306799,
      -22.842807
     ],
     [
      -48.307102,
      -22.842624
     ],
     [
      -48.307389,
      -22.84253
     ],
     [
      -48.307786,
      -22.842473
     ],
     [
      -48.310087,
      -22.842391
     ],
     [
      -48.310645,
      -22.842327
     ],
     [
      -48.311088,
      -22.842216
     ],
     [
      -48.31152,
      -22.842058
     ],
     [
      -48.311841,
      -22.841897
     ],
     [
      -48.312177,
      -22.841697
     ],
     [
      -48.312571,
      -22.841405
     ],
     [
      -48.312786,
      -22.841203
     ],
     [
      -48.313099,
      -22.840839
     ],
     [
      -48.313288,
      -22.84058
     ],
     [
      -48.314204,
      -22.838899
     ],
     [
      -48.31432,
      -22.838716
     ],
     [
      -48.314475,
      -22.838572
     ],
     [
      -48.314693,
      -22.838444
     ],
     [
      -48.314907,
      -22.838365
     ],
     [
      -48.315189,
      -22.838323
     ],
     [
      -48.31546,
      -22.838315
     ],
     [
      -48.315814,
      -22.83835
     ],
     [
      -48.318239,
      -22.838662
     ],
     [
      -48.319706,
      -22.838841
     ],
     [
      -48.319965,
      -22.838862
     ],
     [
      -48.32012,
      -22.838846
     ],
     [
      -48.320374,
      -22.838795
     ],
     [
      -48.320587,
      -22.838716
     ],
     [
      -48.321569,
      -22.838159
     ],
     [
      -48.321732,
      -22.838107
     ],
     [
      -48.321905,
      -22.838056
     ],
     [
      -48.322096,
      -22.838043
     ],
     [
      -48.322376,
      -22.838041
     ],
     [
      -48.322697,
      -22.838111
     ],
     [
      -48.323163,
      -22.838247
     ],
     [
      -48.324761,
      -22.838734
     ],
     [
      -48.325066,
      -22.8388
     ],
     [
      -48.32531,
      -22.838823
     ],
     [
      -48.325477,
      -22.838808
     ],
     [
      -48.325819,
      -22.838735
     ],
     [
      -48.326142,
      -22.838593
     ],
     [
      -48.326334,
      -22.838451
     ],
     [
      -48.326478,
      -22.838272
     ],
     [
      -48.326571,
      -22.838082
     ],
     [
      -48.326645,
      -22.837781
     ],
     [
      -48.326695,
      -22.83734
     ],
     [
      -48.326659,
      -22.83709
     ],
     [
      -48.326642,
      -22.836872
     ],
     [
      -48.326649,
      -22.83667
     ],
     [
      -48.326725,
      -22.836381
     ],
     [
      -48.326821,
      -22.836198
     ],
     [
      -48.327079,
      -22.835837
     ],
     [
      -48.327385,
      -22.835643
     ],
     [
      -48.327686,
      -22.835542
     ],
     [
      -48.327973,
      -22.835515
     ],
     [
      -48.32831,
      -22.835498
     ],
     [
      -48.329427,
      -22.835514
     ],
     [
      -48.329877,
      -22.835418
     ],
     [
      -48.330182,
      -22.83531
     ],
     [
      -48.33051,
      -22.835099
     ],
     [
      -48.330752,
      -22.834862
     ],
     [
      -48.331847,
      -22.833387
     ],
     [
      -48.333532,
      -22.831129
     ],
     [
      -48.333783,
      -22.830761
     ],
     [
      -48.334125,
      -22.830096
     ],
     [
      -48.335536,
      -22.826773
     ],
     [
      -48.335641,
      -22.826351
     ],
     [
      -48.3357,
      -22.825925
     ],
     [
      -48.335804,
      -22.824474
     ],
     [
      -48.335869,
      -22.8228
     ],
     [
      -48.335919,
      -22.822441
     ],
     [
      -48.336011,
      -22.822081
     ],
     [
      -48.336092,
      -22.821884
     ],
     [
      -48.336229,
      -22.821655
     ],
     [
      -48.33638,
      -22.82146
     ],
     [
      -48.338264,
      -22.819451
     ],
     [
      -48.339097,
      -22.818307
     ],
     [
      -48.339562,
      -22.817609
     ],
     [
      -48.340046,
      -22.816794
     ],
     [
      -48.340105,
      -22.816661
     ],
     [
      -48.340566,
      -22.81502
     ],
     [
      -48.341396,
      -22.81125
     ],
     [
      -48.341444,
      -22.811079
     ],
     [
      -48.341505,
      -22.810915
     ],
     [
      -48.341665,
      -22.810699
     ],
     [
      -48.341804,
      -22.81053
     ],
     [
      -48.341971,
      -22.810394
     ],
     [
      -48.342156,
      -22.810286
     ],
     [
      -48.343349,
      -22.809682
     ],
     [
      -48.343874,
      -22.809409
     ],
     [
      -48.344227,
      -22.809163
     ],
     [
      -48.344535,
      -22.808824
     ],
     [
      -48.344783,
      -22.808521
     ],
     [
      -48.345269,
      -22.807683
     ],
     [
      -48.345412,
      -22.807426
     ],
     [
      -48.345636,
      -22.807189
     ],
     [
      -48.346001,
      -22.806934
     ],
     [
      -48.347117,
      -22.806261
     ],
     [
      -48.347489,
      -22.805978
     ],
     [
      -48.347748,
      -22.805746
     ],
     [
      -48.34802,
      -22.805347
     ],
     [
      -48.348888,
      -22.803514
     ],
     [
      -48.349097,
      -22.803167
     ],
     [
      -48.349294,
      -22.802888
     ],
     [
      -48.34957,
      -22.802683
     ],
     [
      -48.350064,
      -22.802474
     ],
     [
      -48.350687,
      -22.802352
     ],
     [
      -48.351206,
      -22.802327
     ],
     [
      -48.35153,
      -22.802381
     ],
     [
      -48.351883,
      -22.802546
     ],
     [
      -48.352184,
      -22.802806
     ],
     [
      -48.352739,
      -22.803411
     ],
     [
      -48.352992,
      -22.803602
     ],
     [
      -48.353357,
      -22.80374
     ],
     [
      -48.353731,
      -22.803748
     ],
     [
      -48.354043,
      -22.803656
     ],
     [
      -48.354338,
      -22.803488
     ],
     [
      -48.354568,
      -22.803247
     ],
     [
      -48.35506,
      -22.80254
     ],
     [
      -48.355214,
      -22.80233
     ],
     [
      -48.3553,
      -22.801979
     ],
     [
      -48.355267,
      -22.801689
     ],
     [
      -48.354975,
      -22.80099
     ],
     [
      -48.35492,
      -22.80052
     ],
     [
      -48.355051,
      -22.799911
     ],
     [
      -48.3553,
      -22.799601
     ],
     [
      -48.355712,
      -22.799371
     ],
     [
      -48.356199,
      -22.799351
     ],
     [
      -48.356785,
      -22.799441
     ],
     [
      -48.357142,
      -22.799711
     ],
     [
      -48.357467,
      -22.80016
     ],
     [
      -48.357652,
      -22.80061
     ],
     [
      -48.35776,
      -22.80101
     ],
     [
      -48.357803,
      -22.801489
     ],
     [
      -48.357836,
      -22.801959
     ],
     [
      -48.357977,
      -22.802378
     ],
     [
      -48.358269,
      -22.802738
     ],
     [
      -48.358519,
      -22.803038
     ],
     [
      -48.359082,
      -22.803188
     ],
     [
      -48.359895,
      -22.803258
     ],
     [
      -48.360722,
      -22.80322
     ],
     [
      -48.361697,
      -22.803008
     ],
     [
      -48.361917,
      -22.802931
     ],
     [
      -48.362168,
      -22.802778
     ],
     [
      -48.362408,
      -22.80252
     ],
     [
      -48.362998,
      -22.801511
     ],
     [
      -48.36315,
      -22.801337
     ],
     [
      -48.363343,
      -22.801209
     ],
     [
      -48.363564,
      -22.801142
     ],
     [
      -48.36378,
      -22.801117
     ],
     [
      -48.3641,
      -22.801132
     ],
     [
      -48.364811,
      -22.801177
     ],
     [
      -48.365043,
      -22.801174
     ],
     [
      -48.365275,
      -22.801131
     ],
     [
      -48.365461,
      -22.801038
     ],
     [
      -48.36564,
      -22.800911
     ],
     [
      -48.365949,
      -22.800572
     ],
     [
      -48.366146,
      -22.800258
     ],
     [
      -48.36623,
      -22.799877
     ],
     [
      -48.366209,
      -22.799515
     ],
     [
      -48.366179,
      -22.798838
     ],
     [
      -48.36624,
      -22.798596
     ],
     [
      -48.366376,
      -22.798422
     ],
     [
      -48.366569,
      -22.798245
     ],
     [
      -48.366824,
      -22.798153
     ],
     [
      -48.367201,
      -22.798117
     ],
     [
      -48.368221,
      -22.798101
     ],
     [
      -48.368563,
      -22.798067
     ],
     [
      -48.368868,
      -22.797982
     ],
     [
      -48.36914,
      -22.797847
     ],
     [
      -48.369395,
      -22.797671
     ],
     [
      -48.369652,
      -22.797453
     ],
     [
      -48.36994,
      -22.797097
     ],
     [
      -48.371052,
      -22.795266
     ],
     [
      -48.371258,
      -22.794931
     ],
     [
      -48.371482,
      -22.794607
     ],
     [
      -48.372129,
      -22.793818
     ],
     [
      -48.373543,
      -22.792069
     ],
     [
      -48.373706,
      -22.791688
     ],
     [
      -48.373748,
      -22.791301
     ],
     [
      -48.373692,
      -22.790848
     ],
     [
      -48.373248,
      -22.789355
     ],
     [
      -48.373091,
      -22.789023
     ],
     [
      -48.372905,
      -22.788796
     ],
     [
      -48.372629,
      -22.788591
     ],
     [
      -48.37233,
      -22.788464
     ],
     [
      -48.371993,
      -22.788393
     ],
     [
      -48.371441,
      -22.788372
     ],
     [
      -48.370981,
      -22.788301
     ],
     [
      -48.370652,
      -22.78816
     ],
     [
      -48.370315,
      -22.787863
     ],
     [
      -48.370139,
      -22.787383
     ],
     [
      -48.370093,
      -22.787022
     ],
     [
      -48.3702,
      -22.78669
     ],
     [
      -48.370322,
      -22.786457
     ],
     [
      -48.370529,
      -22.786217
     ],
     [
      -48.37102,
      -22.785786
     ],
     [
      -48.371311,
      -22.785425
     ],
     [
      -48.372301,
      -22.782611
     ],
     [
      -48.372356,
      -22.782318
     ],
     [
      -48.372378,
      -22.781957
     ],
     [
      -48.372312,
      -22.781612
     ],
     [
      -48.372197,
      -22.781332
     ],
     [
      -48.371765,
      -22.780345
     ],
     [
      -48.371646,
      -22.779999
     ],
     [
      -48.371639,
      -22.779672
     ],
     [
      -48.371713,
      -22.779318
     ],
     [
      -48.371859,
      -22.779038
     ],
     [
      -48.37196,
      -22.778881
     ],
     [
      -48.372122,
      -22.7787
     ],
     [
      -48.372303,
      -22.778543
     ],
     [
      -48.372585,
      -22.778434
     ],
     [
      -48.372965,
      -22.778349
     ],
     [
      -48.373515,
      -22.778264
     ],
     [
      -48.37363,
      -22.778246
     ],
     [
      -48.373947,
      -22.778197
     ],
     [
      -48.374551,
      -22.778099
     ],
     [
      -48.375002,
      -22.778091
     ],
     [
      -48.375397,
      -22.778166
     ],
     [
      -48.375787,
      -22.778381
     ],
     [
      -48.37607,
      -22.778685
     ],
     [
      -48.3763,
      -22.779321
     ],
     [
      -48.376607,
      -22.780515
     ],
     [
      -48.376737,
      -22.781023
     ],
     [
      -48.376913,
      -22.782076
     ],
     [
      -48.377097,
      -22.782868
     ],
     [
      -48.377281,
      -22.783334
     ],
     [
      -48.377725,
      -22.783857
     ],
     [
      -48.378193,
      -22.784097
     ],
     [
      -48.378691,
      -22.784224
     ],
     [
      -48.379182,
      -22.784238
     ],
     [
      -48.380247,
      -22.784041
     ],
     [
      -48.380753,
      -22.783942
     ],
     [
      -48.381243,
      -22.783942
     ],
     [
      -48.381795,
      -22.784062
     ],
     [
      -48.382193,
      -22.784316
     ],
     [
      -48.382998,
      -22.784973
     ],
     [
      -48.383404,
      -22.785213
     ],
     [
      -48.38381,
      -22.785319
     ],
     [
      -48.384247,
      -22.785326
     ],
     [
      -48.384791,
      -22.78515
     ],
     [
      -48.389336,
      -22.783002
     ],
     [
      -48.390018,
      -22.78267
     ],
     [
      -48.39037,
      -22.782394
     ],
     [
      -48.390631,
      -22.782069
     ],
     [
      -48.390914,
      -22.781412
     ],
     [
      -48.391229,
      -22.781009
     ],
     [
      -48.391643,
      -22.780691
     ],
     [
      -48.391926,
      -22.780582
     ],
     [
      -48.393085,
      -22.78034
     ],
     [
      -48.393417,
      -22.780212
     ],
     [
      -48.393638,
      -22.780083
     ],
     [
      -48.393774,
      -22.779968
     ],
     [
      -48.393935,
      -22.779791
     ],
     [
      -48.394828,
      -22.778477
     ],
     [
      -48.394963,
      -22.778298
     ],
     [
      -48.395141,
      -22.778151
     ],
     [
      -48.395327,
      -22.778042
     ],
     [
      -48.395516,
      -22.77796
     ],
     [
      -48.39574,
      -22.777898
     ],
     [
      -48.39592,
      -22.777883
     ],
     [
      -48.396155,
      -22.777883
     ],
     [
      -48.396532,
      -22.777907
     ],
     [
      -48.397307,
      -22.777971
     ],
     [
      -48.397447,
      -22.777985
     ],
     [
      -48.397593,
      -22.778015
     ],
     [
      -48.39784,
      -22.778142
     ],
     [
      -48.398067,
      -22.778275
     ],
     [
      -48.398201,
      -22.778373
     ],
     [
      -48.398319,
      -22.77847
     ],
     [
      -48.398465,
      -22.778614
     ],
     [
      -48.39864,
      -22.778811
     ],
     [
      -48.398738,
      -22.778949
     ],
     [
      -48.398845,
      -22.779158
     ],
     [
      -48.398906,
      -22.77931
     ],
     [
      -48.399008,
      -22.779582
     ],
     [
      -48.39905,
      -22.779737
     ],
     [
      -48.399071,
      -22.779877
     ],
     [
      -48.399111,
      -22.780412
     ],
     [
      -48.399143,
      -22.780692
     ],
     [
      -48.399207,
      -22.781129
     ]
    ]
   }
  },
  {
   "type": "Feature",
   "properties": {
    "id": "sor-vitoriana-botucatu",
    "method": "osm-old",
    "osm_ways": [
     159556381,
     159556382,
     266344972,
     434810921,
     495088792,
     497287507,
     497287508,
     497287509,
     497287511,
     603976477,
     642258279,
     642258280,
     688164503,
     837071659
    ],
    "bridged_gap_m": 0,
    "generated": "2026-10-05"
   },
   "geometry": {
    "type": "LineString",
    "coordinates": [
     [
      -48.399207,
      -22.781129
     ],
     [
      -48.399316,
      -22.781868
     ],
     [
      -48.399357,
      -22.782331
     ],
     [
      -48.399361,
      -22.782354
     ],
     [
      -48.399399,
      -22.78259
     ],
     [
      -48.399445,
      -22.782823
     ],
     [
      -48.399529,
      -22.783172
     ],
     [
      -48.399626,
      -22.78334
     ],
     [
      -48.399734,
      -22.783437
     ],
     [
      -48.399869,
      -22.783522
     ],
     [
      -48.400029,
      -22.783574
     ],
     [
      -48.400812,
      -22.783765
     ],
     [
      -48.401109,
      -22.783826
     ],
     [
      -48.401413,
      -22.783832
     ],
     [
      -48.401682,
      -22.783778
     ],
     [
      -48.4055,
      -22.782275
     ],
     [
      -48.405815,
      -22.782206
     ],
     [
      -48.406187,
      -22.78217
     ],
     [
      -48.406624,
      -22.782171
     ],
     [
      -48.407049,
      -22.78221
     ],
     [
      -48.407491,
      -22.782305
     ],
     [
      -48.407944,
      -22.782495
     ],
     [
      -48.408339,
      -22.782699
     ],
     [
      -48.4086,
      -22.78288
     ],
     [
      -48.408847,
      -22.783089
     ],
     [
      -48.409064,
      -22.783314
     ],
     [
      -48.409443,
      -22.783873
     ],
     [
      -48.410619,
      -22.785799
     ],
     [
      -48.4108,
      -22.786187
     ],
     [
      -48.410915,
      -22.786575
     ],
     [
      -48.41103,
      -22.788125
     ],
     [
      -48.411091,
      -22.788498
     ],
     [
      -48.411174,
      -22.788781
     ],
     [
      -48.411406,
      -22.789154
     ],
     [
      -48.411695,
      -22.789609
     ],
     [
      -48.411907,
      -22.789873
     ],
     [
      -48.412057,
      -22.790019
     ],
     [
      -48.412208,
      -22.790143
     ],
     [
      -48.412342,
      -22.79022
     ],
     [
      -48.412504,
      -22.790293
     ],
     [
      -48.412708,
      -22.790356
     ],
     [
      -48.413017,
      -22.790416
     ],
     [
      -48.414316,
      -22.790598
     ],
     [
      -48.416382,
      -22.790781
     ],
     [
      -48.416638,
      -22.790835
     ],
     [
      -48.41696,
      -22.79092
     ],
     [
      -48.41723,
      -22.791083
     ],
     [
      -48.417423,
      -22.791253
     ],
     [
      -48.417544,
      -22.791402
     ],
     [
      -48.417714,
      -22.791741
     ],
     [
      -48.417781,
      -22.791978
     ],
     [
      -48.417906,
      -22.79292
     ],
     [
      -48.417947,
      -22.793145
     ],
     [
      -48.418012,
      -22.79337
     ],
     [
      -48.418082,
      -22.793559
     ],
     [
      -48.418864,
      -22.794878
     ],
     [
      -48.41924,
      -22.795561
     ],
     [
      -48.419415,
      -22.795787
     ],
     [
      -48.419699,
      -22.796009
     ],
     [
      -48.419983,
      -22.796127
     ],
     [
      -48.420272,
      -22.796195
     ],
     [
      -48.420573,
      -22.796206
     ],
     [
      -48.421076,
      -22.796184
     ],
     [
      -48.421366,
      -22.796201
     ],
     [
      -48.42163,
      -22.796254
     ],
     [
      -48.422112,
      -22.796412
     ],
     [
      -48.422326,
      -22.796508
     ],
     [
      -48.422767,
      -22.796731
     ],
     [
      -48.423016,
      -22.796809
     ],
     [
      -48.423292,
      -22.796845
     ],
     [
      -48.423588,
      -22.796828
     ],
     [
      -48.423902,
      -22.796734
     ],
     [
      -48.424189,
      -22.796537
     ],
     [
      -48.424408,
      -22.796328
     ],
     [
      -48.424597,
      -22.796084
     ],
     [
      -48.424911,
      -22.795656
     ],
     [
      -48.425251,
      -22.79518
     ],
     [
      -48.425398,
      -22.794998
     ],
     [
      -48.425586,
      -22.794817
     ],
     [
      -48.426032,
      -22.794397
     ],
     [
      -48.426614,
      -22.793817
     ],
     [
      -48.428286,
      -22.792106
     ],
     [
      -48.428695,
      -22.791795
     ],
     [
      -48.42899,
      -22.79164
     ],
     [
      -48.429263,
      -22.791522
     ],
     [
      -48.429548,
      -22.79142
     ],
     [
      -48.429788,
      -22.791352
     ],
     [
      -48.430313,
      -22.791198
     ],
     [
      -48.430525,
      -22.791113
     ],
     [
      -48.430754,
      -22.791016
     ],
     [
      -48.43094,
      -22.790918
     ],
     [
      -48.431375,
      -22.790628
     ],
     [
      -48.431601,
      -22.790435
     ],
     [
      -48.431872,
      -22.790276
     ],
     [
      -48.432119,
      -22.790208
     ],
     [
      -48.432378,
      -22.790231
     ],
     [
      -48.432682,
      -22.790346
     ],
     [
      -48.432961,
      -22.790533
     ],
     [
      -48.433116,
      -22.790804
     ],
     [
      -48.433231,
      -22.791385
     ],
     [
      -48.433255,
      -22.791673
     ],
     [
      -48.433209,
      -22.792011
     ],
     [
      -48.43303,
      -22.792334
     ],
     [
      -48.432255,
      -22.793336
     ],
     [
      -48.432023,
      -22.793554
     ],
     [
      -48.431809,
      -22.793704
     ],
     [
      -48.431022,
      -22.794158
     ],
     [
      -48.430763,
      -22.794325
     ],
     [
      -48.430569,
      -22.794478
     ],
     [
      -48.429947,
      -22.795085
     ],
     [
      -48.429717,
      -22.795242
     ],
     [
      -48.429482,
      -22.79535
     ],
     [
      -48.429234,
      -22.795498
     ],
     [
      -48.429073,
      -22.795656
     ],
     [
      -48.428871,
      -22.796005
     ],
     [
      -48.428766,
      -22.796427
     ],
     [
      -48.428826,
      -22.796849
     ],
     [
      -48.429032,
      -22.797182
     ],
     [
      -48.4293,
      -22.797462
     ],
     [
      -48.429684,
      -22.797636
     ],
     [
      -48.430034,
      -22.797684
     ],
     [
      -48.430464,
      -22.797603
     ],
     [
      -48.431624,
      -22.797117
     ],
     [
      -48.432053,
      -22.797033
     ],
     [
      -48.432418,
      -22.797081
     ],
     [
      -48.432716,
      -22.79718
     ],
     [
      -48.43294,
      -22.797356
     ],
     [
      -48.433128,
      -22.797564
     ],
     [
      -48.433218,
      -22.797749
     ],
     [
      -48.433286,
      -22.798042
     ],
     [
      -48.433271,
      -22.798371
     ],
     [
      -48.433182,
      -22.798687
     ],
     [
      -48.433056,
      -22.798988
     ],
     [
      -48.432816,
      -22.799328
     ],
     [
      -48.431218,
      -22.800934
     ],
     [
      -48.431043,
      -22.801139
     ],
     [
      -48.430925,
      -22.801361
     ],
     [
      -48.430856,
      -22.801539
     ],
     [
      -48.43079,
      -22.801885
     ],
     [
      -48.430798,
      -22.802181
     ],
     [
      -48.430893,
      -22.802454
     ],
     [
      -48.431057,
      -22.802685
     ],
     [
      -48.431904,
      -22.80348
     ],
     [
      -48.432133,
      -22.803778
     ],
     [
      -48.432214,
      -22.80405
     ],
     [
      -48.432278,
      -22.804342
     ],
     [
      -48.432278,
      -22.804737
     ],
     [
      -48.432279,
      -22.805589
     ],
     [
      -48.432248,
      -22.805951
     ],
     [
      -48.432193,
      -22.806311
     ],
     [
      -48.431826,
      -22.808119
     ],
     [
      -48.431752,
      -22.808347
     ],
     [
      -48.431657,
      -22.808521
     ],
     [
      -48.431475,
      -22.808758
     ],
     [
      -48.431222,
      -22.809079
     ],
     [
      -48.431088,
      -22.809313
     ],
     [
      -48.430996,
      -22.809602
     ],
     [
      -48.430893,
      -22.810077
     ],
     [
      -48.430773,
      -22.810627
     ],
     [
      -48.430746,
      -22.810912
     ],
     [
      -48.430752,
      -22.811175
     ],
     [
      -48.430788,
      -22.811431
     ],
     [
      -48.431102,
      -22.812589
     ],
     [
      -48.431224,
      -22.812922
     ],
     [
      -48.431342,
      -22.813155
     ],
     [
      -48.431677,
      -22.81372
     ],
     [
      -48.431773,
      -22.813942
     ],
     [
      -48.431808,
      -22.814162
     ],
     [
      -48.431812,
      -22.81436
     ],
     [
      -48.431769,
      -22.814587
     ],
     [
      -48.431508,
      -22.815352
     ],
     [
      -48.431468,
      -22.815552
     ],
     [
      -48.431447,
      -22.815722
     ],
     [
      -48.43143,
      -22.815915
     ],
     [
      -48.431354,
      -22.818692
     ],
     [
      -48.431347,
      -22.818971
     ],
     [
      -48.431339,
      -22.819228
     ],
     [
      -48.431377,
      -22.819493
     ],
     [
      -48.431441,
      -22.819732
     ],
     [
      -48.431548,
      -22.819985
     ],
     [
      -48.431675,
      -22.820229
     ],
     [
      -48.432407,
      -22.821377
     ],
     [
      -48.432568,
      -22.821711
     ],
     [
      -48.432618,
      -22.821902
     ],
     [
      -48.43264,
      -22.822098
     ],
     [
      -48.432597,
      -22.822395
     ],
     [
      -48.432471,
      -22.822675
     ],
     [
      -48.432361,
      -22.822786
     ],
     [
      -48.432262,
      -22.822919
     ],
     [
      -48.432173,
      -22.823006
     ],
     [
      -48.431828,
      -22.823275
     ],
     [
      -48.431726,
      -22.823397
     ],
     [
      -48.431673,
      -22.823518
     ],
     [
      -48.431656,
      -22.823655
     ],
     [
      -48.431666,
      -22.823787
     ],
     [
      -48.431977,
      -22.82659
     ],
     [
      -48.431981,
      -22.82684
     ],
     [
      -48.431963,
      -22.827053
     ],
     [
      -48.431929,
      -22.827256
     ],
     [
      -48.431852,
      -22.827482
     ],
     [
      -48.431761,
      -22.827674
     ],
     [
      -48.431474,
      -22.828103
     ],
     [
      -48.431282,
      -22.828411
     ],
     [
      -48.431197,
      -22.828761
     ],
     [
      -48.431207,
      -22.828996
     ],
     [
      -48.431268,
      -22.829187
     ],
     [
      -48.43134,
      -22.829368
     ],
     [
      -48.431534,
      -22.829635
     ],
     [
      -48.431826,
      -22.830029
     ],
     [
      -48.432027,
      -22.830465
     ],
     [
      -48.432099,
      -22.830769
     ],
     [
      -48.432074,
      -22.831132
     ],
     [
      -48.431951,
      -22.831527
     ],
     [
      -48.431752,
      -22.831999
     ],
     [
      -48.431594,
      -22.832429
     ],
     [
      -48.431524,
      -22.832755
     ],
     [
      -48.431508,
      -22.833072
     ],
     [
      -48.431538,
      -22.833361
     ],
     [
      -48.43163,
      -22.833715
     ],
     [
      -48.431878,
      -22.834637
     ],
     [
      -48.431934,
      -22.834909
     ],
     [
      -48.431924,
      -22.835171
     ],
     [
      -48.431881,
      -22.835342
     ],
     [
      -48.431739,
      -22.835567
     ],
     [
      -48.430976,
      -22.836432
     ],
     [
      -48.430847,
      -22.836596
     ],
     [
      -48.430746,
      -22.836805
     ],
     [
      -48.430702,
      -22.836966
     ],
     [
      -48.430674,
      -22.837133
     ],
     [
      -48.430628,
      -22.837512
     ],
     [
      -48.43058,
      -22.837678
     ],
     [
      -48.430477,
      -22.837849
     ],
     [
      -48.430337,
      -22.837996
     ],
     [
      -48.430165,
      -22.83811
     ],
     [
      -48.42997,
      -22.838188
     ],
     [
      -48.429761,
      -22.838224
     ],
     [
      -48.429549,
      -22.838217
     ],
     [
      -48.429332,
      -22.838189
     ],
     [
      -48.427917,
      -22.837959
     ],
     [
      -48.427568,
      -22.837964
     ],
     [
      -48.427289,
      -22.838021
     ],
     [
      -48.427026,
      -22.838135
     ],
     [
      -48.426769,
      -22.838313
     ],
     [
      -48.426584,
      -22.838555
     ],
     [
      -48.426471,
      -22.838807
     ],
     [
      -48.426431,
      -22.839087
     ],
     [
      -48.426452,
      -22.839376
     ],
     [
      -48.426599,
      -22.840174
     ],
     [
      -48.426613,
      -22.840429
     ],
     [
      -48.426618,
      -22.840714
     ],
     [
      -48.426599,
      -22.840954
     ],
     [
      -48.426472,
      -22.841799
     ],
     [
      -48.426169,
      -22.843615
     ],
     [
      -48.426098,
      -22.843884
     ],
     [
      -48.426016,
      -22.84408
     ],
     [
      -48.425885,
      -22.844291
     ],
     [
      -48.425197,
      -22.845032
     ],
     [
      -48.42488,
      -22.845336
     ],
     [
      -48.424358,
      -22.845879
     ],
     [
      -48.424211,
      -22.846064
     ],
     [
      -48.424119,
      -22.846203
     ],
     [
      -48.424049,
      -22.846343
     ],
     [
      -48.423979,
      -22.846566
     ],
     [
      -48.423951,
      -22.846721
     ],
     [
      -48.423944,
      -22.846953
     ],
     [
      -48.42396,
      -22.847153
     ],
     [
      -48.424014,
      -22.84737
     ],
     [
      -48.424079,
      -22.847523
     ],
     [
      -48.424174,
      -22.847686
     ],
     [
      -48.424326,
      -22.847871
     ],
     [
      -48.424491,
      -22.848024
     ],
     [
      -48.424685,
      -22.848169
     ],
     [
      -48.424815,
      -22.848263
     ],
     [
      -48.424866,
      -22.848313
     ],
     [
      -48.42492,
      -22.848366
     ],
     [
      -48.425006,
      -22.848484
     ],
     [
      -48.425024,
      -22.848509
     ],
     [
      -48.425121,
      -22.848656
     ],
     [
      -48.425656,
      -22.849598
     ],
     [
      -48.425727,
      -22.849749
     ],
     [
      -48.425767,
      -22.849869
     ],
     [
      -48.425815,
      -22.850042
     ],
     [
      -48.425877,
      -22.850258
     ],
     [
      -48.426879,
      -22.854204
     ],
     [
      -48.42693,
      -22.854402
     ],
     [
      -48.427002,
      -22.8546
     ],
     [
      -48.427104,
      -22.854805
     ],
     [
      -48.428039,
      -22.856681
     ],
     [
      -48.428149,
      -22.856943
     ],
     [
      -48.428319,
      -22.85734
     ],
     [
      -48.42904,
      -22.859326
     ],
     [
      -48.429169,
      -22.859599
     ],
     [
      -48.429275,
      -22.859765
     ],
     [
      -48.429409,
      -22.85992
     ],
     [
      -48.429553,
      -22.860052
     ],
     [
      -48.429758,
      -22.86017
     ],
     [
      -48.42994,
      -22.860208
     ],
     [
      -48.430577,
      -22.860318
     ],
     [
      -48.430842,
      -22.860391
     ],
     [
      -48.431097,
      -22.860488
     ],
     [
      -48.431282,
      -22.860578
     ],
     [
      -48.431436,
      -22.860668
     ],
     [
      -48.431542,
      -22.860735
     ],
     [
      -48.431666,
      -22.86084
     ],
     [
      -48.432252,
      -22.861358
     ],
     [
      -48.433723,
      -22.86295
     ],
     [
      -48.43396,
      -22.86321
     ],
     [
      -48.434146,
      -22.863379
     ],
     [
      -48.43444,
      -22.863606
     ],
     [
      -48.434691,
      -22.863767
     ],
     [
      -48.435269,
      -22.864055
     ],
     [
      -48.435547,
      -22.864195
     ],
     [
      -48.43735,
      -22.865089
     ],
     [
      -48.437603,
      -22.865262
     ],
     [
      -48.437785,
      -22.865422
     ],
     [
      -48.437964,
      -22.86562
     ],
     [
      -48.438132,
      -22.865862
     ],
     [
      -48.438922,
      -22.867095
     ],
     [
      -48.439016,
      -22.867229
     ],
     [
      -48.43914,
      -22.867457
     ],
     [
      -48.439239,
      -22.867733
     ],
     [
      -48.439359,
      -22.868215
     ],
     [
      -48.439555,
      -22.869097
     ],
     [
      -48.439719,
      -22.869466
     ],
     [
      -48.439871,
      -22.869688
     ],
     [
      -48.440093,
      -22.869901
     ],
     [
      -48.440295,
      -22.870042
     ],
     [
      -48.440608,
      -22.870187
     ],
     [
      -48.440917,
      -22.870276
     ],
     [
      -48.441197,
      -22.870343
     ],
     [
      -48.441762,
      -22.870478
     ],
     [
      -48.442329,
      -22.87063
     ],
     [
      -48.442665,
      -22.87076
     ],
     [
      -48.442862,
      -22.870873
     ],
     [
      -48.443287,
      -22.871154
     ],
     [
      -48.443496,
      -22.871346
     ],
     [
      -48.443679,
      -22.87159
     ],
     [
      -48.443794,
      -22.871884
     ],
     [
      -48.444236,
      -22.87359
     ]
    ]
   }
  },
  {
   "type": "Feature",
   "properties": {
    "id": "sor-variante-juquiratiba-botucatu",
    "method": "osm-current",
    "osm_ways": [
     133338893,
     156799771,
     156799772,
     156800360,
     156800361,
     156804087,
     156804089,
     159556381,
     159556382,
     159562491,
     200513205,
     200513206,
     200513207,
     604554151,
     604554152,
     604554155,
     604590892,
     604590893,
     604590894,
     604590901,
     641313475,
     641313479,
     688164503,
     714729390,
     714729391,
     714729532
    ],
    "bridged_gap_m": 0,
    "generated": "2026-10-05"
   },
   "geometry": {
    "type": "LineString",
    "coordinates": [
     [
      -48.103243,
      -22.96208
     ],
     [
      -48.105709,
      -22.96122
     ],
     [
      -48.106535,
      -22.960943
     ],
     [
      -48.10789,
      -22.960448
     ],
     [
      -48.108599,
      -22.960207
     ],
     [
      -48.108745,
      -22.96016
     ],
     [
      -48.108876,
      -22.960124
     ],
     [
      -48.109002,
      -22.960086
     ],
     [
      -48.109163,
      -22.960045
     ],
     [
      -48.109306,
      -22.96001
     ],
     [
      -48.109517,
      -22.959966
     ],
     [
      -48.117374,
      -22.95855
     ],
     [
      -48.1263,
      -22.95696
     ],
     [
      -48.126611,
      -22.956902
     ],
     [
      -48.128984,
      -22.956466
     ],
     [
      -48.129052,
      -22.956454
     ],
     [
      -48.130629,
      -22.956172
     ],
     [
      -48.130883,
      -22.956119
     ],
     [
      -48.131119,
      -22.956061
     ],
     [
      -48.131323,
      -22.955989
     ],
     [
      -48.131498,
      -22.955918
     ],
     [
      -48.131667,
      -22.955845
     ],
     [
      -48.131822,
      -22.955763
     ],
     [
      -48.132023,
      -22.955654
     ],
     [
      -48.132299,
      -22.955488
     ],
     [
      -48.132759,
      -22.955201
     ],
     [
      -48.132847,
      -22.955148
     ],
     [
      -48.132931,
      -22.955089
     ],
     [
      -48.133082,
      -22.954968
     ],
     [
      -48.133208,
      -22.95485
     ],
     [
      -48.133329,
      -22.95472
     ],
     [
      -48.133436,
      -22.954585
     ],
     [
      -48.133544,
      -22.954408
     ],
     [
      -48.133622,
      -22.954258
     ],
     [
      -48.133694,
      -22.954104
     ],
     [
      -48.133743,
      -22.953967
     ],
     [
      -48.134095,
      -22.952753
     ],
     [
      -48.134149,
      -22.952563
     ],
     [
      -48.134248,
      -22.952318
     ],
     [
      -48.134383,
      -22.952085
     ],
     [
      -48.13459,
      -22.951793
     ],
     [
      -48.134861,
      -22.95154
     ],
     [
      -48.13509,
      -22.951362
     ],
     [
      -48.1354,
      -22.951188
     ],
     [
      -48.135754,
      -22.951056
     ],
     [
      -48.136177,
      -22.950967
     ],
     [
      -48.136591,
      -22.950945
     ],
     [
      -48.137103,
      -22.951021
     ],
     [
      -48.137495,
      -22.951169
     ],
     [
      -48.137865,
      -22.951372
     ],
     [
      -48.138187,
      -22.951618
     ],
     [
      -48.138431,
      -22.951922
     ],
     [
      -48.138642,
      -22.952257
     ],
     [
      -48.138743,
      -22.952547
     ],
     [
      -48.138819,
      -22.952829
     ],
     [
      -48.138898,
      -22.953353
     ],
     [
      -48.139037,
      -22.954422
     ],
     [
      -48.139139,
      -22.954757
     ],
     [
      -48.139293,
      -22.955079
     ],
     [
      -48.139511,
      -22.955351
     ],
     [
      -48.139758,
      -22.955594
     ],
     [
      -48.140014,
      -22.955803
     ],
     [
      -48.140314,
      -22.95597
     ],
     [
      -48.140684,
      -22.956116
     ],
     [
      -48.1427,
      -22.956808
     ],
     [
      -48.143364,
      -22.957061
     ],
     [
      -48.143797,
      -22.957279
     ],
     [
      -48.144072,
      -22.95749
     ],
     [
      -48.144382,
      -22.957784
     ],
     [
      -48.144688,
      -22.95811
     ],
     [
      -48.145121,
      -22.958593
     ],
     [
      -48.145548,
      -22.959074
     ],
     [
      -48.145804,
      -22.959292
     ],
     [
      -48.146057,
      -22.959428
     ],
     [
      -48.146287,
      -22.959545
     ],
     [
      -48.146711,
      -22.959674
     ],
     [
      -48.147558,
      -22.959867
     ],
     [
      -48.150042,
      -22.96036
     ],
     [
      -48.150402,
      -22.960464
     ],
     [
      -48.150801,
      -22.960679
     ],
     [
      -48.151145,
      -22.960929
     ],
     [
      -48.15142,
      -22.961245
     ],
     [
      -48.151651,
      -22.961634
     ],
     [
      -48.152001,
      -22.962433
     ],
     [
      -48.152134,
      -22.962771
     ],
     [
      -48.152381,
      -22.963198
     ],
     [
      -48.152631,
      -22.963497
     ],
     [
      -48.152661,
      -22.963525
     ],
     [
      -48.152858,
      -22.96368
     ],
     [
      -48.153086,
      -22.96384
     ],
     [
      -48.153287,
      -22.963936
     ],
     [
      -48.153466,
      -22.964006
     ],
     [
      -48.153875,
      -22.964139
     ],
     [
      -48.155374,
      -22.964561
     ],
     [
      -48.157011,
      -22.965022
     ],
     [
      -48.157253,
      -22.965092
     ],
     [
      -48.157474,
      -22.965171
     ],
     [
      -48.157663,
      -22.965254
     ],
     [
      -48.157842,
      -22.965346
     ],
     [
      -48.158045,
      -22.965474
     ],
     [
      -48.158597,
      -22.965825
     ],
     [
      -48.160372,
      -22.966963
     ],
     [
      -48.163105,
      -22.968717
     ],
     [
      -48.163317,
      -22.968875
     ],
     [
      -48.163442,
      -22.968976
     ],
     [
      -48.163617,
      -22.969126
     ],
     [
      -48.163674,
      -22.969179
     ],
     [
      -48.163795,
      -22.969289
     ],
     [
      -48.163832,
      -22.96932
     ],
     [
      -48.166405,
      -22.971632
     ],
     [
      -48.166761,
      -22.97197
     ],
     [
      -48.167003,
      -22.972166
     ],
     [
      -48.167346,
      -22.972413
     ],
     [
      -48.168181,
      -22.972929
     ],
     [
      -48.171192,
      -22.974875
     ],
     [
      -48.174084,
      -22.976749
     ],
     [
      -48.174653,
      -22.977117
     ],
     [
      -48.174873,
      -22.977307
     ],
     [
      -48.175079,
      -22.97753
     ],
     [
      -48.175273,
      -22.977824
     ],
     [
      -48.17547,
      -22.978176
     ],
     [
      -48.175709,
      -22.978722
     ],
     [
      -48.175887,
      -22.979139
     ],
     [
      -48.176097,
      -22.979449
     ],
     [
      -48.176203,
      -22.979595
     ],
     [
      -48.176335,
      -22.979737
     ],
     [
      -48.176539,
      -22.979909
     ],
     [
      -48.176754,
      -22.980051
     ],
     [
      -48.177609,
      -22.9805
     ],
     [
      -48.178081,
      -22.980761
     ],
     [
      -48.178338,
      -22.980939
     ],
     [
      -48.178579,
      -22.981153
     ],
     [
      -48.178761,
      -22.981375
     ],
     [
      -48.17953,
      -22.98249
     ],
     [
      -48.179774,
      -22.982791
     ],
     [
      -48.179992,
      -22.982982
     ],
     [
      -48.180319,
      -22.983197
     ],
     [
      -48.18062,
      -22.983329
     ],
     [
      -48.18095,
      -22.983431
     ],
     [
      -48.18127,
      -22.983491
     ],
     [
      -48.181564,
      -22.9835
     ],
     [
      -48.182303,
      -22.983444
     ],
     [
      -48.183237,
      -22.983382
     ],
     [
      -48.183571,
      -22.983378
     ],
     [
      -48.183831,
      -22.983411
     ],
     [
      -48.184135,
      -22.983484
     ],
     [
      -48.184551,
      -22.983656
     ],
     [
      -48.18537,
      -22.984072
     ],
     [
      -48.185901,
      -22.984339
     ],
     [
      -48.186221,
      -22.984468
     ],
     [
      -48.186558,
      -22.984537
     ],
     [
      -48.186885,
      -22.984583
     ],
     [
      -48.187218,
      -22.984557
     ],
     [
      -48.187978,
      -22.984468
     ],
     [
      -48.189519,
      -22.98426
     ],
     [
      -48.190202,
      -22.98418
     ],
     [
      -48.190813,
      -22.9842
     ],
     [
      -48.191236,
      -22.984276
     ],
     [
      -48.191714,
      -22.984415
     ],
     [
      -48.19211,
      -22.98459
     ],
     [
      -48.193154,
      -22.985158
     ],
     [
      -48.193457,
      -22.985309
     ],
     [
      -48.193837,
      -22.985445
     ],
     [
      -48.194807,
      -22.985649
     ],
     [
      -48.195586,
      -22.985814
     ],
     [
      -48.196191,
      -22.98597
     ],
     [
      -48.196643,
      -22.986158
     ],
     [
      -48.197013,
      -22.986389
     ],
     [
      -48.197399,
      -22.986719
     ],
     [
      -48.197643,
      -22.987026
     ],
     [
      -48.197844,
      -22.987373
     ],
     [
      -48.197993,
      -22.987719
     ],
     [
      -48.198379,
      -22.988993
     ],
     [
      -48.198455,
      -22.989267
     ],
     [
      -48.1986,
      -22.989614
     ],
     [
      -48.198729,
      -22.989865
     ],
     [
      -48.198884,
      -22.990096
     ],
     [
      -48.199105,
      -22.99035
     ],
     [
      -48.19997,
      -22.991225
     ],
     [
      -48.200465,
      -22.991713
     ],
     [
      -48.200726,
      -22.991915
     ],
     [
      -48.201003,
      -22.99209
     ],
     [
      -48.201277,
      -22.992202
     ],
     [
      -48.201565,
      -22.992288
     ],
     [
      -48.202175,
      -22.992426
     ],
     [
      -48.202849,
      -22.992618
     ],
     [
      -48.203209,
      -22.99277
     ],
     [
      -48.203535,
      -22.992988
     ],
     [
      -48.203813,
      -22.993239
     ],
     [
      -48.20406,
      -22.993559
     ],
     [
      -48.204717,
      -22.994599
     ],
     [
      -48.205051,
      -22.995028
     ],
     [
      -48.205222,
      -22.995229
     ],
     [
      -48.205443,
      -22.995427
     ],
     [
      -48.205678,
      -22.995582
     ],
     [
      -48.205988,
      -22.995718
     ],
     [
      -48.206328,
      -22.995827
     ],
     [
      -48.207223,
      -22.995942
     ],
     [
      -48.208205,
      -22.996042
     ],
     [
      -48.208916,
      -22.996086
     ],
     [
      -48.209212,
      -22.996032
     ],
     [
      -48.210941,
      -22.995692
     ],
     [
      -48.213817,
      -22.995154
     ],
     [
      -48.215108,
      -22.99492
     ],
     [
      -48.215535,
      -22.994842
     ],
     [
      -48.215882,
      -22.994771
     ],
     [
      -48.218318,
      -22.994275
     ],
     [
      -48.218627,
      -22.994212
     ],
     [
      -48.219557,
      -22.994027
     ],
     [
      -48.220469,
      -22.993846
     ],
     [
      -48.221347,
      -22.993558
     ],
     [
      -48.222046,
      -22.993163
     ],
     [
      -48.222508,
      -22.99278
     ],
     [
      -48.222704,
      -22.992553
     ],
     [
      -48.222909,
      -22.992279
     ],
     [
      -48.223265,
      -22.991651
     ],
     [
      -48.223442,
      -22.991119
     ],
     [
      -48.223937,
      -22.989572
     ],
     [
      -48.224169,
      -22.989051
     ],
     [
      -48.224395,
      -22.988684
     ],
     [
      -48.225273,
      -22.987683
     ],
     [
      -48.226016,
      -22.986904
     ],
     [
      -48.22635,
      -22.986582
     ],
     [
      -48.226722,
      -22.986339
     ],
     [
      -48.227169,
      -22.986116
     ],
     [
      -48.228607,
      -22.985461
     ],
     [
      -48.229021,
      -22.985194
     ],
     [
      -48.229355,
      -22.984862
     ],
     [
      -48.229722,
      -22.98444
     ],
     [
      -48.230023,
      -22.983994
     ],
     [
      -48.230837,
      -22.982495
     ],
     [
      -48.231058,
      -22.982093
     ],
     [
      -48.231241,
      -22.981832
     ],
     [
      -48.231454,
      -22.98158
     ],
     [
      -48.231865,
      -22.981217
     ],
     [
      -48.232107,
      -22.981059
     ],
     [
      -48.232145,
      -22.981035
     ],
     [
      -48.232411,
      -22.980878
     ],
     [
      -48.232789,
      -22.980708
     ],
     [
      -48.234076,
      -22.980213
     ],
     [
      -48.23461,
      -22.979974
     ],
     [
      -48.234881,
      -22.979834
     ],
     [
      -48.235186,
      -22.979613
     ],
     [
      -48.235472,
      -22.979362
     ],
     [
      -48.236351,
      -22.978515
     ],
     [
      -48.236868,
      -22.978009
     ],
     [
      -48.237197,
      -22.977722
     ],
     [
      -48.237509,
      -22.977498
     ],
     [
      -48.238237,
      -22.977084
     ],
     [
      -48.240486,
      -22.975946
     ],
     [
      -48.242114,
      -22.975104
     ],
     [
      -48.242476,
      -22.974886
     ],
     [
      -48.242895,
      -22.974586
     ],
     [
      -48.244172,
      -22.973338
     ],
     [
      -48.244543,
      -22.972996
     ],
     [
      -48.244907,
      -22.972758
     ],
     [
      -48.245698,
      -22.97228
     ],
     [
      -48.247904,
      -22.970928
     ],
     [
      -48.248224,
      -22.970741
     ],
     [
      -48.248448,
      -22.97064
     ],
     [
      -48.248727,
      -22.970528
     ],
     [
      -48.249163,
      -22.9704
     ],
     [
      -48.249578,
      -22.970327
     ],
     [
      -48.250082,
      -22.970307
     ],
     [
      -48.251114,
      -22.97037
     ],
     [
      -48.252387,
      -22.970427
     ],
     [
      -48.253379,
      -22.970471
     ],
     [
      -48.254123,
      -22.970519
     ],
     [
      -48.254702,
      -22.970514
     ],
     [
      -48.25517,
      -22.970455
     ],
     [
      -48.255587,
      -22.970363
     ],
     [
      -48.256001,
      -22.970229
     ],
     [
      -48.256693,
      -22.969899
     ],
     [
      -48.257448,
      -22.96949
     ],
     [
      -48.258115,
      -22.969155
     ],
     [
      -48.258539,
      -22.968989
     ],
     [
      -48.259028,
      -22.96887
     ],
     [
      -48.259375,
      -22.968807
     ],
     [
      -48.259772,
      -22.968775
     ],
     [
      -48.260209,
      -22.968803
     ],
     [
      -48.261319,
      -22.968966
     ],
     [
      -48.261763,
      -22.969023
     ],
     [
      -48.262245,
      -22.96905
     ],
     [
      -48.262718,
      -22.969031
     ],
     [
      -48.263332,
      -22.968952
     ],
     [
      -48.263885,
      -22.968788
     ],
     [
      -48.264351,
      -22.968578
     ],
     [
      -48.265094,
      -22.968125
     ],
     [
      -48.265551,
      -22.967845
     ],
     [
      -48.265949,
      -22.967654
     ],
     [
      -48.266378,
      -22.967515
     ],
     [
      -48.266848,
      -22.967426
     ],
     [
      -48.267266,
      -22.967397
     ],
     [
      -48.267663,
      -22.967407
     ],
     [
      -48.268133,
      -22.967472
     ],
     [
      -48.268532,
      -22.967561
     ],
     [
      -48.268882,
      -22.96766
     ],
     [
      -48.269298,
      -22.967828
     ],
     [
      -48.270778,
      -22.968488
     ],
     [
      -48.271804,
      -22.969034
     ],
     [
      -48.272369,
      -22.969391
     ],
     [
      -48.273037,
      -22.969783
     ],
     [
      -48.273621,
      -22.970095
     ],
     [
      -48.274149,
      -22.970318
     ],
     [
      -48.274655,
      -22.970477
     ],
     [
      -48.275194,
      -22.970551
     ],
     [
      -48.275829,
      -22.970546
     ],
     [
      -48.27646,
      -22.970437
     ],
     [
      -48.276714,
      -22.970367
     ],
     [
      -48.27688,
      -22.97032
     ],
     [
      -48.277242,
      -22.970189
     ],
     [
      -48.277693,
      -22.969971
     ],
     [
      -48.278038,
      -22.969753
     ],
     [
      -48.278285,
      -22.96956
     ],
     [
      -48.27856,
      -22.969297
     ],
     [
      -48.279034,
      -22.968687
     ],
     [
      -48.279556,
      -22.967958
     ],
     [
      -48.279896,
      -22.967393
     ],
     [
      -48.280208,
      -22.967006
     ],
     [
      -48.280553,
      -22.966654
     ],
     [
      -48.281398,
      -22.965979
     ],
     [
      -48.282077,
      -22.965389
     ],
     [
      -48.282389,
      -22.965017
     ],
     [
      -48.282707,
      -22.964492
     ],
     [
      -48.282842,
      -22.964125
     ],
     [
      -48.28296,
      -22.963738
     ],
     [
      -48.283396,
      -22.961982
     ],
     [
      -48.283596,
      -22.961556
     ],
     [
      -48.28387,
      -22.961134
     ],
     [
      -48.284167,
      -22.960767
     ],
     [
      -48.284468,
      -22.96046
     ],
     [
      -48.284771,
      -22.960201
     ],
     [
      -48.285161,
      -22.959948
     ],
     [
      -48.285572,
      -22.959761
     ],
     [
      -48.285971,
      -22.959637
     ],
     [
      -48.286741,
      -22.959423
     ],
     [
      -48.2875,
      -22.95918
     ],
     [
      -48.287915,
      -22.958997
     ],
     [
      -48.288324,
      -22.958749
     ],
     [
      -48.288728,
      -22.958417
     ],
     [
      -48.288976,
      -22.958197
     ],
     [
      -48.289253,
      -22.957863
     ],
     [
      -48.289503,
      -22.95749
     ],
     [
      -48.289668,
      -22.957121
     ],
     [
      -48.289757,
      -22.956878
     ],
     [
      -48.289881,
      -22.95647
     ],
     [
      -48.290068,
      -22.955621
     ],
     [
      -48.290516,
      -22.953679
     ],
     [
      -48.290766,
      -22.95263
     ],
     [
      -48.2909,
      -22.952148
     ],
     [
      -48.291045,
      -22.951782
     ],
     [
      -48.291248,
      -22.951389
     ],
     [
      -48.291792,
      -22.950697
     ],
     [
      -48.292355,
      -22.949989
     ],
     [
      -48.292726,
      -22.949475
     ],
     [
      -48.292955,
      -22.949048
     ],
     [
      -48.293238,
      -22.948371
     ],
     [
      -48.293592,
      -22.94754
     ],
     [
      -48.294108,
      -22.946232
     ],
     [
      -48.294441,
      -22.945418
     ],
     [
      -48.294613,
      -22.944941
     ],
     [
      -48.294667,
      -22.944628
     ],
     [
      -48.294718,
      -22.944268
     ],
     [
      -48.294751,
      -22.943892
     ],
     [
      -48.294758,
      -22.943268
     ],
     [
      -48.294782,
      -22.94275
     ],
     [
      -48.29484,
      -22.942443
     ],
     [
      -48.294913,
      -22.942173
     ],
     [
      -48.295032,
      -22.941895
     ],
     [
      -48.295185,
      -22.941629
     ],
     [
      -48.295399,
      -22.941321
     ],
     [
      -48.295577,
      -22.941111
     ],
     [
      -48.295771,
      -22.94088
     ],
     [
      -48.296291,
      -22.940262
     ],
     [
      -48.296821,
      -22.93965
     ],
     [
      -48.297799,
      -22.938505
     ],
     [
      -48.298899,
      -22.937241
     ],
     [
      -48.299162,
      -22.936957
     ],
     [
      -48.299461,
      -22.936685
     ],
     [
      -48.299834,
      -22.93643
     ],
     [
      -48.300275,
      -22.936189
     ],
     [
      -48.300715,
      -22.936003
     ],
     [
      -48.301093,
      -22.935898
     ],
     [
      -48.301368,
      -22.935845
     ],
     [
      -48.301666,
      -22.935804
     ],
     [
      -48.301945,
      -22.93579
     ],
     [
      -48.302323,
      -22.935803
     ],
     [
      -48.303182,
      -22.935885
     ],
     [
      -48.303545,
      -22.93593
     ],
     [
      -48.304062,
      -22.935984
     ],
     [
      -48.304363,
      -22.936001
     ],
     [
      -48.304621,
      -22.935994
     ],
     [
      -48.305273,
      -22.935924
     ],
     [
      -48.305801,
      -22.935783
     ],
     [
      -48.306147,
      -22.935644
     ],
     [
      -48.306442,
      -22.935494
     ],
     [
      -48.307051,
      -22.935107
     ],
     [
      -48.307583,
      -22.934584
     ],
     [
      -48.308737,
      -22.933576
     ],
     [
      -48.309092,
      -22.933239
     ],
     [
      -48.309293,
      -22.93301
     ],
     [
      -48.309506,
      -22.932734
     ],
     [
      -48.30972,
      -22.932407
     ],
     [
      -48.310101,
      -22.93174
     ],
     [
      -48.311079,
      -22.930013
     ],
     [
      -48.311242,
      -22.929732
     ],
     [
      -48.311408,
      -22.929407
     ],
     [
      -48.311577,
      -22.92891
     ],
     [
      -48.312017,
      -22.927667
     ],
     [
      -48.312182,
      -22.927211
     ],
     [
      -48.312397,
      -22.926803
     ],
     [
      -48.312671,
      -22.926406
     ],
     [
      -48.312894,
      -22.926149
     ],
     [
      -48.313192,
      -22.925863
     ],
     [
      -48.313409,
      -22.925701
     ],
     [
      -48.313728,
      -22.925489
     ],
     [
      -48.314012,
      -22.925335
     ],
     [
      -48.315747,
      -22.924467
     ],
     [
      -48.315894,
      -22.924393
     ],
     [
      -48.319982,
      -22.922407
     ],
     [
      -48.321137,
      -22.92182
     ],
     [
      -48.322005,
      -22.921401
     ],
     [
      -48.322266,
      -22.921273
     ],
     [
      -48.322647,
      -22.921114
     ],
     [
      -48.323284,
      -22.920908
     ],
     [
      -48.323989,
      -22.920684
     ],
     [
      -48.324521,
      -22.920486
     ],
     [
      -48.324838,
      -22.920332
     ],
     [
      -48.325332,
      -22.919985
     ],
     [
      -48.326074,
      -22.919374
     ],
     [
      -48.327009,
      -22.918556
     ],
     [
      -48.327263,
      -22.918376
     ],
     [
      -48.327559,
      -22.918159
     ],
     [
      -48.32804,
      -22.917932
     ],
     [
      -48.328594,
      -22.917708
     ],
     [
      -48.32919,
      -22.917551
     ],
     [
      -48.329841,
      -22.91747
     ],
     [
      -48.330506,
      -22.917484
     ],
     [
      -48.331125,
      -22.917563
     ],
     [
      -48.331644,
      -22.917692
     ],
     [
      -48.33213,
      -22.917863
     ],
     [
      -48.332533,
      -22.91805
     ],
     [
      -48.332983,
      -22.918294
     ],
     [
      -48.333372,
      -22.918499
     ],
     [
      -48.334454,
      -22.919066
     ],
     [
      -48.337086,
      -22.92048
     ],
     [
      -48.337566,
      -22.920689
     ],
     [
      -48.338114,
      -22.920833
     ],
     [
      -48.338521,
      -22.920901
     ],
     [
      -48.339134,
      -22.920931
     ],
     [
      -48.339822,
      -22.920834
     ],
     [
      -48.341491,
      -22.920441
     ],
     [
      -48.341973,
      -22.92034
     ],
     [
      -48.342359,
      -22.920304
     ],
     [
      -48.342786,
      -22.92032
     ],
     [
      -48.343214,
      -22.92036
     ],
     [
      -48.343745,
      -22.920478
     ],
     [
      -48.34418,
      -22.920651
     ],
     [
      -48.344697,
      -22.920943
     ],
     [
      -48.345184,
      -22.921283
     ],
     [
      -48.345989,
      -22.92191
     ],
     [
      -48.346567,
      -22.922261
     ],
     [
      -48.34721,
      -22.922611
     ],
     [
      -48.348081,
      -22.923082
     ],
     [
      -48.34857,
      -22.923434
     ],
     [
      -48.348977,
      -22.923863
     ],
     [
      -48.349322,
      -22.92436
     ],
     [
      -48.349647,
      -22.924801
     ],
     [
      -48.35007,
      -22.925414
     ],
     [
      -48.350453,
      -22.925799
     ],
     [
      -48.350849,
      -22.926118
     ],
     [
      -48.351416,
      -22.926441
     ],
     [
      -48.351788,
      -22.926603
     ],
     [
      -48.352356,
      -22.926723
     ],
     [
      -48.352953,
      -22.926783
     ],
     [
      -48.353397,
      -22.926772
     ],
     [
      -48.353858,
      -22.926718
     ],
     [
      -48.354414,
      -22.926565
     ],
     [
      -48.354917,
      -22.926369
     ],
     [
      -48.355296,
      -22.926155
     ],
     [
      -48.355556,
      -22.926009
     ],
     [
      -48.357242,
      -22.924729
     ],
     [
      -48.357641,
      -22.924497
     ],
     [
      -48.358099,
      -22.924293
     ],
     [
      -48.358501,
      -22.924157
     ],
     [
      -48.359164,
      -22.924021
     ],
     [
      -48.36082,
      -22.923685
     ],
     [
      -48.361408,
      -22.923567
     ],
     [
      -48.36188,
      -22.923514
     ],
     [
      -48.3623,
      -22.923507
     ],
     [
      -48.36272,
      -22.923568
     ],
     [
      -48.363532,
      -22.923741
     ],
     [
      -48.364378,
      -22.923884
     ],
     [
      -48.364892,
      -22.923939
     ],
     [
      -48.365422,
      -22.923906
     ],
     [
      -48.366179,
      -22.923759
     ],
     [
      -48.36686,
      -22.923471
     ],
     [
      -48.367388,
      -22.923138
     ],
     [
      -48.367853,
      -22.922713
     ],
     [
      -48.36831,
      -22.922137
     ],
     [
      -48.36857,
      -22.921654
     ],
     [
      -48.36877,
      -22.921141
     ],
     [
      -48.369282,
      -22.919049
     ],
     [
      -48.369441,
      -22.918678
     ],
     [
      -48.369622,
      -22.918317
     ],
     [
      -48.369882,
      -22.91793
     ],
     [
      -48.370243,
      -22.917565
     ],
     [
      -48.370894,
      -22.917096
     ],
     [
      -48.371899,
      -22.916317
     ],
     [
      -48.372284,
      -22.915892
     ],
     [
      -48.372396,
      -22.91573
     ],
     [
      -48.372568,
      -22.915483
     ],
     [
      -48.37281,
      -22.914966
     ],
     [
      -48.372988,
      -22.914459
     ],
     [
      -48.373289,
      -22.913462
     ],
     [
      -48.373597,
      -22.912813
     ],
     [
      -48.373868,
      -22.912415
     ],
     [
      -48.374284,
      -22.911976
     ],
     [
      -48.374763,
      -22.911567
     ],
     [
      -48.375113,
      -22.911356
     ],
     [
      -48.375542,
      -22.911164
     ],
     [
      -48.375983,
      -22.911016
     ],
     [
      -48.376472,
      -22.910901
     ],
     [
      -48.377293,
      -22.910761
     ],
     [
      -48.378535,
      -22.910542
     ],
     [
      -48.378988,
      -22.910418
     ],
     [
      -48.379311,
      -22.910269
     ],
     [
      -48.379681,
      -22.910105
     ],
     [
      -48.380128,
      -22.909809
     ],
     [
      -48.380399,
      -22.909581
     ],
     [
      -48.380708,
      -22.909233
     ],
     [
      -48.381087,
      -22.908678
     ],
     [
      -48.381322,
      -22.908172
     ],
     [
      -48.381606,
      -22.907594
     ],
     [
      -48.381878,
      -22.907174
     ],
     [
      -48.382233,
      -22.906755
     ],
     [
      -48.382724,
      -22.906401
     ],
     [
      -48.383316,
      -22.906074
     ],
     [
      -48.383783,
      -22.905883
     ],
     [
      -48.38425,
      -22.905763
     ],
     [
      -48.384905,
      -22.905688
     ],
     [
      -48.387366,
      -22.90554
     ],
     [
      -48.387856,
      -22.905508
     ],
     [
      -48.388452,
      -22.90533
     ],
     [
      -48.389115,
      -22.905003
     ],
     [
      -48.38941,
      -22.904753
     ],
     [
      -48.389725,
      -22.904433
     ],
     [
      -48.390104,
      -22.903984
     ],
     [
      -48.390387,
      -22.903506
     ],
     [
      -48.390602,
      -22.903056
     ],
     [
      -48.390778,
      -22.902566
     ],
     [
      -48.390851,
      -22.902216
     ],
     [
      -48.390846,
      -22.901721
     ],
     [
      -48.390779,
      -22.901236
     ],
     [
      -48.390638,
      -22.900727
     ],
     [
      -48.390233,
      -22.899806
     ],
     [
      -48.389758,
      -22.898845
     ],
     [
      -48.389659,
      -22.898377
     ],
     [
      -48.389644,
      -22.897727
     ],
     [
      -48.389673,
      -22.897362
     ],
     [
      -48.389792,
      -22.896361
     ],
     [
      -48.389985,
      -22.895622
     ],
     [
      -48.390274,
      -22.894911
     ],
     [
      -48.391351,
      -22.892971
     ],
     [
      -48.392108,
      -22.892099
     ],
     [
      -48.393597,
      -22.890218
     ],
     [
      -48.395529,
      -22.887716
     ],
     [
      -48.396176,
      -22.886834
     ],
     [
      -48.396453,
      -22.88638
     ],
     [
      -48.396988,
      -22.885172
     ],
     [
      -48.39779,
      -22.883605
     ],
     [
      -48.398084,
      -22.88316
     ],
     [
      -48.398619,
      -22.882635
     ],
     [
      -48.399353,
      -22.882222
     ],
     [
      -48.400128,
      -22.88191
     ],
     [
      -48.400809,
      -22.881776
     ],
     [
      -48.401495,
      -22.881763
     ],
     [
      -48.402242,
      -22.881858
     ],
     [
      -48.402905,
      -22.882097
     ],
     [
      -48.403615,
      -22.882512
     ],
     [
      -48.405997,
      -22.884106
     ],
     [
      -48.406474,
      -22.88434
     ],
     [
      -48.406972,
      -22.884505
     ],
     [
      -48.407491,
      -22.884627
     ],
     [
      -48.408442,
      -22.884731
     ],
     [
      -48.408578,
      -22.884746
     ],
     [
      -48.409179,
      -22.884839
     ],
     [
      -48.409762,
      -22.884989
     ],
     [
      -48.410242,
      -22.885215
     ],
     [
      -48.410777,
      -22.885532
     ],
     [
      -48.411212,
      -22.88593
     ],
     [
      -48.411616,
      -22.886405
     ],
     [
      -48.411867,
      -22.886812
     ],
     [
      -48.412047,
      -22.887252
     ],
     [
      -48.41239,
      -22.888153
     ],
     [
      -48.412656,
      -22.888859
     ],
     [
      -48.413015,
      -22.889504
     ],
     [
      -48.413832,
      -22.890548
     ],
     [
      -48.414237,
      -22.890888
     ],
     [
      -48.414705,
      -22.891161
     ],
     [
      -48.415237,
      -22.891386
     ],
     [
      -48.415809,
      -22.89154
     ],
     [
      -48.416501,
      -22.891621
     ],
     [
      -48.417291,
      -22.891594
     ],
     [
      -48.417959,
      -22.891476
     ],
     [
      -48.418603,
      -22.891277
     ],
     [
      -48.419076,
      -22.89106
     ],
     [
      -48.419551,
      -22.890668
     ],
     [
      -48.420028,
      -22.890154
     ],
     [
      -48.420275,
      -22.889781
     ],
     [
      -48.420439,
      -22.889401
     ],
     [
      -48.420567,
      -22.888934
     ],
     [
      -48.42064,
      -22.888467
     ],
     [
      -48.420647,
      -22.887884
     ],
     [
      -48.420507,
      -22.887092
     ],
     [
      -48.420267,
      -22.886559
     ],
     [
      -48.419944,
      -22.886075
     ],
     [
      -48.419527,
      -22.885496
     ],
     [
      -48.419252,
      -22.885143
     ],
     [
      -48.418966,
      -22.884851
     ],
     [
      -48.418779,
      -22.884659
     ],
     [
      -48.41838,
      -22.884362
     ],
     [
      -48.417995,
      -22.884142
     ],
     [
      -48.417608,
      -22.883983
     ],
     [
      -48.41632,
      -22.883533
     ],
     [
      -48.415709,
      -22.883181
     ],
     [
      -48.415132,
      -22.882687
     ],
     [
      -48.414779,
      -22.882269
     ],
     [
      -48.414487,
      -22.881779
     ],
     [
      -48.414318,
      -22.88132
     ],
     [
      -48.414193,
      -22.880793
     ],
     [
      -48.41413,
      -22.880183
     ],
     [
      -48.414144,
      -22.87963
     ],
     [
      -48.414211,
      -22.87932
     ],
     [
      -48.414821,
      -22.876869
     ],
     [
      -48.414921,
      -22.876234
     ],
     [
      -48.414942,
      -22.875684
     ],
     [
      -48.414929,
      -22.87501
     ],
     [
      -48.414983,
      -22.874297
     ],
     [
      -48.415069,
      -22.873881
     ],
     [
      -48.415152,
      -22.873554
     ],
     [
      -48.4153,
      -22.873259
     ],
     [
      -48.415505,
      -22.872926
     ],
     [
      -48.41581,
      -22.872578
     ],
     [
      -48.417296,
      -22.870966
     ],
     [
      -48.418326,
      -22.869793
     ],
     [
      -48.418704,
      -22.869371
     ],
     [
      -48.419003,
      -22.869065
     ],
     [
      -48.419203,
      -22.868851
     ],
     [
      -48.419836,
      -22.868126
     ],
     [
      -48.420213,
      -22.867534
     ],
     [
      -48.420723,
      -22.866614
     ],
     [
      -48.421327,
      -22.8655
     ],
     [
      -48.421527,
      -22.865026
     ],
     [
      -48.421653,
      -22.864627
     ],
     [
      -48.421723,
      -22.864268
     ],
     [
      -48.421761,
      -22.863826
     ],
     [
      -48.421822,
      -22.862805
     ],
     [
      -48.421893,
      -22.862396
     ],
     [
      -48.422039,
      -22.861931
     ],
     [
      -48.422176,
      -22.861592
     ],
     [
      -48.422676,
      -22.860326
     ],
     [
      -48.422968,
      -22.859684
     ],
     [
      -48.423264,
      -22.859123
     ],
     [
      -48.423431,
      -22.858835
     ],
     [
      -48.423628,
      -22.858563
     ],
     [
      -48.423851,
      -22.858309
     ],
     [
      -48.4241,
      -22.858076
     ],
     [
      -48.424372,
      -22.857866
     ],
     [
      -48.424665,
      -22.857681
     ],
     [
      -48.424975,
      -22.857522
     ],
     [
      -48.425301,
      -22.857391
     ],
     [
      -48.425638,
      -22.85729
     ],
     [
      -48.425984,
      -22.857218
     ],
     [
      -48.426336,
      -22.857178
     ],
     [
      -48.426691,
      -22.857168
     ],
     [
      -48.427045,
      -22.85719
     ],
     [
      -48.427395,
      -22.857242
     ],
     [
      -48.427739,
      -22.857325
     ],
     [
      -48.428072,
      -22.857438
     ],
     [
      -48.428378,
      -22.857567
     ],
     [
      -48.428722,
      -22.857727
     ],
     [
      -48.428977,
      -22.857877
     ],
     [
      -48.429175,
      -22.858013
     ],
     [
      -48.429396,
      -22.858203
     ],
     [
      -48.429625,
      -22.858428
     ],
     [
      -48.429869,
      -22.858695
     ],
     [
      -48.430344,
      -22.859239
     ],
     [
      -48.432252,
      -22.861358
     ],
     [
      -48.433723,
      -22.86295
     ],
     [
      -48.43396,
      -22.86321
     ],
     [
      -48.434146,
      -22.863379
     ],
     [
      -48.43444,
      -22.863606
     ],
     [
      -48.434691,
      -22.863767
     ],
     [
      -48.435269,
      -22.864055
     ],
     [
      -48.435547,
      -22.864195
     ],
     [
      -48.43735,
      -22.865089
     ],
     [
      -48.437603,
      -22.865262
     ],
     [
      -48.437785,
      -22.865422
     ],
     [
      -48.437964,
      -22.86562
     ],
     [
      -48.438132,
      -22.865862
     ],
     [
      -48.438922,
      -22.867095
     ],
     [
      -48.439016,
      -22.867229
     ],
     [
      -48.43914,
      -22.867457
     ],
     [
      -48.439239,
      -22.867733
     ],
     [
      -48.439359,
      -22.868215
     ],
     [
      -48.439555,
      -22.869097
     ],
     [
      -48.439719,
      -22.869466
     ],
     [
      -48.439871,
      -22.869688
     ],
     [
      -48.440093,
      -22.869901
     ],
     [
      -48.440295,
      -22.870042
     ],
     [
      -48.440608,
      -22.870187
     ],
     [
      -48.440917,
      -22.870276
     ],
     [
      -48.441197,
      -22.870343
     ],
     [
      -48.441762,
      -22.870478
     ],
     [
      -48.442329,
      -22.87063
     ],
     [
      -48.442665,
      -22.87076
     ],
     [
      -48.442862,
      -22.870873
     ],
     [
      -48.443287,
      -22.871154
     ],
     [
      -48.443496,
      -22.871346
     ],
     [
      -48.443679,
      -22.87159
     ],
     [
      -48.443794,
      -22.871884
     ],
     [
      -48.444236,
      -22.87359
     ]
    ]
   }
  },
  {
   "type": "Feature",
   "properties": {
    "id": "sor-botucatu-rubiao-junior",
    "method": "osm-current",
    "osm_ways": [
     208175295,
     208175299,
     208214549,
     208214550,
     620415483,
     620415484,
     746387161
    ],
    "bridged_gap_m": 0,
    "generated": "2026-10-05"
   },
   "geometry": {
    "type": "LineString",
    "coordinates": [
     [
      -48.444236,
      -22.87359
     ],
     [
      -48.444399,
      -22.874197
     ],
     [
      -48.444494,
      -22.874534
     ],
     [
      -48.444683,
      -22.875213
     ],
     [
      -48.444718,
      -22.875318
     ],
     [
      -48.444771,
      -22.875424
     ],
     [
      -48.444881,
      -22.875574
     ],
     [
      -48.445021,
      -22.875706
     ],
     [
      -48.445166,
      -22.875809
     ],
     [
      -48.445318,
      -22.875884
     ],
     [
      -48.445503,
      -22.875945
     ],
     [
      -48.445634,
      -22.875968
     ],
     [
      -48.445903,
      -22.875976
     ],
     [
      -48.44624,
      -22.875911
     ],
     [
      -48.448596,
      -22.875303
     ],
     [
      -48.448822,
      -22.875241
     ],
     [
      -48.449085,
      -22.875188
     ],
     [
      -48.449373,
      -22.875166
     ],
     [
      -48.449967,
      -22.875152
     ],
     [
      -48.450423,
      -22.875144
     ],
     [
      -48.450835,
      -22.875101
     ],
     [
      -48.451292,
      -22.875017
     ],
     [
      -48.451609,
      -22.874982
     ],
     [
      -48.451875,
      -22.874998
     ],
     [
      -48.452203,
      -22.875077
     ],
     [
      -48.452648,
      -22.875235
     ],
     [
      -48.454765,
      -22.87618
     ],
     [
      -48.457026,
      -22.877162
     ],
     [
      -48.457681,
      -22.877459
     ],
     [
      -48.458443,
      -22.877799
     ],
     [
      -48.458972,
      -22.877988
     ],
     [
      -48.459385,
      -22.878082
     ],
     [
      -48.459791,
      -22.878129
     ],
     [
      -48.460282,
      -22.878138
     ],
     [
      -48.460673,
      -22.878101
     ],
     [
      -48.461265,
      -22.878003
     ],
     [
      -48.46228,
      -22.8778
     ],
     [
      -48.462759,
      -22.877725
     ],
     [
      -48.463245,
      -22.877716
     ],
     [
      -48.463559,
      -22.877727
     ],
     [
      -48.464142,
      -22.877828
     ],
     [
      -48.46458,
      -22.877957
     ],
     [
      -48.465131,
      -22.878211
     ],
     [
      -48.465561,
      -22.878481
     ],
     [
      -48.466019,
      -22.878857
     ],
     [
      -48.466227,
      -22.879091
     ],
     [
      -48.466429,
      -22.87937
     ],
     [
      -48.466663,
      -22.879722
     ],
     [
      -48.467629,
      -22.88127
     ],
     [
      -48.468174,
      -22.882215
     ],
     [
      -48.468482,
      -22.882636
     ],
     [
      -48.468746,
      -22.882896
     ],
     [
      -48.469024,
      -22.88313
     ],
     [
      -48.469306,
      -22.883329
     ],
     [
      -48.469795,
      -22.883603
     ],
     [
      -48.470214,
      -22.883765
     ],
     [
      -48.470733,
      -22.883904
     ],
     [
      -48.471271,
      -22.88396
     ],
     [
      -48.471894,
      -22.883971
     ],
     [
      -48.473448,
      -22.883935
     ],
     [
      -48.474729,
      -22.88387
     ],
     [
      -48.476403,
      -22.883769
     ],
     [
      -48.476748,
      -22.883777
     ],
     [
      -48.47712,
      -22.883825
     ],
     [
      -48.477518,
      -22.883893
     ],
     [
      -48.477954,
      -22.884035
     ],
     [
      -48.478277,
      -22.884154
     ],
     [
      -48.478783,
      -22.88439
     ],
     [
      -48.480252,
      -22.885082
     ],
     [
      -48.480717,
      -22.885322
     ],
     [
      -48.481119,
      -22.885584
     ],
     [
      -48.481422,
      -22.885847
     ],
     [
      -48.48179,
      -22.886227
     ],
     [
      -48.48226,
      -22.886808
     ],
     [
      -48.482891,
      -22.887597
     ],
     [
      -48.483363,
      -22.888108
     ],
     [
      -48.483608,
      -22.888325
     ],
     [
      -48.48383,
      -22.888482
     ],
     [
      -48.484067,
      -22.888641
     ],
     [
      -48.484324,
      -22.88878
     ],
     [
      -48.484613,
      -22.88891
     ],
     [
      -48.485064,
      -22.889069
     ],
     [
      -48.485548,
      -22.889171
     ],
     [
      -48.485936,
      -22.889203
     ],
     [
      -48.486481,
      -22.88919
     ],
     [
      -48.48822,
      -22.889021
     ],
     [
      -48.488869,
      -22.888966
     ],
     [
      -48.489172,
      -22.888963
     ],
     [
      -48.489489,
      -22.888988
     ],
     [
      -48.48979,
      -22.889027
     ],
     [
      -48.48993,
      -22.889054
     ],
     [
      -48.490271,
      -22.889139
     ],
     [
      -48.491219,
      -22.889415
     ],
     [
      -48.491496,
      -22.889513
     ],
     [
      -48.491709,
      -22.889621
     ],
     [
      -48.491916,
      -22.88976
     ],
     [
      -48.492141,
      -22.88994
     ],
     [
      -48.492294,
      -22.890148
     ],
     [
      -48.492428,
      -22.890403
     ],
     [
      -48.492499,
      -22.890637
     ],
     [
      -48.49254,
      -22.890868
     ],
     [
      -48.492554,
      -22.891189
     ],
     [
      -48.492568,
      -22.891473
     ],
     [
      -48.492563,
      -22.891762
     ],
     [
      -48.492474,
      -22.894259
     ]
    ]
   }
  },
  {
   "type": "Feature",
   "properties": {
    "id": "sor-rubiao-junior-sao-manuel",
    "method": "osm-current",
    "osm_ways": [
     161763577,
     213154811,
     320695149,
     320695150,
     434278374
    ],
    "bridged_gap_m": 0,
    "generated": "2026-10-05"
   },
   "geometry": {
    "type": "LineString",
    "coordinates": [
     [
      -48.492474,
      -22.894259
     ],
     [
      -48.492479,
      -22.894783
     ],
     [
      -48.492496,
      -22.894957
     ],
     [
      -48.492563,
      -22.895196
     ],
     [
      -48.492663,
      -22.895409
     ],
     [
      -48.492754,
      -22.895518
     ],
     [
      -48.493009,
      -22.895739
     ],
     [
      -48.493294,
      -22.895927
     ],
     [
      -48.493566,
      -22.896068
     ],
     [
      -48.493776,
      -22.896144
     ],
     [
      -48.494096,
      -22.896232
     ],
     [
      -48.494355,
      -22.896276
     ],
     [
      -48.494698,
      -22.896278
     ],
     [
      -48.494919,
      -22.89624
     ],
     [
      -48.495171,
      -22.896171
     ],
     [
      -48.49543,
      -22.89605
     ],
     [
      -48.495764,
      -22.895864
     ],
     [
      -48.495981,
      -22.895706
     ],
     [
      -48.496866,
      -22.895119
     ],
     [
      -48.497564,
      -22.894635
     ],
     [
      -48.497883,
      -22.894362
     ],
     [
      -48.498066,
      -22.894188
     ],
     [
      -48.498448,
      -22.893789
     ],
     [
      -48.498995,
      -22.893067
     ],
     [
      -48.49942,
      -22.892312
     ],
     [
      -48.500686,
      -22.8901
     ],
     [
      -48.500755,
      -22.889914
     ],
     [
      -48.501845,
      -22.887963
     ],
     [
      -48.502236,
      -22.887364
     ],
     [
      -48.502665,
      -22.886712
     ],
     [
      -48.503105,
      -22.886317
     ],
     [
      -48.503512,
      -22.885911
     ],
     [
      -48.504038,
      -22.885526
     ],
     [
      -48.504688,
      -22.885107
     ],
     [
      -48.505085,
      -22.884909
     ],
     [
      -48.505583,
      -22.884686
     ],
     [
      -48.506168,
      -22.884484
     ],
     [
      -48.506909,
      -22.884276
     ],
     [
      -48.507702,
      -22.884089
     ],
     [
      -48.512412,
      -22.882972
     ],
     [
      -48.516133,
      -22.882109
     ],
     [
      -48.521498,
      -22.880814
     ],
     [
      -48.523157,
      -22.880401
     ],
     [
      -48.523597,
      -22.880248
     ],
     [
      -48.524214,
      -22.879986
     ],
     [
      -48.524841,
      -22.879654
     ],
     [
      -48.525506,
      -22.879185
     ],
     [
      -48.525962,
      -22.878809
     ],
     [
      -48.526349,
      -22.878419
     ],
     [
      -48.52816,
      -22.876359
     ],
     [
      -48.529219,
      -22.875122
     ],
     [
      -48.52968,
      -22.874677
     ],
     [
      -48.530109,
      -22.874322
     ],
     [
      -48.530517,
      -22.874026
     ],
     [
      -48.531043,
      -22.873659
     ],
     [
      -48.533285,
      -22.872187
     ],
     [
      -48.537023,
      -22.869736
     ],
     [
      -48.539298,
      -22.868217
     ],
     [
      -48.53969,
      -22.867901
     ],
     [
      -48.540012,
      -22.867614
     ],
     [
      -48.540302,
      -22.867328
     ],
     [
      -48.540607,
      -22.866992
     ],
     [
      -48.540935,
      -22.866596
     ],
     [
      -48.541209,
      -22.866127
     ],
     [
      -48.541546,
      -22.865538
     ],
     [
      -48.541846,
      -22.864876
     ],
     [
      -48.54211,
      -22.863824
     ],
     [
      -48.542239,
      -22.863102
     ],
     [
      -48.542276,
      -22.862335
     ],
     [
      -48.542115,
      -22.86109
     ],
     [
      -48.541825,
      -22.859982
     ],
     [
      -48.541364,
      -22.858252
     ],
     [
      -48.541053,
      -22.857521
     ],
     [
      -48.540087,
      -22.85586
     ],
     [
      -48.539486,
      -22.854812
     ],
     [
      -48.539162,
      -22.853948
     ],
     [
      -48.538812,
      -22.853068
     ],
     [
      -48.538465,
      -22.851855
     ],
     [
      -48.538412,
      -22.850703
     ],
     [
      -48.537877,
      -22.847377
     ],
     [
      -48.537823,
      -22.84628
     ],
     [
      -48.53792,
      -22.845568
     ],
     [
      -48.538119,
      -22.844783
     ],
     [
      -48.538494,
      -22.843754
     ],
     [
      -48.538885,
      -22.843017
     ],
     [
      -48.539395,
      -22.842311
     ],
     [
      -48.540012,
      -22.841692
     ],
     [
      -48.541321,
      -22.840476
     ],
     [
      -48.543295,
      -22.838578
     ],
     [
      -48.543703,
      -22.838083
     ],
     [
      -48.5441,
      -22.83749
     ],
     [
      -48.544872,
      -22.836313
     ],
     [
      -48.545408,
      -22.835325
     ],
     [
      -48.546412,
      -22.833432
     ],
     [
      -48.546953,
      -22.832615
     ],
     [
      -48.54735,
      -22.832111
     ],
     [
      -48.547844,
      -22.831626
     ],
     [
      -48.548606,
      -22.830944
     ],
     [
      -48.549217,
      -22.830479
     ],
     [
      -48.549968,
      -22.830104
     ],
     [
      -48.551138,
      -22.82953
     ],
     [
      -48.552141,
      -22.828962
     ],
     [
      -48.552282,
      -22.828861
     ],
     [
      -48.552908,
      -22.828413
     ],
     [
      -48.553391,
      -22.827889
     ],
     [
      -48.554024,
      -22.826979
     ],
     [
      -48.556379,
      -22.823701
     ],
     [
      -48.557014,
      -22.822789
     ],
     [
      -48.558605,
      -22.820502
     ],
     [
      -48.559141,
      -22.819958
     ],
     [
      -48.559753,
      -22.819463
     ],
     [
      -48.55993,
      -22.819334
     ],
     [
      -48.560461,
      -22.818949
     ],
     [
      -48.561534,
      -22.818188
     ],
     [
      -48.562242,
      -22.817614
     ],
     [
      -48.562639,
      -22.817189
     ],
     [
      -48.563025,
      -22.816704
     ],
     [
      -48.563568,
      -22.815879
     ],
     [
      -48.563819,
      -22.81533
     ],
     [
      -48.564098,
      -22.814707
     ],
     [
      -48.566201,
      -22.809534
     ],
     [
      -48.568272,
      -22.80452
     ],
     [
      -48.568819,
      -22.80362
     ],
     [
      -48.56943,
      -22.802839
     ],
     [
      -48.570868,
      -22.80091
     ],
     [
      -48.571464,
      -22.799669
     ],
     [
      -48.571909,
      -22.798309
     ],
     [
      -48.572005,
      -22.79732
     ],
     [
      -48.57193,
      -22.795975
     ],
     [
      -48.57148,
      -22.791811
     ],
     [
      -48.571254,
      -22.790742
     ],
     [
      -48.571104,
      -22.790258
     ],
     [
      -48.570825,
      -22.789476
     ],
     [
      -48.570498,
      -22.789027
     ],
     [
      -48.570085,
      -22.788774
     ],
     [
      -48.569666,
      -22.788685
     ],
     [
      -48.56898,
      -22.788695
     ],
     [
      -48.568357,
      -22.788655
     ],
     [
      -48.567971,
      -22.788507
     ],
     [
      -48.567574,
      -22.788181
     ],
     [
      -48.567124,
      -22.787646
     ],
     [
      -48.566759,
      -22.78729
     ],
     [
      -48.566351,
      -22.787083
     ],
     [
      -48.565836,
      -22.787043
     ],
     [
      -48.565396,
      -22.787112
     ],
     [
      -48.564989,
      -22.78734
     ],
     [
      -48.564415,
      -22.787642
     ],
     [
      -48.563926,
      -22.787785
     ],
     [
      -48.563401,
      -22.787805
     ],
     [
      -48.563111,
      -22.787696
     ],
     [
      -48.562703,
      -22.787439
     ],
     [
      -48.562446,
      -22.787142
     ],
     [
      -48.562081,
      -22.786311
     ],
     [
      -48.561877,
      -22.785826
     ],
     [
      -48.561577,
      -22.78545
     ],
     [
      -48.561309,
      -22.785272
     ],
     [
      -48.560858,
      -22.785144
     ],
     [
      -48.558594,
      -22.784758
     ],
     [
      -48.55809,
      -22.784659
     ],
     [
      -48.55765,
      -22.784481
     ],
     [
      -48.557178,
      -22.784234
     ],
     [
      -48.556792,
      -22.784026
     ],
     [
      -48.556427,
      -22.783937
     ],
     [
      -48.555987,
      -22.783957
     ],
     [
      -48.555665,
      -22.784026
     ],
     [
      -48.555285,
      -22.784239
     ],
     [
      -48.554791,
      -22.784516
     ],
     [
      -48.55448,
      -22.784655
     ],
     [
      -48.554254,
      -22.784694
     ],
     [
      -48.553981,
      -22.784676
     ],
     [
      -48.553659,
      -22.784617
     ],
     [
      -48.553353,
      -22.784466
     ],
     [
      -48.552889,
      -22.784192
     ],
     [
      -48.552241,
      -22.783815
     ],
     [
      -48.5499,
      -22.782491
     ],
     [
      -48.54941,
      -22.782201
     ],
     [
      -48.549208,
      -22.782057
     ],
     [
      -48.549021,
      -22.78187
     ],
     [
      -48.548793,
      -22.781491
     ],
     [
      -48.548712,
      -22.781131
     ],
     [
      -48.548731,
      -22.780858
     ],
     [
      -48.548802,
      -22.780573
     ],
     [
      -48.548932,
      -22.780343
     ],
     [
      -48.549192,
      -22.780043
     ],
     [
      -48.5494,
      -22.779895
     ],
     [
      -48.549869,
      -22.77967
     ],
     [
      -48.55038,
      -22.779427
     ],
     [
      -48.550684,
      -22.779219
     ],
     [
      -48.550987,
      -22.778924
     ],
     [
      -48.551299,
      -22.778534
     ],
     [
      -48.551534,
      -22.778109
     ],
     [
      -48.551707,
      -22.777684
     ],
     [
      -48.551768,
      -22.777329
     ],
     [
      -48.551776,
      -22.776852
     ],
     [
      -48.551724,
      -22.775802
     ],
     [
      -48.551733,
      -22.775499
     ],
     [
      -48.55182,
      -22.775126
     ],
     [
      -48.551924,
      -22.774528
     ],
     [
      -48.552768,
      -22.771297
     ],
     [
      -48.554333,
      -22.764403
     ],
     [
      -48.554673,
      -22.762457
     ],
     [
      -48.555011,
      -22.760974
     ],
     [
      -48.555236,
      -22.759439
     ],
     [
      -48.555644,
      -22.75676
     ],
     [
      -48.555939,
      -22.754852
     ],
     [
      -48.556069,
      -22.754375
     ],
     [
      -48.556338,
      -22.753568
     ],
     [
      -48.556598,
      -22.753091
     ],
     [
      -48.556867,
      -22.75264
     ],
     [
      -48.55717,
      -22.752276
     ],
     [
      -48.557656,
      -22.751747
     ],
     [
      -48.558115,
      -22.751227
     ],
     [
      -48.558445,
      -22.750845
     ],
     [
      -48.558679,
      -22.750447
     ],
     [
      -48.558956,
      -22.749996
     ],
     [
      -48.559165,
      -22.749527
     ],
     [
      -48.559347,
      -22.748946
     ],
     [
      -48.559459,
      -22.748227
     ],
     [
      -48.559737,
      -22.746527
     ],
     [
      -48.559893,
      -22.745322
     ],
     [
      -48.559884,
      -22.744879
     ],
     [
      -48.559772,
      -22.744385
     ],
     [
      -48.559546,
      -22.743795
     ],
     [
      -48.559269,
      -22.742998
     ],
     [
      -48.559208,
      -22.742434
     ],
     [
      -48.559286,
      -22.741992
     ],
     [
      -48.559459,
      -22.741541
     ],
     [
      -48.559563,
      -22.741133
     ],
     [
      -48.559511,
      -22.740769
     ],
     [
      -48.559381,
      -22.740335
     ],
     [
      -48.559251,
      -22.740015
     ],
     [
      -48.559208,
      -22.739642
     ],
     [
      -48.559043,
      -22.737595
     ],
     [
      -48.559078,
      -22.737196
     ],
     [
      -48.559173,
      -22.736849
     ],
     [
      -48.559286,
      -22.736416
     ],
     [
      -48.559459,
      -22.735835
     ],
     [
      -48.559713,
      -22.735065
     ],
     [
      -48.559811,
      -22.734817
     ],
     [
      -48.559931,
      -22.734619
     ],
     [
      -48.560061,
      -22.734449
     ],
     [
      -48.560228,
      -22.734254
     ],
     [
      -48.560368,
      -22.734137
     ],
     [
      -48.560437,
      -22.734081
     ],
     [
      -48.560514,
      -22.734037
     ],
     [
      -48.560753,
      -22.733944
     ],
     [
      -48.561173,
      -22.733887
     ],
     [
      -48.562349,
      -22.733587
     ],
     [
      -48.562815,
      -22.733453
     ],
     [
      -48.563182,
      -22.733335
     ],
     [
      -48.563462,
      -22.733216
     ],
     [
      -48.563707,
      -22.733059
     ],
     [
      -48.563939,
      -22.732866
     ],
     [
      -48.564125,
      -22.732671
     ],
     [
      -48.564384,
      -22.732308
     ],
     [
      -48.564499,
      -22.732147
     ],
     [
      -48.565697,
      -22.730528
     ],
     [
      -48.566223,
      -22.729819
     ],
     [
      -48.566723,
      -22.729154
     ],
     [
      -48.566746,
      -22.729123
     ],
     [
      -48.567984,
      -22.727462
     ]
    ]
   }
  },
  {
   "type": "Feature",
   "properties": {
    "id": "sor-sao-manuel-lencois",
    "method": "osm-current",
    "osm_ways": [
     161765608,
     161765609,
     168081502,
     231751945,
     231751946,
     231751947,
     320695149
    ],
    "bridged_gap_m": 0,
    "generated": "2026-10-05"
   },
   "geometry": {
    "type": "LineString",
    "coordinates": [
     [
      -48.567984,
      -22.727462
     ],
     [
      -48.568211,
      -22.727131
     ],
     [
      -48.568367,
      -22.726824
     ],
     [
      -48.568422,
      -22.726725
     ],
     [
      -48.568445,
      -22.726656
     ],
     [
      -48.568488,
      -22.726523
     ],
     [
      -48.568536,
      -22.7263
     ],
     [
      -48.568536,
      -22.726125
     ],
     [
      -48.568517,
      -22.725968
     ],
     [
      -48.568461,
      -22.725644
     ],
     [
      -48.568416,
      -22.725411
     ],
     [
      -48.568411,
      -22.725206
     ],
     [
      -48.568424,
      -22.724983
     ],
     [
      -48.568449,
      -22.724769
     ],
     [
      -48.56847,
      -22.724633
     ],
     [
      -48.568499,
      -22.724544
     ],
     [
      -48.568547,
      -22.724405
     ],
     [
      -48.56864,
      -22.724217
     ],
     [
      -48.568743,
      -22.724017
     ],
     [
      -48.568908,
      -22.723773
     ],
     [
      -48.569191,
      -22.723405
     ],
     [
      -48.569796,
      -22.722587
     ],
     [
      -48.569958,
      -22.722327
     ],
     [
      -48.57005,
      -22.722084
     ],
     [
      -48.57009,
      -22.721851
     ],
     [
      -48.57009,
      -22.721597
     ],
     [
      -48.570053,
      -22.721419
     ],
     [
      -48.570001,
      -22.720929
     ],
     [
      -48.57001,
      -22.72068
     ],
     [
      -48.570047,
      -22.720478
     ],
     [
      -48.57013,
      -22.720294
     ],
     [
      -48.570228,
      -22.720128
     ],
     [
      -48.570342,
      -22.719987
     ],
     [
      -48.57047,
      -22.719865
     ],
     [
      -48.570627,
      -22.719757
     ],
     [
      -48.570832,
      -22.719672
     ],
     [
      -48.571044,
      -22.719616
     ],
     [
      -48.5712,
      -22.719604
     ],
     [
      -48.571366,
      -22.719601
     ],
     [
      -48.571617,
      -22.719616
     ],
     [
      -48.572129,
      -22.719699
     ],
     [
      -48.572482,
      -22.719718
     ],
     [
      -48.572724,
      -22.719702
     ],
     [
      -48.572941,
      -22.719629
     ],
     [
      -48.573171,
      -22.719518
     ],
     [
      -48.573404,
      -22.719377
     ],
     [
      -48.57517,
      -22.718266
     ],
     [
      -48.576692,
      -22.717302
     ],
     [
      -48.576922,
      -22.717125
     ],
     [
      -48.577122,
      -22.716908
     ],
     [
      -48.577259,
      -22.716664
     ],
     [
      -48.577357,
      -22.716469
     ],
     [
      -48.577414,
      -22.716247
     ],
     [
      -48.577467,
      -22.715928
     ],
     [
      -48.57749,
      -22.715445
     ],
     [
      -48.577521,
      -22.715002
     ],
     [
      -48.57756,
      -22.714776
     ],
     [
      -48.577636,
      -22.714528
     ],
     [
      -48.577791,
      -22.714174
     ],
     [
      -48.577906,
      -22.713824
     ],
     [
      -48.577964,
      -22.713549
     ],
     [
      -48.577968,
      -22.713283
     ],
     [
      -48.577933,
      -22.712898
     ],
     [
      -48.577879,
      -22.712326
     ],
     [
      -48.577919,
      -22.712087
     ],
     [
      -48.577981,
      -22.711874
     ],
     [
      -48.578092,
      -22.711661
     ],
     [
      -48.578309,
      -22.711409
     ],
     [
      -48.57873,
      -22.710935
     ],
     [
      -48.578876,
      -22.710735
     ],
     [
      -48.579005,
      -22.710447
     ],
     [
      -48.579142,
      -22.710137
     ],
     [
      -48.579275,
      -22.709862
     ],
     [
      -48.579408,
      -22.709716
     ],
     [
      -48.579625,
      -22.709561
     ],
     [
      -48.579869,
      -22.709432
     ],
     [
      -48.580153,
      -22.709348
     ],
     [
      -48.580427,
      -22.709348
     ],
     [
      -48.580693,
      -22.709393
     ],
     [
      -48.580946,
      -22.709472
     ],
     [
      -48.581398,
      -22.709672
     ],
     [
      -48.581659,
      -22.709778
     ],
     [
      -48.581898,
      -22.70984
     ],
     [
      -48.582169,
      -22.709853
     ],
     [
      -48.582457,
      -22.709831
     ],
     [
      -48.582687,
      -22.709756
     ],
     [
      -48.582926,
      -22.709645
     ],
     [
      -48.583126,
      -22.709503
     ],
     [
      -48.583299,
      -22.709326
     ],
     [
      -48.583427,
      -22.709109
     ],
     [
      -48.583534,
      -22.708856
     ],
     [
      -48.583804,
      -22.707882
     ],
     [
      -48.584213,
      -22.706371
     ],
     [
      -48.58429,
      -22.706031
     ],
     [
      -48.584313,
      -22.705642
     ],
     [
      -48.58439,
      -22.705017
     ],
     [
      -48.584444,
      -22.704754
     ],
     [
      -48.584521,
      -22.704514
     ],
     [
      -48.58467,
      -22.704034
     ],
     [
      -48.584996,
      -22.703006
     ],
     [
      -48.585137,
      -22.70273
     ],
     [
      -48.585313,
      -22.70249
     ],
     [
      -48.58554,
      -22.702322
     ],
     [
      -48.585811,
      -22.702195
     ],
     [
      -48.586115,
      -22.702082
     ],
     [
      -48.586767,
      -22.701829
     ],
     [
      -48.58698,
      -22.701697
     ],
     [
      -48.587261,
      -22.701516
     ],
     [
      -48.58751,
      -22.70129
     ],
     [
      -48.587799,
      -22.700973
     ],
     [
      -48.58827,
      -22.700189
     ],
     [
      -48.588782,
      -22.699302
     ],
     [
      -48.588997,
      -22.698985
     ],
     [
      -48.589351,
      -22.698459
     ],
     [
      -48.589649,
      -22.697961
     ],
     [
      -48.58984,
      -22.697508
     ],
     [
      -48.589885,
      -22.697001
     ],
     [
      -48.589812,
      -22.695525
     ],
     [
      -48.58984,
      -22.695135
     ],
     [
      -48.59003,
      -22.694791
     ],
     [
      -48.590546,
      -22.694266
     ],
     [
      -48.590881,
      -22.693922
     ],
     [
      -48.591162,
      -22.693396
     ],
     [
      -48.591425,
      -22.692672
     ],
     [
      -48.591687,
      -22.692201
     ],
     [
      -48.591968,
      -22.691974
     ],
     [
      -48.59224,
      -22.691811
     ],
     [
      -48.592521,
      -22.691666
     ],
     [
      -48.59291,
      -22.691558
     ],
     [
      -48.593553,
      -22.691413
     ],
     [
      -48.593952,
      -22.69125
     ],
     [
      -48.594223,
      -22.691032
     ],
     [
      -48.594413,
      -22.690815
     ],
     [
      -48.594586,
      -22.690417
     ],
     [
      -48.59474,
      -22.689683
     ],
     [
      -48.594893,
      -22.689266
     ],
     [
      -48.595165,
      -22.688741
     ],
     [
      -48.59531,
      -22.688343
     ],
     [
      -48.595292,
      -22.687808
     ],
     [
      -48.595102,
      -22.687428
     ],
     [
      -48.59474,
      -22.687066
     ],
     [
      -48.59416,
      -22.68664
     ],
     [
      -48.593913,
      -22.686444
     ],
     [
      -48.5932,
      -22.685861
     ],
     [
      -48.593046,
      -22.685517
     ],
     [
      -48.592982,
      -22.685118
     ],
     [
      -48.593118,
      -22.684747
     ],
     [
      -48.593345,
      -22.684412
     ],
     [
      -48.593653,
      -22.683886
     ],
     [
      -48.593761,
      -22.683579
     ],
     [
      -48.593816,
      -22.683162
     ],
     [
      -48.593716,
      -22.682655
     ],
     [
      -48.593453,
      -22.682256
     ],
     [
      -48.593354,
      -22.68193
     ],
     [
      -48.593327,
      -22.681559
     ],
     [
      -48.593399,
      -22.681169
     ],
     [
      -48.593544,
      -22.680608
     ],
     [
      -48.593616,
      -22.680146
     ],
     [
      -48.59358,
      -22.679557
     ],
     [
      -48.593453,
      -22.678525
     ],
     [
      -48.593354,
      -22.677778
     ],
     [
      -48.593224,
      -22.677315
     ],
     [
      -48.592937,
      -22.676751
     ],
     [
      -48.5924,
      -22.676066
     ],
     [
      -48.592243,
      -22.675695
     ],
     [
      -48.592224,
      -22.675279
     ],
     [
      -48.592363,
      -22.674862
     ],
     [
      -48.592585,
      -22.674483
     ],
     [
      -48.593381,
      -22.673474
     ],
     [
      -48.593613,
      -22.673252
     ],
     [
      -48.593872,
      -22.673039
     ],
     [
      -48.594251,
      -22.672807
     ],
     [
      -48.59464,
      -22.67253
     ],
     [
      -48.594936,
      -22.672289
     ],
     [
      -48.595149,
      -22.672039
     ],
     [
      -48.595399,
      -22.67166
     ],
     [
      -48.595686,
      -22.671326
     ],
     [
      -48.595973,
      -22.671123
     ],
     [
      -48.596491,
      -22.670928
     ],
     [
      -48.597797,
      -22.670401
     ],
     [
      -48.598222,
      -22.670364
     ],
     [
      -48.598565,
      -22.670401
     ],
     [
      -48.598917,
      -22.670549
     ],
     [
      -48.599527,
      -22.670873
     ],
     [
      -48.599851,
      -22.671021
     ],
     [
      -48.600138,
      -22.671077
     ],
     [
      -48.600536,
      -22.671086
     ],
     [
      -48.60087,
      -22.671021
     ],
     [
      -48.601684,
      -22.670854
     ],
     [
      -48.602147,
      -22.670864
     ],
     [
      -48.60261,
      -22.670984
     ],
     [
      -48.603656,
      -22.671345
     ],
     [
      -48.604063,
      -22.67141
     ],
     [
      -48.604442,
      -22.671345
     ],
     [
      -48.604776,
      -22.671206
     ],
     [
      -48.605072,
      -22.670975
     ],
     [
      -48.605266,
      -22.670651
     ],
     [
      -48.605368,
      -22.670253
     ],
     [
      -48.605498,
      -22.669549
     ],
     [
      -48.605627,
      -22.669281
     ],
     [
      -48.605886,
      -22.668966
     ],
     [
      -48.606275,
      -22.668633
     ],
     [
      -48.606553,
      -22.6683
     ],
     [
      -48.606747,
      -22.667948
     ],
     [
      -48.606766,
      -22.667467
     ],
     [
      -48.606719,
      -22.66717
     ],
     [
      -48.606516,
      -22.666865
     ],
     [
      -48.606164,
      -22.666541
     ],
     [
      -48.605803,
      -22.666393
     ],
     [
      -48.605266,
      -22.66631
     ],
     [
      -48.604859,
      -22.666226
     ],
     [
      -48.6046,
      -22.666125
     ],
     [
      -48.60435,
      -22.665902
     ],
     [
      -48.604081,
      -22.665606
     ],
     [
      -48.603943,
      -22.665282
     ],
     [
      -48.603943,
      -22.664875
     ],
     [
      -48.603998,
      -22.664403
     ],
     [
      -48.604063,
      -22.663894
     ],
     [
      -48.604054,
      -22.66344
     ],
     [
      -48.603813,
      -22.663052
     ],
     [
      -48.603508,
      -22.662737
     ],
     [
      -48.6031,
      -22.662505
     ],
     [
      -48.602804,
      -22.662339
     ],
     [
      -48.602499,
      -22.662089
     ],
     [
      -48.602064,
      -22.661682
     ],
     [
      -48.601212,
      -22.660728
     ],
     [
      -48.600981,
      -22.660358
     ],
     [
      -48.600879,
      -22.660016
     ],
     [
      -48.60086,
      -22.659655
     ],
     [
      -48.600851,
      -22.65909
     ],
     [
      -48.600758,
      -22.658275
     ],
     [
      -48.600626,
      -22.657559
     ],
     [
      -48.600405,
      -22.656944
     ],
     [
      -48.600131,
      -22.656489
     ],
     [
      -48.599522,
      -22.655626
     ],
     [
      -48.599027,
      -22.654924
     ],
     [
      -48.597763,
      -22.653078
     ],
     [
      -48.597429,
      -22.652563
     ],
     [
      -48.597201,
      -22.652034
     ],
     [
      -48.597101,
      -22.651553
     ],
     [
      -48.597074,
      -22.650743
     ],
     [
      -48.597141,
      -22.64968
     ],
     [
      -48.597288,
      -22.64879
     ],
     [
      -48.597449,
      -22.648409
     ],
     [
      -48.59791,
      -22.64786
     ],
     [
      -48.598358,
      -22.647419
     ],
     [
      -48.598713,
      -22.647252
     ],
     [
      -48.599061,
      -22.647165
     ],
     [
      -48.599422,
      -22.647171
     ],
     [
      -48.599984,
      -22.647258
     ],
     [
      -48.600967,
      -22.647345
     ],
     [
      -48.601322,
      -22.647278
     ],
     [
      -48.601703,
      -22.647084
     ],
     [
      -48.602612,
      -22.646569
     ],
     [
      -48.602987,
      -22.646295
     ],
     [
      -48.602997,
      -22.646282
     ],
     [
      -48.603228,
      -22.645981
     ],
     [
      -48.603449,
      -22.645486
     ],
     [
      -48.60375,
      -22.644549
     ],
     [
      -48.604479,
      -22.642395
     ],
     [
      -48.604686,
      -22.642088
     ],
     [
      -48.604954,
      -22.64188
     ],
     [
      -48.605201,
      -22.641707
     ],
     [
      -48.605549,
      -22.641593
     ],
     [
      -48.60593,
      -22.641579
     ],
     [
      -48.606425,
      -22.641653
     ],
     [
      -48.606967,
      -22.641693
     ],
     [
      -48.607288,
      -22.641673
     ],
     [
      -48.607736,
      -22.641546
     ],
     [
      -48.608224,
      -22.641359
     ],
     [
      -48.608639,
      -22.641178
     ],
     [
      -48.609067,
      -22.641058
     ],
     [
      -48.609674,
      -22.64097
     ],
     [
      -48.610171,
      -22.640871
     ],
     [
      -48.610582,
      -22.640681
     ],
     [
      -48.610978,
      -22.640481
     ],
     [
      -48.611642,
      -22.640022
     ],
     [
      -48.612877,
      -22.639037
     ],
     [
      -48.61335,
      -22.638695
     ],
     [
      -48.61374,
      -22.638513
     ],
     [
      -48.614126,
      -22.638448
     ],
     [
      -48.614412,
      -22.638465
     ],
     [
      -48.614711,
      -22.638539
     ],
     [
      -48.615006,
      -22.638678
     ],
     [
      -48.615505,
      -22.638938
     ],
     [
      -48.615891,
      -22.639124
     ],
     [
      -48.616285,
      -22.639194
     ],
     [
      -48.616576,
      -22.639159
     ],
     [
      -48.616918,
      -22.639033
     ],
     [
      -48.6172,
      -22.638812
     ],
     [
      -48.617434,
      -22.638508
     ],
     [
      -48.617538,
      -22.638196
     ],
     [
      -48.617556,
      -22.637871
     ],
     [
      -48.617525,
      -22.637177
     ],
     [
      -48.617564,
      -22.636922
     ],
     [
      -48.617625,
      -22.636683
     ],
     [
      -48.617751,
      -22.636479
     ],
     [
      -48.617959,
      -22.636206
     ],
     [
      -48.618171,
      -22.636015
     ],
     [
      -48.618601,
      -22.635573
     ],
     [
      -48.618765,
      -22.635317
     ],
     [
      -48.61887,
      -22.635092
     ],
     [
      -48.618948,
      -22.634823
     ],
     [
      -48.619,
      -22.634459
     ],
     [
      -48.619134,
      -22.633262
     ],
     [
      -48.619151,
      -22.632863
     ],
     [
      -48.619078,
      -22.632525
     ],
     [
      -48.618935,
      -22.632269
     ],
     [
      -48.618709,
      -22.632
     ],
     [
      -48.617972,
      -22.631272
     ],
     [
      -48.617829,
      -22.631051
     ],
     [
      -48.617734,
      -22.630669
     ],
     [
      -48.617725,
      -22.630331
     ],
     [
      -48.617781,
      -22.630071
     ],
     [
      -48.617929,
      -22.629776
     ],
     [
      -48.618089,
      -22.629559
     ],
     [
      -48.618332,
      -22.629382
     ],
     [
      -48.618567,
      -22.629259
     ],
     [
      -48.61864,
      -22.629221
     ],
     [
      -48.619052,
      -22.629082
     ],
     [
      -48.619563,
      -22.628896
     ],
     [
      -48.619897,
      -22.628723
     ],
     [
      -48.620205,
      -22.628488
     ],
     [
      -48.620491,
      -22.628202
     ],
     [
      -48.620751,
      -22.627877
     ],
     [
      -48.621007,
      -22.627517
     ],
     [
      -48.621627,
      -22.626524
     ],
     [
      -48.621868,
      -22.626199
     ],
     [
      -48.622054,
      -22.626017
     ],
     [
      -48.622336,
      -22.625783
     ],
     [
      -48.622896,
      -22.625328
     ],
     [
      -48.623052,
      -22.625098
     ],
     [
      -48.623086,
      -22.625021
     ],
     [
      -48.623169,
      -22.624833
     ],
     [
      -48.623225,
      -22.624595
     ],
     [
      -48.623242,
      -22.624361
     ],
     [
      -48.623199,
      -22.624018
     ],
     [
      -48.623138,
      -22.623342
     ],
     [
      -48.62316,
      -22.623004
     ],
     [
      -48.623247,
      -22.622731
     ],
     [
      -48.623394,
      -22.622453
     ],
     [
      -48.623594,
      -22.622137
     ],
     [
      -48.624665,
      -22.620433
     ],
     [
      -48.624868,
      -22.62019
     ],
     [
      -48.625129,
      -22.619973
     ],
     [
      -48.625662,
      -22.619513
     ],
     [
      -48.625931,
      -22.619275
     ],
     [
      -48.62616,
      -22.619023
     ],
     [
      -48.626655,
      -22.618408
     ],
     [
      -48.626841,
      -22.618161
     ],
     [
      -48.62698,
      -22.617909
     ],
     [
      -48.627084,
      -22.61764
     ],
     [
      -48.627162,
      -22.617324
     ],
     [
      -48.627479,
      -22.615451
     ],
     [
      -48.627461,
      -22.615069
     ],
     [
      -48.627383,
      -22.614757
     ],
     [
      -48.627218,
      -22.614319
     ],
     [
      -48.627002,
      -22.613833
     ],
     [
      -48.626932,
      -22.613465
     ],
     [
      -48.626937,
      -22.613109
     ],
     [
      -48.627028,
      -22.612767
     ],
     [
      -48.627162,
      -22.612455
     ],
     [
      -48.627496,
      -22.611735
     ],
     [
      -48.627682,
      -22.611475
     ],
     [
      -48.627882,
      -22.611262
     ],
     [
      -48.628224,
      -22.610937
     ],
     [
      -48.628788,
      -22.610421
     ],
     [
      -48.629087,
      -22.610213
     ],
     [
      -48.629395,
      -22.610096
     ],
     [
      -48.629729,
      -22.610035
     ],
     [
      -48.630128,
      -22.610027
     ],
     [
      -48.630479,
      -22.610087
     ],
     [
      -48.630947,
      -22.610196
     ],
     [
      -48.631905,
      -22.610464
     ],
     [
      -48.6323,
      -22.610625
     ],
     [
      -48.632495,
      -22.610777
     ],
     [
      -48.633453,
      -22.611314
     ],
     [
      -48.633852,
      -22.611366
     ],
     [
      -48.634294,
      -22.611301
     ],
     [
      -48.634559,
      -22.611197
     ],
     [
      -48.634854,
      -22.610976
     ],
     [
      -48.634993,
      -22.610746
     ],
     [
      -48.63514,
      -22.610382
     ],
     [
      -48.635127,
      -22.610018
     ],
     [
      -48.635032,
      -22.609714
     ],
     [
      -48.634828,
      -22.609437
     ],
     [
      -48.634381,
      -22.608917
     ],
     [
      -48.634208,
      -22.608639
     ],
     [
      -48.634112,
      -22.608331
     ],
     [
      -48.634086,
      -22.60798
     ],
     [
      -48.634151,
      -22.60762
     ],
     [
      -48.634277,
      -22.607139
     ],
     [
      -48.634297,
      -22.607086
     ],
     [
      -48.634581,
      -22.606328
     ],
     [
      -48.634845,
      -22.605955
     ],
     [
      -48.635079,
      -22.605704
     ],
     [
      -48.635296,
      -22.605496
     ],
     [
      -48.635747,
      -22.605205
     ],
     [
      -48.637924,
      -22.60374
     ],
     [
      -48.638509,
      -22.603449
     ],
     [
      -48.63889,
      -22.603315
     ],
     [
      -48.639424,
      -22.603102
     ],
     [
      -48.639762,
      -22.602972
     ],
     [
      -48.640161,
      -22.602738
     ],
     [
      -48.641631,
      -22.601784
     ],
     [
      -48.641882,
      -22.601667
     ],
     [
      -48.642164,
      -22.601589
     ],
     [
      -48.642533,
      -22.601567
     ],
     [
      -48.642944,
      -22.601667
     ],
     [
      -48.6433,
      -22.601854
     ],
     [
      -48.643573,
      -22.602101
     ],
     [
      -48.643734,
      -22.602383
     ],
     [
      -48.643842,
      -22.602682
     ],
     [
      -48.643924,
      -22.602998
     ],
     [
      -48.643998,
      -22.60341
     ],
     [
      -48.644102,
      -22.603675
     ],
     [
      -48.644263,
      -22.603969
     ],
     [
      -48.644822,
      -22.604589
     ],
     [
      -48.645234,
      -22.604915
     ],
     [
      -48.645711,
      -22.605114
     ],
     [
      -48.646131,
      -22.605179
     ],
     [
      -48.646478,
      -22.60517
     ],
     [
      -48.647402,
      -22.605049
     ],
     [
      -48.647809,
      -22.605071
     ],
     [
      -48.648126,
      -22.605157
     ],
     [
      -48.648477,
      -22.605348
     ],
     [
      -48.649197,
      -22.605738
     ],
     [
      -48.649509,
      -22.605821
     ],
     [
      -48.649843,
      -22.605834
     ],
     [
      -48.650142,
      -22.605782
     ],
     [
      -48.650471,
      -22.605652
     ],
     [
      -48.65074,
      -22.605435
     ],
     [
      -48.651,
      -22.605131
     ],
     [
      -48.651174,
      -22.604689
     ],
     [
      -48.651195,
      -22.604247
     ],
     [
      -48.651074,
      -22.6039
     ],
     [
      -48.650532,
      -22.602807
     ],
     [
      -48.65032,
      -22.602296
     ],
     [
      -48.650185,
      -22.601854
     ],
     [
      -48.649968,
      -22.601047
     ],
     [
      -48.64986,
      -22.600483
     ],
     [
      -48.649869,
      -22.600067
     ],
     [
      -48.649947,
      -22.599608
     ],
     [
      -48.650025,
      -22.599274
     ],
     [
      -48.650268,
      -22.59871
     ],
     [
      -48.650532,
      -22.598355
     ],
     [
      -48.650883,
      -22.598068
     ],
     [
      -48.651235,
      -22.597886
     ],
     [
      -48.651659,
      -22.597748
     ],
     [
      -48.652457,
      -22.597548
     ],
     [
      -48.652691,
      -22.59744
     ],
     [
      -48.65306,
      -22.597188
     ],
     [
      -48.654005,
      -22.596573
     ],
     [
      -48.654291,
      -22.596434
     ],
     [
      -48.654625,
      -22.596304
     ],
     [
      -48.655323,
      -22.59607
     ],
     [
      -48.657001,
      -22.595376
     ],
     [
      -48.657305,
      -22.595207
     ],
     [
      -48.657569,
      -22.595038
     ],
     [
      -48.658207,
      -22.594582
     ],
     [
      -48.658766,
      -22.594183
     ],
     [
      -48.659173,
      -22.593967
     ],
     [
      -48.659486,
      -22.593841
     ],
     [
      -48.659971,
      -22.593711
     ],
     [
      -48.6604,
      -22.593676
     ],
     [
      -48.660895,
      -22.593711
     ],
     [
      -48.661233,
      -22.593763
     ],
     [
      -48.661597,
      -22.59388
     ],
     [
      -48.66416,
      -22.594825
     ],
     [
      -48.666731,
      -22.595809
     ],
     [
      -48.668205,
      -22.596382
     ],
     [
      -48.66856,
      -22.596573
     ],
     [
      -48.668864,
      -22.596789
     ],
     [
      -48.669172,
      -22.597084
     ],
     [
      -48.669371,
      -22.597362
     ],
     [
      -48.669558,
      -22.597735
     ],
     [
      -48.669718,
      -22.598181
     ],
     [
      -48.670065,
      -22.59943
     ],
     [
      -48.670217,
      -22.599837
     ],
     [
      -48.670438,
      -22.600184
     ],
     [
      -48.670832,
      -22.600501
     ],
     [
      -48.671184,
      -22.600614
     ],
     [
      -48.671543,
      -22.600622
     ],
     [
      -48.671886,
      -22.600548
     ],
     [
      -48.67225,
      -22.600336
     ],
     [
      -48.672519,
      -22.600033
     ],
     [
      -48.672684,
      -22.599699
     ],
     [
      -48.672844,
      -22.599261
     ],
     [
      -48.672966,
      -22.598914
     ],
     [
      -48.673143,
      -22.597917
     ],
     [
      -48.673417,
      -22.596282
     ],
     [
      -48.673577,
      -22.595796
     ],
     [
      -48.673802,
      -22.595358
     ],
     [
      -48.674314,
      -22.594582
     ],
     [
      -48.674726,
      -22.594127
     ],
     [
      -48.675129,
      -22.593815
     ],
     [
      -48.676222,
      -22.593013
     ],
     [
      -48.676994,
      -22.592432
     ],
     [
      -48.677215,
      -22.592228
     ],
     [
      -48.677713,
      -22.591673
     ],
     [
      -48.678112,
      -22.591335
     ],
     [
      -48.678364,
      -22.591218
     ],
     [
      -48.678663,
      -22.591153
     ],
     [
      -48.678949,
      -22.591135
     ],
     [
      -48.67917,
      -22.591166
     ],
     [
      -48.679521,
      -22.591257
     ],
     [
      -48.680354,
      -22.591521
     ],
     [
      -48.680944,
      -22.591617
     ],
     [
      -48.681442,
      -22.591625
     ],
     [
      -48.681975,
      -22.591569
     ],
     [
      -48.682504,
      -22.59156
     ],
     [
      -48.682981,
      -22.591591
     ],
     [
      -48.683441,
      -22.591695
     ],
     [
      -48.683935,
      -22.591846
     ],
     [
      -48.684503,
      -22.592072
     ],
     [
      -48.684863,
      -22.592319
     ],
     [
      -48.685128,
      -22.592605
     ],
     [
      -48.685297,
      -22.592883
     ],
     [
      -48.685409,
      -22.593178
     ],
     [
      -48.685519,
      -22.593438
     ],
     [
      -48.685623,
      -22.59381
     ],
     [
      -48.685728,
      -22.594226
     ],
     [
      -48.685888,
      -22.594472
     ],
     [
      -48.686146,
      -22.594725
     ],
     [
      -48.68646,
      -22.594895
     ],
     [
      -48.686697,
      -22.594963
     ],
     [
      -48.687077,
      -22.595037
     ],
     [
      -48.687387,
      -22.595028
     ],
     [
      -48.68775,
      -22.595007
     ],
     [
      -48.688005,
      -22.594979
     ],
     [
      -48.688637,
      -22.59486
     ],
     [
      -48.689105,
      -22.594746
     ],
     [
      -48.689427,
      -22.594662
     ],
     [
      -48.689829,
      -22.594622
     ],
     [
      -48.690296,
      -22.594632
     ],
     [
      -48.691722,
      -22.594736
     ],
     [
      -48.691986,
      -22.594761
     ],
     [
      -48.692254,
      -22.594746
     ],
     [
      -48.69251,
      -22.594696
     ],
     [
      -48.692784,
      -22.594602
     ],
     [
      -48.693107,
      -22.594429
     ],
     [
      -48.693412,
      -22.594216
     ],
     [
      -48.694672,
      -22.593215
     ],
     [
      -48.694892,
      -22.593072
     ],
     [
      -48.695128,
      -22.592958
     ],
     [
      -48.695403,
      -22.592879
     ],
     [
      -48.695676,
      -22.592839
     ],
     [
      -48.696013,
      -22.592829
     ],
     [
      -48.696315,
      -22.592869
     ],
     [
      -48.69656,
      -22.592943
     ],
     [
      -48.696787,
      -22.593032
     ],
     [
      -48.697007,
      -22.593146
     ],
     [
      -48.697199,
      -22.5933
     ],
     [
      -48.697387,
      -22.593468
     ],
     [
      -48.697553,
      -22.593681
     ],
     [
      -48.698074,
      -22.594617
     ],
     [
      -48.698208,
      -22.594766
     ],
     [
      -48.698343,
      -22.594895
     ],
     [
      -48.698509,
      -22.595009
     ],
     [
      -48.69868,
      -22.595088
     ],
     [
      -48.698862,
      -22.595147
     ],
     [
      -48.699103,
      -22.595187
     ],
     [
      -48.700351,
      -22.595237
     ],
     [
      -48.700646,
      -22.595248
     ],
     [
      -48.701298,
      -22.595291
     ],
     [
      -48.701765,
      -22.595296
     ],
     [
      -48.70199,
      -22.595281
     ],
     [
      -48.702242,
      -22.595227
     ],
     [
      -48.702462,
      -22.595142
     ],
     [
      -48.70265,
      -22.595053
     ],
     [
      -48.702805,
      -22.594949
     ],
     [
      -48.704876,
      -22.593211
     ],
     [
      -48.705121,
      -22.593006
     ],
     [
      -48.705386,
      -22.592835
     ],
     [
      -48.705632,
      -22.592763
     ],
     [
      -48.705876,
      -22.592715
     ],
     [
      -48.706132,
      -22.592737
     ],
     [
      -48.706416,
      -22.592786
     ],
     [
      -48.706696,
      -22.592894
     ],
     [
      -48.707148,
      -22.593047
     ],
     [
      -48.707433,
      -22.59315
     ],
     [
      -48.707759,
      -22.59321
     ],
     [
      -48.710881,
      -22.593565
     ],
     [
      -48.711215,
      -22.593602
     ],
     [
      -48.711571,
      -22.593682
     ],
     [
      -48.711945,
      -22.593806
     ],
     [
      -48.712388,
      -22.593942
     ],
     [
      -48.712924,
      -22.594119
     ],
     [
      -48.713207,
      -22.594204
     ],
     [
      -48.713546,
      -22.594393
     ],
     [
      -48.714138,
      -22.594813
     ],
     [
      -48.714769,
      -22.595266
     ],
     [
      -48.715767,
      -22.595913
     ],
     [
      -48.71627,
      -22.596218
     ],
     [
      -48.716674,
      -22.596451
     ],
     [
      -48.717126,
      -22.596675
     ],
     [
      -48.717628,
      -22.596892
     ],
     [
      -48.718165,
      -22.597068
     ],
     [
      -48.718626,
      -22.597175
     ],
     [
      -48.71919,
      -22.597289
     ],
     [
      -48.719758,
      -22.597356
     ],
     [
      -48.720354,
      -22.597399
     ],
     [
      -48.722705,
      -22.597327
     ],
     [
      -48.726467,
      -22.597173
     ],
     [
      -48.727453,
      -22.597111
     ],
     [
      -48.72809,
      -22.597122
     ],
     [
      -48.728529,
      -22.597152
     ],
     [
      -48.729015,
      -22.597204
     ],
     [
      -48.729708,
      -22.597325
     ],
     [
      -48.733173,
      -22.598243
     ],
     [
      -48.733727,
      -22.598376
     ],
     [
      -48.734118,
      -22.598446
     ],
     [
      -48.734441,
      -22.598568
     ],
     [
      -48.734594,
      -22.598669
     ],
     [
      -48.735036,
      -22.598963
     ],
     [
      -48.736207,
      -22.599717
     ],
     [
      -48.736518,
      -22.599928
     ],
     [
      -48.736758,
      -22.600049
     ],
     [
      -48.737021,
      -22.600142
     ],
     [
      -48.738426,
      -22.600447
     ],
     [
      -48.738821,
      -22.600525
     ],
     [
      -48.739062,
      -22.600554
     ],
     [
      -48.739231,
      -22.600532
     ],
     [
      -48.739439,
      -22.600485
     ],
     [
      -48.739642,
      -22.600416
     ],
     [
      -48.739851,
      -22.600298
     ],
     [
      -48.740018,
      -22.600139
     ],
     [
      -48.74018,
      -22.599917
     ],
     [
      -48.740307,
      -22.599689
     ],
     [
      -48.740425,
      -22.599466
     ],
     [
      -48.740597,
      -22.599228
     ],
     [
      -48.740785,
      -22.599
     ],
     [
      -48.740983,
      -22.598842
     ],
     [
      -48.741151,
      -22.598733
     ],
     [
      -48.741365,
      -22.598649
     ],
     [
      -48.741649,
      -22.598589
     ],
     [
      -48.741869,
      -22.598584
     ],
     [
      -48.742143,
      -22.598629
     ],
     [
      -48.742383,
      -22.598703
     ],
     [
      -48.742582,
      -22.598827
     ],
     [
      -48.74284,
      -22.599045
     ],
     [
      -48.743145,
      -22.599401
     ],
     [
      -48.74343,
      -22.599684
     ],
     [
      -48.743629,
      -22.599823
     ],
     [
      -48.743805,
      -22.599926
     ],
     [
      -48.743998,
      -22.599996
     ],
     [
      -48.744192,
      -22.600031
     ],
     [
      -48.744375,
      -22.60005
     ],
     [
      -48.744589,
      -22.60005
     ],
     [
      -48.744804,
      -22.600016
     ],
     [
      -48.745066,
      -22.599921
     ],
     [
      -48.745323,
      -22.599768
     ],
     [
      -48.745576,
      -22.59957
     ],
     [
      -48.745839,
      -22.599347
     ],
     [
      -48.746101,
      -22.599144
     ],
     [
      -48.7463,
      -22.599015
     ],
     [
      -48.747405,
      -22.598371
     ],
     [
      -48.747726,
      -22.598178
     ],
     [
      -48.747985,
      -22.59802
     ],
     [
      -48.74828,
      -22.597871
     ],
     [
      -48.748548,
      -22.597742
     ],
     [
      -48.748827,
      -22.597653
     ],
     [
      -48.74924,
      -22.597544
     ],
     [
      -48.749571,
      -22.597436
     ],
     [
      -48.75003,
      -22.59733
     ],
     [
      -48.750389,
      -22.597278
     ],
     [
      -48.750757,
      -22.59727
     ],
     [
      -48.751255,
      -22.597305
     ],
     [
      -48.752048,
      -22.597384
     ],
     [
      -48.752708,
      -22.597459
     ],
     [
      -48.753103,
      -22.597528
     ],
     [
      -48.753564,
      -22.597545
     ],
     [
      -48.753899,
      -22.597527
     ],
     [
      -48.754218,
      -22.597471
     ],
     [
      -48.75462,
      -22.597404
     ],
     [
      -48.755044,
      -22.597335
     ],
     [
      -48.755468,
      -22.597297
     ],
     [
      -48.755801,
      -22.597341
     ],
     [
      -48.756117,
      -22.597336
     ],
     [
      -48.756412,
      -22.597356
     ],
     [
      -48.756686,
      -22.597406
     ],
     [
      -48.756933,
      -22.597465
     ],
     [
      -48.75719,
      -22.597544
     ],
     [
      -48.757678,
      -22.597733
     ],
     [
      -48.757903,
      -22.597792
     ],
     [
      -48.758145,
      -22.597837
     ],
     [
      -48.758413,
      -22.597842
     ],
     [
      -48.758665,
      -22.597797
     ],
     [
      -48.759481,
      -22.597604
     ],
     [
      -48.75976,
      -22.597549
     ],
     [
      -48.760007,
      -22.597554
     ],
     [
      -48.760209,
      -22.597589
     ],
     [
      -48.760402,
      -22.597643
     ],
     [
      -48.760602,
      -22.597733
     ],
     [
      -48.760763,
      -22.597851
     ],
     [
      -48.760917,
      -22.59798
     ],
     [
      -48.761503,
      -22.598594
     ],
     [
      -48.761786,
      -22.598857
     ],
     [
      -48.762045,
      -22.599045
     ],
     [
      -48.762313,
      -22.599199
     ],
     [
      -48.762602,
      -22.599312
     ],
     [
      -48.762935,
      -22.599407
     ],
     [
      -48.763283,
      -22.599486
     ],
     [
      -48.76359,
      -22.599525
     ],
     [
      -48.763853,
      -22.599535
     ],
     [
      -48.764159,
      -22.599506
     ],
     [
      -48.764544,
      -22.599416
     ],
     [
      -48.764979,
      -22.599298
     ],
     [
      -48.765328,
      -22.599208
     ],
     [
      -48.765639,
      -22.599179
     ],
     [
      -48.765928,
      -22.599178
     ],
     [
      -48.766337,
      -22.599253
     ],
     [
      -48.766857,
      -22.599377
     ],
     [
      -48.767195,
      -22.599431
     ],
     [
      -48.767392,
      -22.599454
     ],
     [
      -48.767468,
      -22.599451
     ],
     [
      -48.767726,
      -22.599411
     ],
     [
      -48.767957,
      -22.599342
     ],
     [
      -48.768218,
      -22.599223
     ],
     [
      -48.768418,
      -22.59909
     ],
     [
      -48.768665,
      -22.598842
     ],
     [
      -48.768906,
      -22.598599
     ],
     [
      -48.769146,
      -22.598401
     ],
     [
      -48.769415,
      -22.598233
     ],
     [
      -48.769764,
      -22.598054
     ],
     [
      -48.770097,
      -22.597886
     ],
     [
      -48.770285,
      -22.597762
     ],
     [
      -48.770477,
      -22.597559
     ],
     [
      -48.770628,
      -22.597361
     ],
     [
      -48.770741,
      -22.597143
     ],
     [
      -48.770821,
      -22.596881
     ],
     [
      -48.770918,
      -22.596504
     ],
     [
      -48.771004,
      -22.596286
     ],
     [
      -48.771127,
      -22.596078
     ],
     [
      -48.771293,
      -22.595895
     ],
     [
      -48.771578,
      -22.595682
     ],
     [
      -48.771894,
      -22.595509
     ],
     [
      -48.773686,
      -22.594687
     ],
     [
      -48.774013,
      -22.594528
     ],
     [
      -48.774303,
      -22.594355
     ],
     [
      -48.774486,
      -22.594182
     ],
     [
      -48.774614,
      -22.593989
     ],
     [
      -48.774743,
      -22.593761
     ],
     [
      -48.774818,
      -22.593464
     ],
     [
      -48.774839,
      -22.593157
     ],
     [
      -48.774818,
      -22.592676
     ],
     [
      -48.774802,
      -22.592201
     ],
     [
      -48.774832,
      -22.592054
     ],
     [
      -48.774866,
      -22.591928
     ],
     [
      -48.774957,
      -22.591755
     ],
     [
      -48.775064,
      -22.591601
     ],
     [
      -48.775182,
      -22.591483
     ],
     [
      -48.775343,
      -22.591354
     ],
     [
      -48.775515,
      -22.591255
     ],
     [
      -48.775769,
      -22.591156
     ],
     [
      -48.776035,
      -22.591116
     ],
     [
      -48.776305,
      -22.591096
     ],
     [
      -48.776631,
      -22.591101
     ],
     [
      -48.776947,
      -22.591086
     ],
     [
      -48.7772,
      -22.591071
     ],
     [
      -48.777403,
      -22.591017
     ],
     [
      -48.777623,
      -22.590918
     ],
     [
      -48.777859,
      -22.590799
     ],
     [
      -48.779388,
      -22.589868
     ],
     [
      -48.780222,
      -22.589421
     ],
     [
      -48.780445,
      -22.589254
     ],
     [
      -48.780757,
      -22.58911
     ],
     [
      -48.781074,
      -22.589041
     ],
     [
      -48.781529,
      -22.588981
     ],
     [
      -48.781991,
      -22.588957
     ],
     [
      -48.782532,
      -22.588957
     ],
     [
      -48.782956,
      -22.588986
     ],
     [
      -48.783477,
      -22.589066
     ],
     [
      -48.783928,
      -22.589155
     ],
     [
      -48.784368,
      -22.589274
     ],
     [
      -48.785123,
      -22.589526
     ],
     [
      -48.788624,
      -22.590795
     ],
     [
      -48.789578,
      -22.591134
     ],
     [
      -48.789837,
      -22.591227
     ],
     [
      -48.790076,
      -22.591326
     ],
     [
      -48.79027,
      -22.591423
     ],
     [
      -48.790503,
      -22.591544
     ],
     [
      -48.790914,
      -22.591819
     ],
     [
      -48.791838,
      -22.592485
     ],
     [
      -48.792051,
      -22.592646
     ],
     [
      -48.793593,
      -22.593934
     ],
     [
      -48.794673,
      -22.594741
     ],
     [
      -48.795054,
      -22.594964
     ],
     [
      -48.795185,
      -22.595015
     ],
     [
      -48.795358,
      -22.595083
     ],
     [
      -48.795649,
      -22.595162
     ],
     [
      -48.795955,
      -22.595202
     ],
     [
      -48.796286,
      -22.595207
     ],
     [
      -48.796583,
      -22.595178
     ],
     [
      -48.796747,
      -22.595162
     ],
     [
      -48.797489,
      -22.595068
     ],
     [
      -48.79885,
      -22.594885
     ]
    ]
   }
  },
  {
   "type": "Feature",
   "properties": {
    "id": "sor-lencois-bom-jardim",
    "method": "osm-current",
    "osm_ways": [
     168081502
    ],
    "bridged_gap_m": 0,
    "generated": "2026-10-05"
   },
   "geometry": {
    "type": "LineString",
    "coordinates": [
     [
      -48.79885,
      -22.594885
     ],
     [
      -48.799092,
      -22.594831
     ],
     [
      -48.799317,
      -22.594741
     ],
     [
      -48.799478,
      -22.594647
     ],
     [
      -48.799682,
      -22.594499
     ],
     [
      -48.800047,
      -22.594221
     ],
     [
      -48.80047,
      -22.593939
     ],
     [
      -48.800787,
      -22.5938
     ],
     [
      -48.801109,
      -22.593688
     ],
     [
      -48.801382,
      -22.593592
     ],
     [
      -48.802026,
      -22.593315
     ],
     [
      -48.802541,
      -22.593077
     ],
     [
      -48.803319,
      -22.592656
     ],
     [
      -48.804209,
      -22.592275
     ],
     [
      -48.804982,
      -22.591993
     ],
     [
      -48.806163,
      -22.591596
     ],
     [
      -48.807068,
      -22.591339
     ],
     [
      -48.807837,
      -22.5912
     ],
     [
      -48.809184,
      -22.591017
     ],
     [
      -48.811517,
      -22.59068
     ],
     [
      -48.812958,
      -22.590433
     ],
     [
      -48.81369,
      -22.590299
     ],
     [
      -48.814439,
      -22.590101
     ],
     [
      -48.815036,
      -22.589888
     ],
     [
      -48.815635,
      -22.589595
     ],
     [
      -48.816129,
      -22.589323
     ],
     [
      -48.823093,
      -22.5846
     ],
     [
      -48.825436,
      -22.583013
     ],
     [
      -48.82833,
      -22.581001
     ],
     [
      -48.829677,
      -22.580011
     ],
     [
      -48.830655,
      -22.578989
     ],
     [
      -48.831275,
      -22.578024
     ],
     [
      -48.831745,
      -22.576878
     ],
     [
      -48.832102,
      -22.575468
     ],
     [
      -48.832773,
      -22.572698
     ],
     [
      -48.8337,
      -22.568957
     ],
     [
      -48.834503,
      -22.565692
     ],
     [
      -48.834541,
      -22.565542
     ],
     [
      -48.835067,
      -22.56348
     ],
     [
      -48.835399,
      -22.562778
     ],
     [
      -48.835643,
      -22.562308
     ],
     [
      -48.83647,
      -22.561249
     ],
     [
      -48.837097,
      -22.560616
     ],
     [
      -48.838143,
      -22.559858
     ],
     [
      -48.839184,
      -22.559331
     ],
     [
      -48.840255,
      -22.558968
     ],
     [
      -48.841308,
      -22.558774
     ],
     [
      -48.842273,
      -22.558736
     ],
     [
      -48.843069,
      -22.558774
     ],
     [
      -48.847186,
      -22.559106
     ],
     [
      -48.849035,
      -22.55925
     ],
     [
      -48.849523,
      -22.559225
     ],
     [
      -48.85005,
      -22.55915
     ],
     [
      -48.850526,
      -22.558943
     ],
     [
      -48.851015,
      -22.558629
     ],
     [
      -48.851349,
      -22.558317
     ],
     [
      -48.851591,
      -22.558072
     ],
     [
      -48.853897,
      -22.555189
     ],
     [
      -48.854982,
      -22.553904
     ],
     [
      -48.855376,
      -22.553472
     ],
     [
      -48.855859,
      -22.553021
     ],
     [
      -48.857883,
      -22.551398
     ],
     [
      -48.860137,
      -22.549558
     ],
     [
      -48.86145,
      -22.54849
     ],
     [
      -48.863352,
      -22.54695
     ],
     [
      -48.863841,
      -22.54666
     ],
     [
      -48.864575,
      -22.54628
     ],
     [
      -48.86703,
      -22.545139
     ],
     [
      -48.871495,
      -22.543037
     ],
     [
      -48.872301,
      -22.542584
     ],
     [
      -48.872898,
      -22.542186
     ],
     [
      -48.87394,
      -22.541307
     ],
     [
      -48.874817,
      -22.540377
     ],
     [
      -48.875602,
      -22.539173
     ],
     [
      -48.876084,
      -22.538376
     ],
     [
      -48.876221,
      -22.538136
     ],
     [
      -48.87681,
      -22.537107
     ],
     [
      -48.877347,
      -22.53621
     ],
     [
      -48.877635,
      -22.535824
     ],
     [
      -48.877968,
      -22.535438
     ],
     [
      -48.881365,
      -22.531687
     ],
     [
      -48.884278,
      -22.528421
     ],
     [
      -48.884625,
      -22.528009
     ],
     [
      -48.886169,
      -22.526268
     ]
    ]
   }
  },
  {
   "type": "Feature",
   "properties": {
    "id": "sor-bom-jardim-agudos",
    "method": "osm-current",
    "osm_ways": [
     168081502
    ],
    "bridged_gap_m": 0,
    "generated": "2026-10-05"
   },
   "geometry": {
    "type": "LineString",
    "coordinates": [
     [
      -48.886169,
      -22.526268
     ],
     [
      -48.886686,
      -22.525692
     ],
     [
      -48.887131,
      -22.525221
     ],
     [
      -48.888696,
      -22.523847
     ],
     [
      -48.892839,
      -22.520227
     ],
     [
      -48.89384,
      -22.51935
     ],
     [
      -48.894383,
      -22.518905
     ],
     [
      -48.894946,
      -22.518532
     ],
     [
      -48.895489,
      -22.518192
     ],
     [
      -48.896543,
      -22.517694
     ],
     [
      -48.898932,
      -22.516641
     ],
     [
      -48.902342,
      -22.515181
     ],
     [
      -48.907676,
      -22.512949
     ],
     [
      -48.912107,
      -22.511084
     ],
     [
      -48.917847,
      -22.508629
     ],
     [
      -48.921736,
      -22.506995
     ],
     [
      -48.922166,
      -22.506811
     ],
     [
      -48.922578,
      -22.506631
     ],
     [
      -48.923169,
      -22.506295
     ],
     [
      -48.924186,
      -22.50569
     ],
     [
      -48.926981,
      -22.504054
     ],
     [
      -48.930495,
      -22.501968
     ],
     [
      -48.935223,
      -22.499199
     ],
     [
      -48.939581,
      -22.49666
     ],
     [
      -48.947542,
      -22.491968
     ],
     [
      -48.948194,
      -22.491578
     ],
     [
      -48.948438,
      -22.491433
     ],
     [
      -48.94868,
      -22.491309
     ],
     [
      -48.949136,
      -22.491108
     ],
     [
      -48.949656,
      -22.490963
     ],
     [
      -48.95049,
      -22.490742
     ],
     [
      -48.951534,
      -22.490481
     ],
     [
      -48.952685,
      -22.490198
     ],
     [
      -48.953808,
      -22.489908
     ],
     [
      -48.954163,
      -22.489798
     ],
     [
      -48.954619,
      -22.489632
     ],
     [
      -48.955259,
      -22.489358
     ],
     [
      -48.955834,
      -22.489032
     ],
     [
      -48.956443,
      -22.488654
     ],
     [
      -48.95711,
      -22.488191
     ],
     [
      -48.958066,
      -22.487478
     ],
     [
      -48.962555,
      -22.48416
     ],
     [
      -48.963127,
      -22.483726
     ],
     [
      -48.963817,
      -22.483246
     ],
     [
      -48.964473,
      -22.482827
     ],
     [
      -48.965193,
      -22.482394
     ],
     [
      -48.968578,
      -22.480319
     ],
     [
      -48.969482,
      -22.479784
     ],
     [
      -48.969884,
      -22.479573
     ],
     [
      -48.970356,
      -22.479346
     ],
     [
      -48.971276,
      -22.47904
     ],
     [
      -48.972329,
      -22.478826
     ],
     [
      -48.973435,
      -22.47875
     ],
     [
      -48.97409,
      -22.478769
     ],
     [
      -48.977058,
      -22.478932
     ],
     [
      -48.978741,
      -22.479033
     ],
     [
      -48.979364,
      -22.479035
     ],
     [
      -48.98005,
      -22.478989
     ],
     [
      -48.980566,
      -22.478895
     ],
     [
      -48.981568,
      -22.478664
     ],
     [
      -48.982099,
      -22.4785
     ],
     [
      -48.982422,
      -22.478379
     ],
     [
      -48.982726,
      -22.478243
     ],
     [
      -48.983145,
      -22.478006
     ],
     [
      -48.983914,
      -22.477507
     ],
     [
      -48.986117,
      -22.476055
     ],
     [
      -48.986272,
      -22.475958
     ],
     [
      -48.986459,
      -22.475854
     ],
     [
      -48.986652,
      -22.47577
     ],
     [
      -48.986873,
      -22.475687
     ],
     [
      -48.987126,
      -22.475615
     ],
     [
      -48.987333,
      -22.47557
     ],
     [
      -48.987491,
      -22.475546
     ],
     [
      -48.988332,
      -22.475463
     ],
     [
      -48.989476,
      -22.475351
     ]
    ]
   }
  },
  {
   "type": "Feature",
   "properties": {
    "id": "sor-agudos-conceicao",
    "method": "osm-current",
    "osm_ways": [
     168081502,
     746391293,
     746391294
    ],
    "bridged_gap_m": 0,
    "generated": "2026-10-05"
   },
   "geometry": {
    "type": "LineString",
    "coordinates": [
     [
      -48.989476,
      -22.475351
     ],
     [
      -48.989696,
      -22.475338
     ],
     [
      -48.990167,
      -22.475304
     ],
     [
      -48.991355,
      -22.475217
     ],
     [
      -48.991627,
      -22.475191
     ],
     [
      -48.991843,
      -22.475146
     ],
     [
      -48.992059,
      -22.47507
     ],
     [
      -48.992257,
      -22.474967
     ],
     [
      -48.992479,
      -22.474827
     ],
     [
      -48.992834,
      -22.474495
     ],
     [
      -48.993021,
      -22.474237
     ],
     [
      -48.993209,
      -22.473928
     ],
     [
      -48.994209,
      -22.471356
     ],
     [
      -48.994456,
      -22.470834
     ],
     [
      -48.994768,
      -22.470246
     ],
     [
      -48.995178,
      -22.469527
     ],
     [
      -48.9972,
      -22.465798
     ],
     [
      -48.997246,
      -22.465717
     ],
     [
      -48.997591,
      -22.465055
     ],
     [
      -48.998495,
      -22.463551
     ],
     [
      -48.999045,
      -22.462869
     ],
     [
      -48.999482,
      -22.462434
     ],
     [
      -48.999982,
      -22.461984
     ],
     [
      -49.000686,
      -22.461474
     ],
     [
      -49.001256,
      -22.461154
     ],
     [
      -49.001807,
      -22.460907
     ],
     [
      -49.002684,
      -22.460607
     ],
     [
      -49.005348,
      -22.459731
     ],
     [
      -49.01186,
      -22.457524
     ],
     [
      -49.012741,
      -22.457142
     ],
     [
      -49.013835,
      -22.456637
     ],
     [
      -49.016518,
      -22.455396
     ],
     [
      -49.019735,
      -22.453794
     ],
     [
      -49.02033,
      -22.453405
     ],
     [
      -49.020889,
      -22.452968
     ],
     [
      -49.021399,
      -22.452446
     ],
     [
      -49.021896,
      -22.451851
     ],
     [
      -49.022236,
      -22.451341
     ],
     [
      -49.022564,
      -22.450758
     ],
     [
      -49.022807,
      -22.450151
     ],
     [
      -49.023013,
      -22.44952
     ],
     [
      -49.024944,
      -22.443413
     ],
     [
      -49.025357,
      -22.442453
     ],
     [
      -49.025648,
      -22.441871
     ],
     [
      -49.026073,
      -22.441191
     ],
     [
      -49.026401,
      -22.440717
     ],
     [
      -49.026826,
      -22.440219
     ],
     [
      -49.027285,
      -22.439692
     ],
     [
      -49.0277,
      -22.43926
     ],
     [
      -49.028179,
      -22.438815
     ],
     [
      -49.028722,
      -22.438403
     ],
     [
      -49.029303,
      -22.437973
     ],
     [
      -49.030954,
      -22.436832
     ],
     [
      -49.031816,
      -22.436201
     ],
     [
      -49.032423,
      -22.435715
     ],
     [
      -49.032945,
      -22.435241
     ],
     [
      -49.033479,
      -22.434671
     ],
     [
      -49.034074,
      -22.433967
     ],
     [
      -49.034499,
      -22.433299
     ],
     [
      -49.034876,
      -22.432643
     ],
     [
      -49.035228,
      -22.431915
     ],
     [
      -49.035653,
      -22.430846
     ],
     [
      -49.03615,
      -22.429535
     ],
     [
      -49.036437,
      -22.428754
     ],
     [
      -49.036849,
      -22.427952
     ],
     [
      -49.037226,
      -22.427272
     ],
     [
      -49.037677,
      -22.426623
     ],
     [
      -49.038027,
      -22.426119
     ],
     [
      -49.042544,
      -22.419551
     ],
     [
      -49.044826,
      -22.416139
     ],
     [
      -49.045276,
      -22.415617
     ],
     [
      -49.045725,
      -22.415228
     ],
     [
      -49.046198,
      -22.414803
     ],
     [
      -49.046793,
      -22.41439
     ],
     [
      -49.047412,
      -22.414063
     ],
     [
      -49.048141,
      -22.413723
     ],
     [
      -49.048869,
      -22.41348
     ],
     [
      -49.049634,
      -22.413286
     ],
     [
      -49.050241,
      -22.413201
     ],
     [
      -49.050836,
      -22.413152
     ],
     [
      -49.051443,
      -22.41314
     ],
     [
      -49.054078,
      -22.413103
     ],
     [
      -49.054576,
      -22.413103
     ],
     [
      -49.055244,
      -22.413067
     ],
     [
      -49.055839,
      -22.412982
     ],
     [
      -49.056506,
      -22.412824
     ],
     [
      -49.057107,
      -22.412631
     ],
     [
      -49.057186,
      -22.412606
     ],
     [
      -49.057769,
      -22.412339
     ],
     [
      -49.05834,
      -22.412023
     ],
     [
      -49.05885,
      -22.411695
     ],
     [
      -49.059323,
      -22.411355
     ],
     [
      -49.059967,
      -22.41076
     ],
     [
      -49.060489,
      -22.410153
     ],
     [
      -49.060921,
      -22.409483
     ],
     [
      -49.06095,
      -22.409437
     ],
     [
      -49.061305,
      -22.408716
     ],
     [
      -49.061339,
      -22.408648
     ],
     [
      -49.061545,
      -22.407992
     ],
     [
      -49.061703,
      -22.407385
     ],
     [
      -49.061768,
      -22.407034
     ],
     [
      -49.061788,
      -22.406923
     ],
     [
      -49.061861,
      -22.406389
     ],
     [
      -49.061849,
      -22.405855
     ],
     [
      -49.061834,
      -22.405718
     ],
     [
      -49.061776,
      -22.405187
     ],
     [
      -49.061712,
      -22.404808
     ],
     [
      -49.061642,
      -22.404398
     ],
     [
      -49.061477,
      -22.403538
     ],
     [
      -49.061302,
      -22.402625
     ],
     [
      -49.061157,
      -22.401812
     ],
     [
      -49.06106,
      -22.401277
     ],
     [
      -49.061058,
      -22.401213
     ],
     [
      -49.061028,
      -22.400336
     ],
     [
      -49.061043,
      -22.400169
     ],
     [
      -49.061137,
      -22.399131
     ],
     [
      -49.06132,
      -22.398571
     ],
     [
      -49.061493,
      -22.398044
     ],
     [
      -49.061536,
      -22.397937
     ],
     [
      -49.061908,
      -22.397026
     ],
     [
      -49.061977,
      -22.396859
     ],
     [
      -49.062376,
      -22.395969
     ],
     [
      -49.063218,
      -22.394093
     ],
     [
      -49.063714,
      -22.392989
     ],
     [
      -49.064012,
      -22.392324
     ],
     [
      -49.064414,
      -22.391368
     ],
     [
      -49.065411,
      -22.388998
     ],
     [
      -49.065455,
      -22.388895
     ],
     [
      -49.066205,
      -22.387265
     ],
     [
      -49.066332,
      -22.386965
     ],
     [
      -49.066533,
      -22.386489
     ],
     [
      -49.06669,
      -22.386116
     ],
     [
      -49.066739,
      -22.386001
     ],
     [
      -49.066768,
      -22.385881
     ],
     [
      -49.066975,
      -22.385049
     ],
     [
      -49.066986,
      -22.385003
     ],
     [
      -49.067038,
      -22.38462
     ],
     [
      -49.067262,
      -22.382959
     ],
     [
      -49.067272,
      -22.382879
     ],
     [
      -49.067639,
      -22.380156
     ],
     [
      -49.067757,
      -22.379282
     ],
     [
      -49.067854,
      -22.378275
     ],
     [
      -49.067915,
      -22.377652
     ],
     [
      -49.067913,
      -22.377617
     ],
     [
      -49.067873,
      -22.376868
     ],
     [
      -49.067845,
      -22.376358
     ],
     [
      -49.067725,
      -22.376006
     ],
     [
      -49.067537,
      -22.375451
     ],
     [
      -49.067381,
      -22.374995
     ],
     [
      -49.067308,
      -22.374862
     ],
     [
      -49.066502,
      -22.373404
     ],
     [
      -49.065797,
      -22.372064
     ],
     [
      -49.064017,
      -22.368679
     ]
    ]
   }
  },
  {
   "type": "Feature",
   "properties": {
    "id": "sor-conceicao-bauru",
    "method": "osm-current",
    "osm_ways": [
     394627052,
     394627158,
     410646273,
     527993504,
     527993505,
     746391293
    ],
    "bridged_gap_m": 0,
    "generated": "2026-10-05"
   },
   "geometry": {
    "type": "LineString",
    "coordinates": [
     [
      -49.064017,
      -22.368679
     ],
     [
      -49.062194,
      -22.365214
     ],
     [
      -49.062108,
      -22.365041
     ],
     [
      -49.060999,
      -22.362833
     ],
     [
      -49.060958,
      -22.362697
     ],
     [
      -49.060692,
      -22.361815
     ],
     [
      -49.060688,
      -22.36177
     ],
     [
      -49.060578,
      -22.3606
     ],
     [
      -49.060574,
      -22.36056
     ],
     [
      -49.060692,
      -22.359404
     ],
     [
      -49.060999,
      -22.358325
     ],
     [
      -49.061024,
      -22.358238
     ],
     [
      -49.061301,
      -22.357284
     ],
     [
      -49.061446,
      -22.35681
     ],
     [
      -49.061561,
      -22.356532
     ],
     [
      -49.061628,
      -22.35637
     ],
     [
      -49.06164,
      -22.356283
     ],
     [
      -49.061672,
      -22.356214
     ],
     [
      -49.06189,
      -22.355743
     ],
     [
      -49.06211,
      -22.355359
     ],
     [
      -49.062183,
      -22.355232
     ],
     [
      -49.062527,
      -22.354769
     ],
     [
      -49.062793,
      -22.354464
     ],
     [
      -49.062897,
      -22.354345
     ],
     [
      -49.062931,
      -22.354312
     ],
     [
      -49.063071,
      -22.354177
     ],
     [
      -49.063596,
      -22.353673
     ],
     [
      -49.063669,
      -22.35362
     ],
     [
      -49.063996,
      -22.353381
     ],
     [
      -49.064181,
      -22.353247
     ],
     [
      -49.06424,
      -22.353209
     ],
     [
      -49.064467,
      -22.353067
     ],
     [
      -49.06467,
      -22.352964
     ],
     [
      -49.06663,
      -22.351749
     ],
     [
      -49.073319,
      -22.347563
     ],
     [
      -49.077675,
      -22.344817
     ],
     [
      -49.077796,
      -22.344731
     ],
     [
      -49.078126,
      -22.344509
     ],
     [
      -49.078473,
      -22.344196
     ],
     [
      -49.078938,
      -22.343536
     ],
     [
      -49.079197,
      -22.343086
     ],
     [
      -49.079507,
      -22.342521
     ],
     [
      -49.079677,
      -22.342156
     ],
     [
      -49.079864,
      -22.34135
     ],
     [
      -49.079948,
      -22.341026
     ],
     [
      -49.080034,
      -22.340578
     ],
     [
      -49.080119,
      -22.340161
     ],
     [
      -49.080284,
      -22.339358
     ],
     [
      -49.08041,
      -22.338736
     ],
     [
      -49.080691,
      -22.337359
     ],
     [
      -49.080782,
      -22.336877
     ],
     [
      -49.080876,
      -22.336559
     ],
     [
      -49.080954,
      -22.336382
     ],
     [
      -49.081187,
      -22.335851
     ],
     [
      -49.081391,
      -22.335543
     ],
     [
      -49.081603,
      -22.335269
     ],
     [
      -49.081999,
      -22.334669
     ],
     [
      -49.082375,
      -22.334187
     ],
     [
      -49.082551,
      -22.333943
     ],
     [
      -49.082725,
      -22.333696
     ],
     [
      -49.082746,
      -22.333658
     ],
     [
      -49.08283,
      -22.333501
     ],
     [
      -49.082877,
      -22.333404
     ],
     [
      -49.082904,
      -22.333347
     ],
     [
      -49.082966,
      -22.333155
     ],
     [
      -49.082983,
      -22.3331
     ],
     [
      -49.083015,
      -22.332999
     ],
     [
      -49.083049,
      -22.33284
     ],
     [
      -49.083071,
      -22.332692
     ],
     [
      -49.083077,
      -22.332568
     ],
     [
      -49.083077,
      -22.332462
     ],
     [
      -49.083065,
      -22.332239
     ],
     [
      -49.082962,
      -22.331861
     ],
     [
      -49.082909,
      -22.331608
     ],
     [
      -49.082862,
      -22.331375
     ],
     [
      -49.082819,
      -22.331194
     ],
     [
      -49.08281,
      -22.331155
     ],
     [
      -49.082801,
      -22.331044
     ],
     [
      -49.082803,
      -22.331012
     ],
     [
      -49.082817,
      -22.330792
     ],
     [
      -49.082823,
      -22.330699
     ],
     [
      -49.082879,
      -22.329735
     ],
     [
      -49.082878,
      -22.329691
     ],
     [
      -49.08287,
      -22.328945
     ],
     [
      -49.082862,
      -22.328621
     ],
     [
      -49.082827,
      -22.328443
     ],
     [
      -49.082785,
      -22.328285
     ],
     [
      -49.082687,
      -22.327975
     ],
     [
      -49.082589,
      -22.327753
     ],
     [
      -49.082442,
      -22.327486
     ],
     [
      -49.082068,
      -22.326886
     ],
     [
      -49.08176,
      -22.326366
     ],
     [
      -49.081694,
      -22.326194
     ],
     [
      -49.081666,
      -22.326017
     ],
     [
      -49.081683,
      -22.325849
     ],
     [
      -49.081749,
      -22.32561
     ],
     [
      -49.081799,
      -22.325475
     ],
     [
      -49.081859,
      -22.325378
     ],
     [
      -49.081927,
      -22.325306
     ],
     [
      -49.081977,
      -22.325258
     ],
     [
      -49.082037,
      -22.32521
     ],
     [
      -49.082315,
      -22.32505
     ],
     [
      -49.081962,
      -22.325174
     ],
     [
      -49.081659,
      -22.32525
     ],
     [
      -49.081379,
      -22.325292
     ],
     [
      -49.081098,
      -22.325292
     ],
     [
      -49.080804,
      -22.325263
     ],
     [
      -49.080524,
      -22.325189
     ]
    ]
   }
  }
 ]
}
