{
 "type": "FeatureCollection",
 "attribution": "© OpenStreetMap contributors (ODbL 1.0) — geometria derivada; ver LICENSE-DATA.md",
 "features": [
  {
   "type": "Feature",
   "properties": {
    "id": "spr-santos-cubatao",
    "method": "osm-old",
    "osm_ways": [
     28908889,
     215583953,
     598685979,
     598685980,
     598685984,
     1258368480,
     1549516251
    ],
    "bridged_gap_m": 0,
    "generated": "2026-10-03"
   },
   "geometry": {
    "type": "LineString",
    "coordinates": [
     [
      -46.333814,
      -23.930965
     ],
     [
      -46.334637,
      -23.930515
     ],
     [
      -46.335037,
      -23.930302
     ],
     [
      -46.336028,
      -23.929767
     ],
     [
      -46.336192,
      -23.929673
     ],
     [
      -46.336341,
      -23.929599
     ],
     [
      -46.33654,
      -23.929518
     ],
     [
      -46.336758,
      -23.929448
     ],
     [
      -46.336948,
      -23.929399
     ],
     [
      -46.337323,
      -23.929327
     ],
     [
      -46.337775,
      -23.929225
     ],
     [
      -46.338382,
      -23.929133
     ],
     [
      -46.339058,
      -23.92904
     ],
     [
      -46.340087,
      -23.928901
     ],
     [
      -46.341594,
      -23.928694
     ],
     [
      -46.342505,
      -23.928592
     ],
     [
      -46.34261,
      -23.928588
     ],
     [
      -46.342695,
      -23.928595
     ],
     [
      -46.343342,
      -23.928737
     ],
     [
      -46.344378,
      -23.928984
     ],
     [
      -46.344936,
      -23.929103
     ],
     [
      -46.345741,
      -23.929274
     ],
     [
      -46.346046,
      -23.929384
     ],
     [
      -46.34622,
      -23.929466
     ],
     [
      -46.346426,
      -23.929562
     ],
     [
      -46.346979,
      -23.92995
     ],
     [
      -46.34754,
      -23.930324
     ],
     [
      -46.348261,
      -23.930534
     ],
     [
      -46.348738,
      -23.930602
     ],
     [
      -46.349157,
      -23.930593
     ],
     [
      -46.350685,
      -23.930377
     ],
     [
      -46.354194,
      -23.929838
     ],
     [
      -46.355014,
      -23.92972
     ],
     [
      -46.359032,
      -23.929142
     ],
     [
      -46.363766,
      -23.928479
     ],
     [
      -46.37207,
      -23.927229
     ],
     [
      -46.37888,
      -23.926227
     ],
     [
      -46.381622,
      -23.925824
     ],
     [
      -46.382127,
      -23.925767
     ],
     [
      -46.382848,
      -23.925663
     ],
     [
      -46.383305,
      -23.925594
     ],
     [
      -46.384209,
      -23.925468
     ],
     [
      -46.385073,
      -23.925338
     ],
     [
      -46.385088,
      -23.925336
     ],
     [
      -46.385852,
      -23.925228
     ],
     [
      -46.386375,
      -23.925144
     ],
     [
      -46.387317,
      -23.925005
     ],
     [
      -46.38797,
      -23.924909
     ],
     [
      -46.388057,
      -23.924896
     ],
     [
      -46.388557,
      -23.924811
     ],
     [
      -46.388695,
      -23.924781
     ],
     [
      -46.389239,
      -23.924642
     ],
     [
      -46.38954,
      -23.924546
     ],
     [
      -46.390021,
      -23.924407
     ],
     [
      -46.390344,
      -23.924305
     ],
     [
      -46.391002,
      -23.924106
     ],
     [
      -46.391727,
      -23.923883
     ],
     [
      -46.392236,
      -23.923738
     ],
     [
      -46.392577,
      -23.923667
     ],
     [
      -46.392883,
      -23.923655
     ],
     [
      -46.39356,
      -23.923677
     ],
     [
      -46.393599,
      -23.923684
     ],
     [
      -46.394165,
      -23.923787
     ],
     [
      -46.394609,
      -23.923953
     ],
     [
      -46.395011,
      -23.924164
     ],
     [
      -46.395489,
      -23.924491
     ],
     [
      -46.395773,
      -23.924753
     ],
     [
      -46.395936,
      -23.924906
     ],
     [
      -46.397137,
      -23.926146
     ],
     [
      -46.397766,
      -23.926673
     ],
     [
      -46.397962,
      -23.926827
     ],
     [
      -46.398137,
      -23.926964
     ],
     [
      -46.398509,
      -23.927157
     ],
     [
      -46.399018,
      -23.927356
     ],
     [
      -46.399361,
      -23.927429
     ],
     [
      -46.399716,
      -23.927479
     ],
     [
      -46.400318,
      -23.927497
     ],
     [
      -46.400783,
      -23.927437
     ],
     [
      -46.401093,
      -23.927359
     ],
     [
      -46.401351,
      -23.927239
     ],
     [
      -46.402028,
      -23.92694
     ],
     [
      -46.402382,
      -23.926773
     ],
     [
      -46.402685,
      -23.926612
     ],
     [
      -46.402907,
      -23.926494
     ],
     [
      -46.404033,
      -23.925869
     ],
     [
      -46.404429,
      -23.925648
     ],
     [
      -46.40522,
      -23.925207
     ],
     [
      -46.40541,
      -23.925079
     ],
     [
      -46.405736,
      -23.924849
     ],
     [
      -46.405956,
      -23.924684
     ],
     [
      -46.40603,
      -23.924616
     ],
     [
      -46.406432,
      -23.924251
     ],
     [
      -46.407466,
      -23.923147
     ],
     [
      -46.40866,
      -23.921857
     ],
     [
      -46.409171,
      -23.92132
     ],
     [
      -46.4098,
      -23.920828
     ],
     [
      -46.410269,
      -23.920534
     ],
     [
      -46.412713,
      -23.919135
     ],
     [
      -46.414951,
      -23.917854
     ],
     [
      -46.416725,
      -23.916834
     ],
     [
      -46.418044,
      -23.916061
     ],
     [
      -46.418416,
      -23.9158
     ],
     [
      -46.418866,
      -23.915405
     ],
     [
      -46.419119,
      -23.915082
     ],
     [
      -46.419473,
      -23.914599
     ],
     [
      -46.420406,
      -23.913217
     ],
     [
      -46.421407,
      -23.911755
     ],
     [
      -46.422207,
      -23.910549
     ],
     [
      -46.422524,
      -23.910083
     ],
     [
      -46.422795,
      -23.909625
     ],
     [
      -46.423002,
      -23.909023
     ],
     [
      -46.423117,
      -23.908331
     ],
     [
      -46.423103,
      -23.907021
     ],
     [
      -46.423098,
      -23.906172
     ],
     [
      -46.423084,
      -23.90503
     ],
     [
      -46.423033,
      -23.903494
     ],
     [
      -46.422967,
      -23.903059
     ],
     [
      -46.42288,
      -23.902558
     ],
     [
      -46.422443,
      -23.900903
     ],
     [
      -46.422048,
      -23.899407
     ],
     [
      -46.421607,
      -23.897836
     ],
     [
      -46.421313,
      -23.896706
     ],
     [
      -46.42106,
      -23.895778
     ],
     [
      -46.420837,
      -23.895043
     ],
     [
      -46.420668,
      -23.894469
     ],
     [
      -46.420434,
      -23.89373
     ],
     [
      -46.420304,
      -23.893251
     ],
     [
      -46.419845,
      -23.891442
     ]
    ]
   }
  },
  {
   "type": "Feature",
   "properties": {
    "id": "spr-cubatao-piacaguera",
    "method": "osm-current",
    "osm_ways": [
     28885529,
     28885534,
     28885535,
     28885771,
     28885772,
     28885773,
     28897915,
     370042011,
     598685974,
     598685975,
     598685976,
     598685977,
     598685980,
     778101124,
     792548289,
     1529239842
    ],
    "bridged_gap_m": 0,
    "generated": "2026-10-03"
   },
   "geometry": {
    "type": "LineString",
    "coordinates": [
     [
      -46.419845,
      -23.891442
     ],
     [
      -46.419535,
      -23.890392
     ],
     [
      -46.419256,
      -23.889683
     ],
     [
      -46.419024,
      -23.889203
     ],
     [
      -46.418853,
      -23.888897
     ],
     [
      -46.418521,
      -23.888412
     ],
     [
      -46.418305,
      -23.888122
     ],
     [
      -46.418172,
      -23.88795
     ],
     [
      -46.417643,
      -23.887345
     ],
     [
      -46.416665,
      -23.8865
     ],
     [
      -46.414804,
      -23.885013
     ],
     [
      -46.412956,
      -23.88353
     ],
     [
      -46.411443,
      -23.882317
     ],
     [
      -46.411089,
      -23.882027
     ],
     [
      -46.410386,
      -23.881473
     ],
     [
      -46.409049,
      -23.880422
     ],
     [
      -46.408433,
      -23.879925
     ],
     [
      -46.408626,
      -23.880192
     ],
     [
      -46.407988,
      -23.879726
     ],
     [
      -46.40546,
      -23.877708
     ],
     [
      -46.404965,
      -23.877334
     ],
     [
      -46.404402,
      -23.8768
     ],
     [
      -46.403839,
      -23.876151
     ],
     [
      -46.40342,
      -23.875515
     ],
     [
      -46.403039,
      -23.874816
     ],
     [
      -46.40266,
      -23.873909
     ],
     [
      -46.401507,
      -23.871016
     ],
     [
      -46.39904,
      -23.864803
     ],
     [
      -46.398756,
      -23.864198
     ],
     [
      -46.398465,
      -23.86368
     ],
     [
      -46.398069,
      -23.863212
     ],
     [
      -46.397469,
      -23.862679
     ],
     [
      -46.396871,
      -23.862313
     ],
     [
      -46.395832,
      -23.86178
     ],
     [
      -46.394795,
      -23.861286
     ],
     [
      -46.394164,
      -23.860986
     ],
     [
      -46.393461,
      -23.86065
     ],
     [
      -46.393117,
      -23.860486
     ],
     [
      -46.392786,
      -23.860326
     ],
     [
      -46.383582,
      -23.855896
     ],
     [
      -46.383117,
      -23.855675
     ],
     [
      -46.382509,
      -23.855368
     ],
     [
      -46.381476,
      -23.854869
     ],
     [
      -46.381055,
      -23.854711
     ],
     [
      -46.379884,
      -23.854134
     ],
     [
      -46.379372,
      -23.853905
     ],
     [
      -46.379362,
      -23.853901
     ],
     [
      -46.378564,
      -23.853537
     ],
     [
      -46.37835,
      -23.853433
     ],
     [
      -46.377574,
      -23.853056
     ],
     [
      -46.377545,
      -23.853042
     ],
     [
      -46.376716,
      -23.852648
     ],
     [
      -46.376446,
      -23.852533
     ],
     [
      -46.37632,
      -23.852487
     ],
     [
      -46.375882,
      -23.852361
     ],
     [
      -46.374944,
      -23.852048
     ],
     [
      -46.374348,
      -23.851791
     ],
     [
      -46.372867,
      -23.851068
     ],
     [
      -46.3726,
      -23.850924
     ],
     [
      -46.372097,
      -23.8506
     ]
    ]
   }
  },
  {
   "type": "Feature",
   "properties": {
    "id": "spr-piacaguera-raiz",
    "method": "osm-current",
    "osm_ways": [
     28885772,
     1022690308,
     1258368478
    ],
    "bridged_gap_m": 0,
    "generated": "2026-10-03"
   },
   "geometry": {
    "type": "LineString",
    "coordinates": [
     [
      -46.372097,
      -23.8506
     ],
     [
      -46.371825,
      -23.850329
     ],
     [
      -46.371599,
      -23.850072
     ],
     [
      -46.371401,
      -23.849856
     ],
     [
      -46.371221,
      -23.849599
     ],
     [
      -46.371079,
      -23.849374
     ],
     [
      -46.371059,
      -23.849342
     ],
     [
      -46.370952,
      -23.84913
     ],
     [
      -46.370861,
      -23.848847
     ],
     [
      -46.370787,
      -23.848587
     ],
     [
      -46.370757,
      -23.848483
     ],
     [
      -46.370703,
      -23.848221
     ],
     [
      -46.370637,
      -23.848045
     ],
     [
      -46.370574,
      -23.847777
     ],
     [
      -46.370535,
      -23.847596
     ],
     [
      -46.37039,
      -23.846703
     ],
     [
      -46.370378,
      -23.846534
     ],
     [
      -46.370395,
      -23.846357
     ],
     [
      -46.370457,
      -23.845637
     ],
     [
      -46.370679,
      -23.843997
     ],
     [
      -46.370811,
      -23.842872
     ],
     [
      -46.370805,
      -23.842431
     ],
     [
      -46.370774,
      -23.842168
     ],
     [
      -46.370649,
      -23.841717
     ],
     [
      -46.370364,
      -23.840942
     ],
     [
      -46.370143,
      -23.840461
     ],
     [
      -46.369975,
      -23.840155
     ],
     [
      -46.369772,
      -23.839858
     ],
     [
      -46.369544,
      -23.839579
     ],
     [
      -46.36932,
      -23.839342
     ],
     [
      -46.368934,
      -23.839003
     ],
     [
      -46.368656,
      -23.838789
     ],
     [
      -46.367628,
      -23.838098
     ],
     [
      -46.36727,
      -23.837777
     ],
     [
      -46.367044,
      -23.837508
     ],
     [
      -46.366811,
      -23.837192
     ],
     [
      -46.366574,
      -23.836697
     ],
     [
      -46.366492,
      -23.836464
     ],
     [
      -46.366454,
      -23.836231
     ],
     [
      -46.366421,
      -23.835831
     ],
     [
      -46.366411,
      -23.834261
     ],
     [
      -46.366379,
      -23.833963
     ],
     [
      -46.366303,
      -23.833712
     ],
     [
      -46.366182,
      -23.833395
     ],
     [
      -46.365946,
      -23.832999
     ],
     [
      -46.365805,
      -23.832812
     ],
     [
      -46.365643,
      -23.832628
     ],
     [
      -46.365412,
      -23.832365
     ],
     [
      -46.365215,
      -23.832167
     ],
     [
      -46.365096,
      -23.832051
     ],
     [
      -46.365029,
      -23.831987
     ],
     [
      -46.364826,
      -23.831775
     ],
     [
      -46.364725,
      -23.83167
     ],
     [
      -46.364685,
      -23.831612
     ],
     [
      -46.364515,
      -23.831364
     ],
     [
      -46.364451,
      -23.83127
     ],
     [
      -46.36428,
      -23.831019
     ],
     [
      -46.364006,
      -23.83057
     ],
     [
      -46.363854,
      -23.830235
     ],
     [
      -46.363751,
      -23.829952
     ],
     [
      -46.36354,
      -23.829112
     ],
     [
      -46.363406,
      -23.828727
     ],
     [
      -46.363211,
      -23.828356
     ],
     [
      -46.363135,
      -23.828241
     ],
     [
      -46.363091,
      -23.828175
     ],
     [
      -46.362951,
      -23.827944
     ],
     [
      -46.362818,
      -23.827771
     ],
     [
      -46.362714,
      -23.827658
     ],
     [
      -46.362404,
      -23.827366
     ],
     [
      -46.362068,
      -23.827139
     ],
     [
      -46.361239,
      -23.826688
     ]
    ]
   }
  },
  {
   "type": "Feature",
   "properties": {
    "id": "spr-serra-velha",
    "method": "osm-current",
    "osm_ways": [
     28885459,
     28885461,
     28885488,
     392642294,
     392642295,
     447319206,
     770894075,
     770894076
    ],
    "bridged_gap_m": 0,
    "generated": "2026-10-03"
   },
   "geometry": {
    "type": "LineString",
    "coordinates": [
     [
      -46.361239,
      -23.826688
     ],
     [
      -46.361027,
      -23.826572
     ],
     [
      -46.359019,
      -23.825479
     ],
     [
      -46.355558,
      -23.823643
     ],
     [
      -46.354588,
      -23.823069
     ],
     [
      -46.353978,
      -23.82263
     ],
     [
      -46.353453,
      -23.82219
     ],
     [
      -46.35304,
      -23.8218
     ],
     [
      -46.351129,
      -23.819599
     ],
     [
      -46.350848,
      -23.819285
     ],
     [
      -46.35052,
      -23.818979
     ],
     [
      -46.349859,
      -23.81846
     ],
     [
      -46.349181,
      -23.818021
     ],
     [
      -46.347807,
      -23.817204
     ],
     [
      -46.346837,
      -23.816529
     ],
     [
      -46.345301,
      -23.815319
     ],
     [
      -46.340512,
      -23.811511
     ],
     [
      -46.339868,
      -23.81104
     ],
     [
      -46.339181,
      -23.810592
     ],
     [
      -46.338555,
      -23.810325
     ],
     [
      -46.337679,
      -23.810043
     ],
     [
      -46.33683,
      -23.809784
     ],
     [
      -46.33616,
      -23.809462
     ],
     [
      -46.334632,
      -23.808543
     ],
     [
      -46.333555,
      -23.807805
     ],
     [
      -46.332962,
      -23.807349
     ],
     [
      -46.332599,
      -23.807052
     ],
     [
      -46.332272,
      -23.806758
     ],
     [
      -46.331897,
      -23.806402
     ],
     [
      -46.330178,
      -23.804407
     ],
     [
      -46.329279,
      -23.803427
     ],
     [
      -46.329021,
      -23.803186
     ],
     [
      -46.328548,
      -23.802824
     ],
     [
      -46.328295,
      -23.802635
     ],
     [
      -46.328058,
      -23.802485
     ],
     [
      -46.326258,
      -23.801463
     ],
     [
      -46.325779,
      -23.801121
     ],
     [
      -46.324972,
      -23.80046
     ],
     [
      -46.324709,
      -23.800196
     ],
     [
      -46.32452,
      -23.799964
     ],
     [
      -46.322726,
      -23.797759
     ],
     [
      -46.321972,
      -23.796858
     ],
     [
      -46.321723,
      -23.796536
     ],
     [
      -46.321569,
      -23.796318
     ],
     [
      -46.321421,
      -23.796081
     ],
     [
      -46.320891,
      -23.795114
     ],
     [
      -46.320307,
      -23.794423
     ],
     [
      -46.319672,
      -23.793842
     ],
     [
      -46.319123,
      -23.793426
     ],
     [
      -46.318301,
      -23.792896
     ],
     [
      -46.317914,
      -23.792661
     ],
     [
      -46.317475,
      -23.792394
     ],
     [
      -46.31698,
      -23.792095
     ],
     [
      -46.316512,
      -23.79181
     ],
     [
      -46.316234,
      -23.79165
     ],
     [
      -46.315843,
      -23.791351
     ],
     [
      -46.315487,
      -23.791037
     ],
     [
      -46.314943,
      -23.790512
     ],
     [
      -46.314333,
      -23.790025
     ],
     [
      -46.312986,
      -23.788925
     ],
     [
      -46.312291,
      -23.78836
     ],
     [
      -46.311475,
      -23.787575
     ],
     [
      -46.311141,
      -23.787149
     ],
     [
      -46.309286,
      -23.784627
     ],
     [
      -46.309073,
      -23.78437
     ],
     [
      -46.308796,
      -23.784071
     ],
     [
      -46.308471,
      -23.783784
     ],
     [
      -46.308087,
      -23.783486
     ],
     [
      -46.30714,
      -23.782797
     ],
     [
      -46.30695,
      -23.782644
     ],
     [
      -46.30673,
      -23.782461
     ],
     [
      -46.30572,
      -23.781426
     ],
     [
      -46.305529,
      -23.781253
     ],
     [
      -46.305363,
      -23.781113
     ],
     [
      -46.304345,
      -23.780354
     ],
     [
      -46.30418,
      -23.780219
     ],
     [
      -46.303997,
      -23.780052
     ],
     [
      -46.303836,
      -23.779886
     ],
     [
      -46.303716,
      -23.779744
     ],
     [
      -46.303603,
      -23.779588
     ],
     [
      -46.303501,
      -23.779425
     ],
     [
      -46.303418,
      -23.779241
     ],
     [
      -46.303373,
      -23.77913
     ],
     [
      -46.303316,
      -23.778982
     ],
     [
      -46.30323,
      -23.778664
     ],
     [
      -46.303192,
      -23.778498
     ],
     [
      -46.303147,
      -23.778315
     ],
     [
      -46.303133,
      -23.778248
     ],
     [
      -46.303018,
      -23.777718
     ],
     [
      -46.303015,
      -23.777583
     ],
     [
      -46.303017,
      -23.777439
     ],
     [
      -46.303027,
      -23.77734
     ],
     [
      -46.303055,
      -23.777189
     ],
     [
      -46.303117,
      -23.776986
     ]
    ]
   }
  },
  {
   "type": "Feature",
   "properties": {
    "id": "spr-serra-nova",
    "method": "osm-old",
    "osm_ways": [
     28885461,
     28885614,
     28885616,
     28885617,
     28885625,
     28885627,
     28885628,
     28885632,
     28885635,
     28885639,
     28885640,
     28885641,
     28885654,
     28885661,
     28885663,
     28885667,
     28885669,
     28885671,
     28885673,
     28885675,
     28885678,
     28885687,
     28885688,
     28885689,
     28885690,
     28885698,
     28885703,
     28885705,
     28885707,
     28885708,
     28885709,
     28885710,
     28885711,
     28885712,
     28885717,
     28885719,
     28885721,
     28885723,
     28885730,
     28885734,
     28885735,
     28885745,
     28885749,
     28885750,
     28885751,
     28885754,
     28885755,
     28885756,
     28885815,
     28885819,
     28885820,
     28885821,
     28925775,
     170283278,
     392642294,
     392642295,
     447319206,
     1127868636,
     1127868637,
     1554354669,
     1554354671
    ],
    "bridged_gap_m": 30,
    "generated": "2026-10-03"
   },
   "geometry": {
    "type": "LineString",
    "coordinates": [
     [
      -46.372097,
      -23.8506
     ],
     [
      -46.371674,
      -23.850324
     ],
     [
      -46.371404,
      -23.850113
     ],
     [
      -46.371233,
      -23.849931
     ],
     [
      -46.371126,
      -23.849772
     ],
     [
      -46.371019,
      -23.849586
     ],
     [
      -46.370945,
      -23.849422
     ],
     [
      -46.37084,
      -23.849147
     ],
     [
      -46.370671,
      -23.848733
     ],
     [
      -46.37055,
      -23.848419
     ],
     [
      -46.370453,
      -23.848191
     ],
     [
      -46.370099,
      -23.847082
     ],
     [
      -46.369825,
      -23.846383
     ],
     [
      -46.369629,
      -23.84594
     ],
     [
      -46.369445,
      -23.84562
     ],
     [
      -46.36928,
      -23.845368
     ],
     [
      -46.368879,
      -23.844856
     ],
     [
      -46.368492,
      -23.844385
     ],
     [
      -46.36805,
      -23.843955
     ],
     [
      -46.366252,
      -23.84265
     ],
     [
      -46.365978,
      -23.842415
     ],
     [
      -46.365712,
      -23.842101
     ],
     [
      -46.364436,
      -23.84037
     ],
     [
      -46.364239,
      -23.840125
     ],
     [
      -46.363935,
      -23.839803
     ],
     [
      -46.363656,
      -23.839571
     ],
     [
      -46.363233,
      -23.839265
     ],
     [
      -46.362798,
      -23.839007
     ],
     [
      -46.360978,
      -23.838067
     ],
     [
      -46.360489,
      -23.837759
     ],
     [
      -46.360124,
      -23.837484
     ],
     [
      -46.359377,
      -23.836849
     ],
     [
      -46.35821,
      -23.835883
     ],
     [
      -46.357463,
      -23.835153
     ],
     [
      -46.357184,
      -23.834855
     ],
     [
      -46.356967,
      -23.834588
     ],
     [
      -46.356785,
      -23.834313
     ],
     [
      -46.356304,
      -23.833425
     ],
     [
      -46.355918,
      -23.832499
     ],
     [
      -46.355918,
      -23.832496
     ],
     [
      -46.355824,
      -23.832091
     ],
     [
      -46.355738,
      -23.831683
     ],
     [
      -46.355584,
      -23.831188
     ],
     [
      -46.355449,
      -23.830831
     ],
     [
      -46.355254,
      -23.83047
     ],
     [
      -46.354554,
      -23.829398
     ],
     [
      -46.354159,
      -23.828801
     ],
     [
      -46.35374,
      -23.828297
     ],
     [
      -46.353459,
      -23.827956
     ],
     [
      -46.353201,
      -23.8276
     ],
     [
      -46.352968,
      -23.82723
     ],
     [
      -46.35276,
      -23.826848
     ],
     [
      -46.352416,
      -23.826171
     ],
     [
      -46.352051,
      -23.825362
     ],
     [
      -46.351879,
      -23.825029
     ],
     [
      -46.351697,
      -23.824771
     ],
     [
      -46.351474,
      -23.824482
     ],
     [
      -46.351198,
      -23.824145
     ],
     [
      -46.350562,
      -23.823423
     ],
     [
      -46.34991,
      -23.822708
     ],
     [
      -46.348391,
      -23.821051
     ],
     [
      -46.346915,
      -23.819646
     ],
     [
      -46.346694,
      -23.81947
     ],
     [
      -46.346462,
      -23.819307
     ],
     [
      -46.346221,
      -23.819156
     ],
     [
      -46.34597,
      -23.819018
     ],
     [
      -46.344685,
      -23.818368
     ],
     [
      -46.344319,
      -23.818182
     ],
     [
      -46.343298,
      -23.81767
     ],
     [
      -46.342883,
      -23.817437
     ],
     [
      -46.342766,
      -23.817365
     ],
     [
      -46.341583,
      -23.816708
     ],
     [
      -46.341336,
      -23.816559
     ],
     [
      -46.340538,
      -23.81602
     ],
     [
      -46.340404,
      -23.815915
     ],
     [
      -46.338881,
      -23.814471
     ],
     [
      -46.338177,
      -23.813914
     ],
     [
      -46.337319,
      -23.813309
     ],
     [
      -46.336323,
      -23.812658
     ],
     [
      -46.335696,
      -23.812225
     ],
     [
      -46.335018,
      -23.8117
     ],
     [
      -46.334195,
      -23.811016
     ],
     [
      -46.333619,
      -23.810545
     ],
     [
      -46.33301,
      -23.810082
     ],
     [
      -46.332504,
      -23.809634
     ],
     [
      -46.332237,
      -23.809369
     ],
     [
      -46.332032,
      -23.809124
     ],
     [
      -46.33095,
      -23.807624
     ],
     [
      -46.330658,
      -23.807255
     ],
     [
      -46.330169,
      -23.806721
     ],
     [
      -46.329336,
      -23.805975
     ],
     [
      -46.328942,
      -23.805574
     ],
     [
      -46.328164,
      -23.804723
     ],
     [
      -46.327763,
      -23.804377
     ],
     [
      -46.327291,
      -23.804011
     ],
     [
      -46.326873,
      -23.803745
     ],
     [
      -46.326092,
      -23.803305
     ],
     [
      -46.325505,
      -23.80301
     ],
     [
      -46.324754,
      -23.802712
     ],
     [
      -46.324378,
      -23.802495
     ],
     [
      -46.324003,
      -23.802234
     ],
     [
      -46.323654,
      -23.801962
     ],
     [
      -46.323335,
      -23.801666
     ],
     [
      -46.322796,
      -23.801059
     ],
     [
      -46.322127,
      -23.800211
     ],
     [
      -46.321238,
      -23.79898
     ],
     [
      -46.320699,
      -23.7982
     ],
     [
      -46.319998,
      -23.796873
     ],
     [
      -46.319526,
      -23.79608
     ],
     [
      -46.319054,
      -23.79542
     ],
     [
      -46.318794,
      -23.795142
     ],
     [
      -46.318496,
      -23.794863
     ],
     [
      -46.317329,
      -23.794064
     ],
     [
      -46.316476,
      -23.793515
     ],
     [
      -46.315898,
      -23.793086
     ],
     [
      -46.315776,
      -23.792996
     ],
     [
      -46.315629,
      -23.79286
     ],
     [
      -46.314839,
      -23.791909
     ],
     [
      -46.314103,
      -23.791156
     ],
     [
      -46.313544,
      -23.790661
     ],
     [
      -46.312966,
      -23.790166
     ],
     [
      -46.312548,
      -23.789798
     ],
     [
      -46.312305,
      -23.789591
     ],
     [
      -46.312084,
      -23.789364
     ],
     [
      -46.311886,
      -23.789121
     ],
     [
      -46.311713,
      -23.788861
     ],
     [
      -46.311405,
      -23.788397
     ],
     [
      -46.311316,
      -23.788265
     ],
     [
      -46.311029,
      -23.787834
     ],
     [
      -46.310645,
      -23.787319
     ],
     [
      -46.310466,
      -23.787095
     ],
     [
      -46.310251,
      -23.786862
     ],
     [
      -46.309321,
      -23.785824
     ],
     [
      -46.308882,
      -23.785252
     ],
     [
      -46.308686,
      -23.784998
     ],
     [
      -46.308178,
      -23.784395
     ],
     [
      -46.307695,
      -23.783862
     ],
     [
      -46.30735,
      -23.783512
     ],
     [
      -46.306212,
      -23.782321
     ],
     [
      -46.305993,
      -23.782099
     ],
     [
      -46.305821,
      -23.781875
     ],
     [
      -46.305689,
      -23.781742
     ],
     [
      -46.305538,
      -23.781605
     ],
     [
      -46.305382,
      -23.781462
     ],
     [
      -46.30517,
      -23.781274
     ],
     [
      -46.305116,
      -23.781238
     ],
     [
      -46.305056,
      -23.781205
     ],
     [
      -46.305073,
      -23.781097
     ],
     [
      -46.304733,
      -23.780886
     ],
     [
      -46.304587,
      -23.780765
     ],
     [
      -46.304308,
      -23.780541
     ],
     [
      -46.304199,
      -23.780452
     ],
     [
      -46.304104,
      -23.780373
     ],
     [
      -46.30387,
      -23.780166
     ],
     [
      -46.303997,
      -23.780052
     ],
     [
      -46.303836,
      -23.779886
     ],
     [
      -46.303716,
      -23.779744
     ],
     [
      -46.303603,
      -23.779588
     ],
     [
      -46.303501,
      -23.779425
     ],
     [
      -46.303418,
      -23.779241
     ],
     [
      -46.303373,
      -23.77913
     ],
     [
      -46.303316,
      -23.778982
     ],
     [
      -46.30323,
      -23.778664
     ],
     [
      -46.303192,
      -23.778498
     ],
     [
      -46.303147,
      -23.778315
     ],
     [
      -46.303133,
      -23.778248
     ],
     [
      -46.303018,
      -23.777718
     ],
     [
      -46.303015,
      -23.777583
     ],
     [
      -46.303017,
      -23.777439
     ],
     [
      -46.303027,
      -23.77734
     ],
     [
      -46.303055,
      -23.777189
     ],
     [
      -46.303117,
      -23.776986
     ]
    ]
   }
  },
  {
   "type": "Feature",
   "properties": {
    "id": "spr-paranapiacaba-rio-grande",
    "method": "osm-current",
    "osm_ways": [
     28885435,
     170263691,
     170263961,
     392642295,
     395662453,
     755758101,
     1494521199,
     1494521200
    ],
    "bridged_gap_m": 0,
    "generated": "2026-10-03"
   },
   "geometry": {
    "type": "LineString",
    "coordinates": [
     [
      -46.303117,
      -23.776986
     ],
     [
      -46.303186,
      -23.776795
     ],
     [
      -46.303244,
      -23.776662
     ],
     [
      -46.303319,
      -23.776534
     ],
     [
      -46.30344,
      -23.776344
     ],
     [
      -46.303545,
      -23.776201
     ],
     [
      -46.303651,
      -23.776064
     ],
     [
      -46.303779,
      -23.775909
     ],
     [
      -46.303939,
      -23.775751
     ],
     [
      -46.304725,
      -23.775103
     ],
     [
      -46.30488,
      -23.774988
     ],
     [
      -46.30503,
      -23.774891
     ],
     [
      -46.305185,
      -23.774815
     ],
     [
      -46.305348,
      -23.774746
     ],
     [
      -46.305553,
      -23.774673
     ],
     [
      -46.305825,
      -23.774593
     ],
     [
      -46.306059,
      -23.774546
     ],
     [
      -46.306513,
      -23.77447
     ],
     [
      -46.306836,
      -23.774443
     ],
     [
      -46.307002,
      -23.774443
     ],
     [
      -46.307196,
      -23.774452
     ],
     [
      -46.30753,
      -23.774478
     ],
     [
      -46.308076,
      -23.774551
     ],
     [
      -46.308336,
      -23.774586
     ],
     [
      -46.308625,
      -23.774625
     ],
     [
      -46.308858,
      -23.774656
     ],
     [
      -46.309092,
      -23.774674
     ],
     [
      -46.309326,
      -23.77468
     ],
     [
      -46.309561,
      -23.774674
     ],
     [
      -46.309795,
      -23.774655
     ],
     [
      -46.310027,
      -23.774624
     ],
     [
      -46.310257,
      -23.774581
     ],
     [
      -46.310483,
      -23.774525
     ],
     [
      -46.310706,
      -23.774458
     ],
     [
      -46.310924,
      -23.774379
     ],
     [
      -46.311137,
      -23.774289
     ],
     [
      -46.311344,
      -23.774188
     ],
     [
      -46.311544,
      -23.774076
     ],
     [
      -46.312431,
      -23.773523
     ],
     [
      -46.312646,
      -23.77339
     ],
     [
      -46.312869,
      -23.773268
     ],
     [
      -46.3131,
      -23.773157
     ],
     [
      -46.313338,
      -23.773059
     ],
     [
      -46.313581,
      -23.772973
     ],
     [
      -46.313828,
      -23.7729
     ],
     [
      -46.314081,
      -23.772839
     ],
     [
      -46.314336,
      -23.772792
     ],
     [
      -46.314594,
      -23.772758
     ],
     [
      -46.314853,
      -23.772738
     ],
     [
      -46.314938,
      -23.772735
     ],
     [
      -46.315114,
      -23.772731
     ],
     [
      -46.317978,
      -23.772768
     ],
     [
      -46.318658,
      -23.772782
     ],
     [
      -46.318873,
      -23.77279
     ],
     [
      -46.319093,
      -23.772795
     ],
     [
      -46.319313,
      -23.772809
     ],
     [
      -46.319533,
      -23.772832
     ],
     [
      -46.319751,
      -23.772865
     ],
     [
      -46.319967,
      -23.772906
     ],
     [
      -46.320181,
      -23.772957
     ],
     [
      -46.320392,
      -23.773016
     ],
     [
      -46.3206,
      -23.773084
     ],
     [
      -46.321276,
      -23.773339
     ],
     [
      -46.321478,
      -23.773408
     ],
     [
      -46.321683,
      -23.773468
     ],
     [
      -46.321891,
      -23.773519
     ],
     [
      -46.322101,
      -23.773561
     ],
     [
      -46.322313,
      -23.773594
     ],
     [
      -46.322527,
      -23.773617
     ],
     [
      -46.322742,
      -23.773631
     ],
     [
      -46.322959,
      -23.773633
     ],
     [
      -46.323194,
      -23.773625
     ],
     [
      -46.323431,
      -23.773607
     ],
     [
      -46.323668,
      -23.773583
     ],
     [
      -46.323904,
      -23.773552
     ],
     [
      -46.324139,
      -23.773515
     ],
     [
      -46.324372,
      -23.773471
     ],
     [
      -46.324605,
      -23.773421
     ],
     [
      -46.325059,
      -23.773321
     ],
     [
      -46.325279,
      -23.773265
     ],
     [
      -46.325496,
      -23.773201
     ],
     [
      -46.325709,
      -23.773127
     ],
     [
      -46.325919,
      -23.773046
     ],
     [
      -46.326125,
      -23.772956
     ],
     [
      -46.326326,
      -23.772857
     ],
     [
      -46.326523,
      -23.772751
     ],
     [
      -46.326715,
      -23.772637
     ],
     [
      -46.327162,
      -23.772364
     ],
     [
      -46.327326,
      -23.772266
     ],
     [
      -46.327496,
      -23.772176
     ],
     [
      -46.32767,
      -23.772093
     ],
     [
      -46.327849,
      -23.77202
     ],
     [
      -46.328032,
      -23.771955
     ],
     [
      -46.328219,
      -23.771898
     ],
     [
      -46.328408,
      -23.771851
     ],
     [
      -46.3286,
      -23.771813
     ],
     [
      -46.328794,
      -23.771784
     ],
     [
      -46.328989,
      -23.771764
     ],
     [
      -46.329185,
      -23.771754
     ],
     [
      -46.329381,
      -23.771753
     ],
     [
      -46.330472,
      -23.771762
     ],
     [
      -46.330664,
      -23.771756
     ],
     [
      -46.330856,
      -23.771746
     ],
     [
      -46.331048,
      -23.77173
     ],
     [
      -46.331239,
      -23.77171
     ],
     [
      -46.33143,
      -23.771684
     ],
     [
      -46.331619,
      -23.771653
     ],
     [
      -46.331808,
      -23.771618
     ],
     [
      -46.331995,
      -23.771577
     ],
     [
      -46.33466,
      -23.770936
     ],
     [
      -46.335422,
      -23.77079
     ],
     [
      -46.335937,
      -23.770719
     ],
     [
      -46.337096,
      -23.770444
     ],
     [
      -46.337713,
      -23.770212
     ],
     [
      -46.338143,
      -23.770051
     ],
     [
      -46.338376,
      -23.769947
     ],
     [
      -46.338864,
      -23.769729
     ],
     [
      -46.339782,
      -23.769242
     ],
     [
      -46.340374,
      -23.768912
     ],
     [
      -46.341404,
      -23.76852
     ],
     [
      -46.342453,
      -23.768332
     ],
     [
      -46.342752,
      -23.768276
     ],
     [
      -46.344417,
      -23.767938
     ],
     [
      -46.344736,
      -23.767849
     ],
     [
      -46.345558,
      -23.767621
     ],
     [
      -46.346477,
      -23.767365
     ],
     [
      -46.34906,
      -23.766619
     ],
     [
      -46.351276,
      -23.765986
     ],
     [
      -46.35304,
      -23.765556
     ],
     [
      -46.354167,
      -23.765276
     ],
     [
      -46.355358,
      -23.764996
     ],
     [
      -46.356146,
      -23.764795
     ],
     [
      -46.356817,
      -23.764702
     ],
     [
      -46.35748,
      -23.764702
     ],
     [
      -46.357702,
      -23.764731
     ],
     [
      -46.358196,
      -23.764829
     ],
     [
      -46.358736,
      -23.765012
     ],
     [
      -46.359236,
      -23.765207
     ],
     [
      -46.359918,
      -23.765477
     ],
     [
      -46.360481,
      -23.765644
     ],
     [
      -46.361178,
      -23.765728
     ],
     [
      -46.361822,
      -23.765757
     ],
     [
      -46.362165,
      -23.765742
     ],
     [
      -46.363849,
      -23.765536
     ],
     [
      -46.364255,
      -23.765511
     ],
     [
      -46.364713,
      -23.765493
     ],
     [
      -46.365087,
      -23.765491
     ],
     [
      -46.367239,
      -23.76545
     ],
     [
      -46.36771,
      -23.765432
     ],
     [
      -46.368245,
      -23.765383
     ],
     [
      -46.368629,
      -23.765326
     ],
     [
      -46.369089,
      -23.765234
     ],
     [
      -46.369674,
      -23.765102
     ],
     [
      -46.370202,
      -23.76497
     ],
     [
      -46.373021,
      -23.764268
     ],
     [
      -46.374664,
      -23.763858
     ],
     [
      -46.375353,
      -23.763684
     ],
     [
      -46.375896,
      -23.763539
     ],
     [
      -46.376226,
      -23.763434
     ],
     [
      -46.37653,
      -23.763331
     ],
     [
      -46.376817,
      -23.763206
     ],
     [
      -46.377107,
      -23.763056
     ],
     [
      -46.377457,
      -23.762848
     ],
     [
      -46.377727,
      -23.762669
     ],
     [
      -46.378031,
      -23.762438
     ],
     [
      -46.378777,
      -23.761843
     ],
     [
      -46.379113,
      -23.761575
     ],
     [
      -46.379366,
      -23.761394
     ],
     [
      -46.379694,
      -23.761185
     ],
     [
      -46.380071,
      -23.760963
     ],
     [
      -46.380936,
      -23.760482
     ],
     [
      -46.38166,
      -23.76009
     ],
     [
      -46.383076,
      -23.759336
     ],
     [
      -46.38355,
      -23.759075
     ],
     [
      -46.384,
      -23.758836
     ],
     [
      -46.384299,
      -23.758666
     ],
     [
      -46.384612,
      -23.758471
     ],
     [
      -46.384931,
      -23.758268
     ],
     [
      -46.385206,
      -23.758071
     ],
     [
      -46.38554,
      -23.757809
     ],
     [
      -46.385803,
      -23.75757
     ],
     [
      -46.386065,
      -23.757316
     ],
     [
      -46.386276,
      -23.757104
     ],
     [
      -46.386466,
      -23.756886
     ],
     [
      -46.386624,
      -23.756691
     ],
     [
      -46.386804,
      -23.756455
     ],
     [
      -46.387181,
      -23.755899
     ],
     [
      -46.387961,
      -23.754756
     ],
     [
      -46.388539,
      -23.753869
     ],
     [
      -46.388787,
      -23.7535
     ],
     [
      -46.388992,
      -23.753136
     ],
     [
      -46.389188,
      -23.752752
     ],
     [
      -46.389297,
      -23.752485
     ],
     [
      -46.389384,
      -23.752235
     ],
     [
      -46.389455,
      -23.751976
     ],
     [
      -46.38951,
      -23.751759
     ],
     [
      -46.389551,
      -23.751572
     ],
     [
      -46.389555,
      -23.751418
     ],
     [
      -46.389595,
      -23.751074
     ],
     [
      -46.389606,
      -23.750774
     ],
     [
      -46.389613,
      -23.750563
     ],
     [
      -46.389645,
      -23.749731
     ],
     [
      -46.389669,
      -23.749122
     ],
     [
      -46.389696,
      -23.748761
     ],
     [
      -46.389735,
      -23.748469
     ],
     [
      -46.389782,
      -23.74816
     ],
     [
      -46.389834,
      -23.747868
     ],
     [
      -46.389876,
      -23.747671
     ],
     [
      -46.390092,
      -23.74693
     ],
     [
      -46.390466,
      -23.745685
     ],
     [
      -46.390587,
      -23.745349
     ],
     [
      -46.390689,
      -23.745073
     ],
     [
      -46.390791,
      -23.744844
     ],
     [
      -46.390954,
      -23.744523
     ],
     [
      -46.391247,
      -23.744083
     ],
     [
      -46.391358,
      -23.74393
     ],
     [
      -46.391576,
      -23.743656
     ],
     [
      -46.39172,
      -23.743495
     ],
     [
      -46.39176,
      -23.743452
     ]
    ]
   }
  },
  {
   "type": "Feature",
   "properties": {
    "id": "spr-rio-grande-bras",
    "method": "osm-current",
    "osm_ways": [
     170048570,
     170048571,
     170054767,
     170263040,
     170263692,
     170361810,
     170361815,
     188465675,
     218398399,
     218398405,
     218530347,
     218539081,
     218541394,
     218651912,
     218651914,
     218801091,
     252385767,
     294599567,
     294599569,
     395662451,
     395662453,
     477364069,
     507867060,
     739370958,
     739370959,
     739370962,
     739370965,
     739370972,
     924512716,
     1158977489,
     1158977492,
     1285601630
    ],
    "bridged_gap_m": 0,
    "generated": "2026-10-03"
   },
   "geometry": {
    "type": "LineString",
    "coordinates": [
     [
      -46.39176,
      -23.743452
     ],
     [
      -46.391898,
      -23.743315
     ],
     [
      -46.392095,
      -23.743123
     ],
     [
      -46.392227,
      -23.743004
     ],
     [
      -46.392313,
      -23.742935
     ],
     [
      -46.392555,
      -23.742754
     ],
     [
      -46.392853,
      -23.74256
     ],
     [
      -46.393135,
      -23.742389
     ],
     [
      -46.393378,
      -23.742262
     ],
     [
      -46.39362,
      -23.742147
     ],
     [
      -46.393868,
      -23.742042
     ],
     [
      -46.394036,
      -23.741975
     ],
     [
      -46.394264,
      -23.741899
     ],
     [
      -46.394685,
      -23.74177
     ],
     [
      -46.395961,
      -23.741389
     ],
     [
      -46.396469,
      -23.741239
     ],
     [
      -46.396929,
      -23.741104
     ],
     [
      -46.397148,
      -23.741043
     ],
     [
      -46.397376,
      -23.740974
     ],
     [
      -46.39758,
      -23.740905
     ],
     [
      -46.39829,
      -23.74064
     ],
     [
      -46.398696,
      -23.740489
     ],
     [
      -46.398996,
      -23.740378
     ],
     [
      -46.399246,
      -23.740282
     ],
     [
      -46.399446,
      -23.740203
     ],
     [
      -46.399644,
      -23.740121
     ],
     [
      -46.399783,
      -23.740063
     ],
     [
      -46.399981,
      -23.739963
     ],
     [
      -46.40019,
      -23.739841
     ],
     [
      -46.400381,
      -23.739737
     ],
     [
      -46.400563,
      -23.739614
     ],
     [
      -46.400816,
      -23.739444
     ],
     [
      -46.401014,
      -23.739293
     ],
     [
      -46.401375,
      -23.738996
     ],
     [
      -46.401571,
      -23.738814
     ],
     [
      -46.401781,
      -23.738603
     ],
     [
      -46.401994,
      -23.738363
     ],
     [
      -46.402097,
      -23.73823
     ],
     [
      -46.402213,
      -23.738064
     ],
     [
      -46.402328,
      -23.737889
     ],
     [
      -46.402428,
      -23.737705
     ],
     [
      -46.402627,
      -23.737339
     ],
     [
      -46.40279,
      -23.736984
     ],
     [
      -46.402893,
      -23.736718
     ],
     [
      -46.403011,
      -23.736377
     ],
     [
      -46.403064,
      -23.736152
     ],
     [
      -46.403115,
      -23.735889
     ],
     [
      -46.403154,
      -23.735632
     ],
     [
      -46.40322,
      -23.734937
     ],
     [
      -46.403259,
      -23.734393
     ],
     [
      -46.403283,
      -23.734126
     ],
     [
      -46.403325,
      -23.733868
     ],
     [
      -46.403369,
      -23.733637
     ],
     [
      -46.403435,
      -23.733363
     ],
     [
      -46.403533,
      -23.73305
     ],
     [
      -46.403694,
      -23.732611
     ],
     [
      -46.403895,
      -23.732103
     ],
     [
      -46.404008,
      -23.73174
     ],
     [
      -46.404052,
      -23.731548
     ],
     [
      -46.404101,
      -23.731352
     ],
     [
      -46.404143,
      -23.731088
     ],
     [
      -46.404166,
      -23.730896
     ],
     [
      -46.404184,
      -23.730642
     ],
     [
      -46.404181,
      -23.730426
     ],
     [
      -46.404169,
      -23.730186
     ],
     [
      -46.404146,
      -23.730003
     ],
     [
      -46.404124,
      -23.729844
     ],
     [
      -46.403859,
      -23.728721
     ],
     [
      -46.403808,
      -23.728468
     ],
     [
      -46.40376,
      -23.728207
     ],
     [
      -46.403736,
      -23.727983
     ],
     [
      -46.40372,
      -23.727787
     ],
     [
      -46.403712,
      -23.727518
     ],
     [
      -46.403721,
      -23.727122
     ],
     [
      -46.403767,
      -23.726363
     ],
     [
      -46.403846,
      -23.725281
     ],
     [
      -46.40387,
      -23.724732
     ],
     [
      -46.403873,
      -23.724418
     ],
     [
      -46.403867,
      -23.724197
     ],
     [
      -46.403873,
      -23.723981
     ],
     [
      -46.403897,
      -23.723782
     ],
     [
      -46.403934,
      -23.72359
     ],
     [
      -46.404011,
      -23.723281
     ],
     [
      -46.40409,
      -23.723046
     ],
     [
      -46.404189,
      -23.722803
     ],
     [
      -46.404294,
      -23.722604
     ],
     [
      -46.404419,
      -23.722394
     ],
     [
      -46.40456,
      -23.72217
     ],
     [
      -46.404683,
      -23.721992
     ],
     [
      -46.40485,
      -23.721786
     ],
     [
      -46.405038,
      -23.721583
     ],
     [
      -46.405148,
      -23.721469
     ],
     [
      -46.405329,
      -23.721299
     ],
     [
      -46.405531,
      -23.72114
     ],
     [
      -46.405803,
      -23.720939
     ],
     [
      -46.406087,
      -23.72076
     ],
     [
      -46.406421,
      -23.720562
     ],
     [
      -46.407253,
      -23.720053
     ],
     [
      -46.407752,
      -23.71975
     ],
     [
      -46.40981,
      -23.718473
     ],
     [
      -46.410154,
      -23.718256
     ],
     [
      -46.41038,
      -23.718096
     ],
     [
      -46.410623,
      -23.717911
     ],
     [
      -46.410851,
      -23.717725
     ],
     [
      -46.411064,
      -23.717543
     ],
     [
      -46.411349,
      -23.71727
     ],
     [
      -46.411588,
      -23.717023
     ],
     [
      -46.411796,
      -23.716806
     ],
     [
      -46.412666,
      -23.715876
     ],
     [
      -46.41311,
      -23.715422
     ],
     [
      -46.413402,
      -23.715131
     ],
     [
      -46.414858,
      -23.713641
     ],
     [
      -46.415186,
      -23.713302
     ],
     [
      -46.415644,
      -23.712814
     ],
     [
      -46.416334,
      -23.712085
     ],
     [
      -46.41707,
      -23.711334
     ],
     [
      -46.418473,
      -23.709853
     ],
     [
      -46.419396,
      -23.708886
     ],
     [
      -46.419536,
      -23.708733
     ],
     [
      -46.420439,
      -23.70783
     ],
     [
      -46.420646,
      -23.707646
     ],
     [
      -46.420865,
      -23.707444
     ],
     [
      -46.421075,
      -23.707289
     ],
     [
      -46.42128,
      -23.707148
     ],
     [
      -46.421484,
      -23.70701
     ],
     [
      -46.421745,
      -23.706857
     ],
     [
      -46.42202,
      -23.706707
     ],
     [
      -46.422324,
      -23.706575
     ],
     [
      -46.422614,
      -23.706469
     ],
     [
      -46.422922,
      -23.70637
     ],
     [
      -46.423211,
      -23.706283
     ],
     [
      -46.423502,
      -23.706207
     ],
     [
      -46.424005,
      -23.706096
     ],
     [
      -46.425804,
      -23.705669
     ],
     [
      -46.427753,
      -23.705196
     ],
     [
      -46.429617,
      -23.70477
     ],
     [
      -46.430467,
      -23.704582
     ],
     [
      -46.431269,
      -23.704394
     ],
     [
      -46.431626,
      -23.704293
     ],
     [
      -46.432012,
      -23.704177
     ],
     [
      -46.432374,
      -23.704048
     ],
     [
      -46.432631,
      -23.703925
     ],
     [
      -46.432921,
      -23.703774
     ],
     [
      -46.433217,
      -23.703591
     ],
     [
      -46.433463,
      -23.703437
     ],
     [
      -46.433825,
      -23.703149
     ],
     [
      -46.434132,
      -23.702866
     ],
     [
      -46.434351,
      -23.702636
     ],
     [
      -46.434629,
      -23.702307
     ],
     [
      -46.434835,
      -23.702032
     ],
     [
      -46.435026,
      -23.701701
     ],
     [
      -46.435337,
      -23.701055
     ],
     [
      -46.435613,
      -23.700476
     ],
     [
      -46.435707,
      -23.700282
     ],
     [
      -46.435824,
      -23.700058
     ],
     [
      -46.43593,
      -23.699844
     ],
     [
      -46.436058,
      -23.699642
     ],
     [
      -46.436183,
      -23.699443
     ],
     [
      -46.436355,
      -23.699221
     ],
     [
      -46.436522,
      -23.699017
     ],
     [
      -46.437644,
      -23.697828
     ],
     [
      -46.438317,
      -23.69713
     ],
     [
      -46.438497,
      -23.696964
     ],
     [
      -46.438719,
      -23.696765
     ],
     [
      -46.438956,
      -23.696596
     ],
     [
      -46.439218,
      -23.696422
     ],
     [
      -46.439455,
      -23.69629
     ],
     [
      -46.43972,
      -23.696161
     ],
     [
      -46.440027,
      -23.696034
     ],
     [
      -46.440341,
      -23.69592
     ],
     [
      -46.440605,
      -23.695847
     ],
     [
      -46.440934,
      -23.695774
     ],
     [
      -46.441253,
      -23.695725
     ],
     [
      -46.441579,
      -23.695693
     ],
     [
      -46.44195,
      -23.695684
     ],
     [
      -46.442233,
      -23.695697
     ],
     [
      -46.443175,
      -23.695765
     ],
     [
      -46.443638,
      -23.695787
     ],
     [
      -46.443889,
      -23.695798
     ],
     [
      -46.444115,
      -23.695798
     ],
     [
      -46.444344,
      -23.695784
     ],
     [
      -46.444586,
      -23.695759
     ],
     [
      -46.444939,
      -23.6957
     ],
     [
      -46.445283,
      -23.695596
     ],
     [
      -46.445585,
      -23.695495
     ],
     [
      -46.445814,
      -23.695397
     ],
     [
      -46.446079,
      -23.695276
     ],
     [
      -46.446396,
      -23.69508
     ],
     [
      -46.446682,
      -23.694874
     ],
     [
      -46.446946,
      -23.694661
     ],
     [
      -46.447163,
      -23.694449
     ],
     [
      -46.447342,
      -23.694227
     ],
     [
      -46.447565,
      -23.693912
     ],
     [
      -46.447726,
      -23.693667
     ],
     [
      -46.449177,
      -23.691433
     ],
     [
      -46.449315,
      -23.691219
     ],
     [
      -46.449563,
      -23.690814
     ],
     [
      -46.449757,
      -23.690435
     ],
     [
      -46.451163,
      -23.687454
     ],
     [
      -46.451488,
      -23.686761
     ],
     [
      -46.451703,
      -23.686253
     ],
     [
      -46.451806,
      -23.685952
     ],
     [
      -46.451915,
      -23.685567
     ],
     [
      -46.451998,
      -23.685178
     ],
     [
      -46.452053,
      -23.684851
     ],
     [
      -46.452155,
      -23.684223
     ],
     [
      -46.452235,
      -23.683809
     ],
     [
      -46.4523,
      -23.68354
     ],
     [
      -46.452351,
      -23.683348
     ],
     [
      -46.452425,
      -23.683111
     ],
     [
      -46.452521,
      -23.682847
     ],
     [
      -46.453,
      -23.681652
     ],
     [
      -46.453074,
      -23.681431
     ],
     [
      -46.453151,
      -23.68121
     ],
     [
      -46.453215,
      -23.680966
     ],
     [
      -46.453254,
      -23.680824
     ],
     [
      -46.453303,
      -23.680559
     ],
     [
      -46.453369,
      -23.68023
     ],
     [
      -46.453586,
      -23.678736
     ],
     [
      -46.453804,
      -23.677264
     ],
     [
      -46.453848,
      -23.676939
     ],
     [
      -46.453896,
      -23.676711
     ],
     [
      -46.453972,
      -23.676375
     ],
     [
      -46.454084,
      -23.676007
     ],
     [
      -46.454168,
      -23.675777
     ],
     [
      -46.454289,
      -23.675486
     ],
     [
      -46.454414,
      -23.675205
     ],
     [
      -46.454589,
      -23.67489
     ],
     [
      -46.454783,
      -23.674578
     ],
     [
      -46.454928,
      -23.674356
     ],
     [
      -46.455155,
      -23.674073
     ],
     [
      -46.45539,
      -23.673797
     ],
     [
      -46.455612,
      -23.67356
     ],
     [
      -46.456605,
      -23.672543
     ],
     [
      -46.457097,
      -23.67204
     ],
     [
      -46.458167,
      -23.670936
     ],
     [
      -46.458755,
      -23.670353
     ],
     [
      -46.459067,
      -23.670061
     ],
     [
      -46.459324,
      -23.669829
     ],
     [
      -46.45946,
      -23.669708
     ],
     [
      -46.459716,
      -23.669496
     ],
     [
      -46.459995,
      -23.66927
     ],
     [
      -46.460324,
      -23.669031
     ],
     [
      -46.461,
      -23.668582
     ],
     [
      -46.461532,
      -23.668229
     ],
     [
      -46.462412,
      -23.667644
     ],
     [
      -46.462861,
      -23.667354
     ],
     [
      -46.463845,
      -23.666714
     ],
     [
      -46.464554,
      -23.666244
     ],
     [
      -46.465756,
      -23.665455
     ],
     [
      -46.465962,
      -23.665318
     ],
     [
      -46.466541,
      -23.664931
     ],
     [
      -46.466936,
      -23.664667
     ],
     [
      -46.467355,
      -23.664392
     ],
     [
      -46.467798,
      -23.664101
     ],
     [
      -46.468208,
      -23.663833
     ],
     [
      -46.469154,
      -23.663214
     ],
     [
      -46.47004,
      -23.662629
     ],
     [
      -46.470388,
      -23.662395
     ],
     [
      -46.470541,
      -23.662298
     ],
     [
      -46.470711,
      -23.662193
     ],
     [
      -46.47088,
      -23.662091
     ],
     [
      -46.471078,
      -23.661979
     ],
     [
      -46.471303,
      -23.661858
     ],
     [
      -46.471512,
      -23.661753
     ],
     [
      -46.471747,
      -23.66164
     ],
     [
      -46.471981,
      -23.661537
     ],
     [
      -46.472252,
      -23.661422
     ],
     [
      -46.472699,
      -23.661234
     ],
     [
      -46.475729,
      -23.659948
     ],
     [
      -46.476755,
      -23.659505
     ],
     [
      -46.477766,
      -23.659082
     ],
     [
      -46.478365,
      -23.65883
     ],
     [
      -46.478697,
      -23.658693
     ],
     [
      -46.478984,
      -23.658566
     ],
     [
      -46.47932,
      -23.658425
     ],
     [
      -46.48036,
      -23.657998
     ],
     [
      -46.481146,
      -23.65769
     ],
     [
      -46.481428,
      -23.657588
     ],
     [
      -46.481755,
      -23.657486
     ],
     [
      -46.482181,
      -23.657374
     ],
     [
      -46.482478,
      -23.657316
     ],
     [
      -46.482831,
      -23.657253
     ],
     [
      -46.483195,
      -23.657201
     ],
     [
      -46.483508,
      -23.657166
     ],
     [
      -46.483757,
      -23.657148
     ],
     [
      -46.484013,
      -23.657135
     ],
     [
      -46.484341,
      -23.657125
     ],
     [
      -46.484776,
      -23.657134
     ],
     [
      -46.485156,
      -23.657148
     ],
     [
      -46.485629,
      -23.657204
     ],
     [
      -46.485966,
      -23.657247
     ],
     [
      -46.486309,
      -23.657313
     ],
     [
      -46.486609,
      -23.657382
     ],
     [
      -46.486992,
      -23.657483
     ],
     [
      -46.488522,
      -23.657918
     ],
     [
      -46.490605,
      -23.65849
     ],
     [
      -46.491449,
      -23.658742
     ],
     [
      -46.491704,
      -23.658815
     ],
     [
      -46.49733,
      -23.660439
     ],
     [
      -46.498219,
      -23.660681
     ],
     [
      -46.49846,
      -23.660745
     ],
     [
      -46.49891,
      -23.660837
     ],
     [
      -46.499233,
      -23.660887
     ],
     [
      -46.499523,
      -23.66093
     ],
     [
      -46.499832,
      -23.660958
     ],
     [
      -46.500151,
      -23.660978
     ],
     [
      -46.500483,
      -23.660988
     ],
     [
      -46.500866,
      -23.660986
     ],
     [
      -46.50125,
      -23.660967
     ],
     [
      -46.501482,
      -23.660943
     ],
     [
      -46.501896,
      -23.6609
     ],
     [
      -46.502179,
      -23.660855
     ],
     [
      -46.502539,
      -23.660788
     ],
     [
      -46.502853,
      -23.660723
     ],
     [
      -46.503665,
      -23.660525
     ],
     [
      -46.511208,
      -23.658745
     ],
     [
      -46.511485,
      -23.658679
     ],
     [
      -46.512888,
      -23.658334
     ],
     [
      -46.515725,
      -23.65765
     ],
     [
      -46.517303,
      -23.657278
     ],
     [
      -46.518269,
      -23.657045
     ],
     [
      -46.518759,
      -23.656934
     ],
     [
      -46.519186,
      -23.656823
     ],
     [
      -46.519572,
      -23.656715
     ],
     [
      -46.519888,
      -23.656603
     ],
     [
      -46.520252,
      -23.656475
     ],
     [
      -46.520653,
      -23.656322
     ],
     [
      -46.521329,
      -23.656058
     ],
     [
      -46.521996,
      -23.655791
     ],
     [
      -46.522681,
      -23.655508
     ],
     [
      -46.523555,
      -23.655156
     ],
     [
      -46.523916,
      -23.655047
     ],
     [
      -46.524161,
      -23.654968
     ],
     [
      -46.525032,
      -23.65462
     ],
     [
      -46.525503,
      -23.654433
     ],
     [
      -46.525755,
      -23.654333
     ],
     [
      -46.526043,
      -23.654183
     ],
     [
      -46.526365,
      -23.654004
     ],
     [
      -46.526599,
      -23.65386
     ],
     [
      -46.526782,
      -23.653731
     ],
     [
      -46.526977,
      -23.65358
     ],
     [
      -46.527141,
      -23.653445
     ],
     [
      -46.527435,
      -23.65317
     ],
     [
      -46.527669,
      -23.65291
     ],
     [
      -46.527754,
      -23.652816
     ],
     [
      -46.527839,
      -23.652717
     ],
     [
      -46.527925,
      -23.652614
     ],
     [
      -46.528279,
      -23.65217
     ],
     [
      -46.528996,
      -23.651272
     ],
     [
      -46.529079,
      -23.651165
     ],
     [
      -46.529155,
      -23.651061
     ],
     [
      -46.529284,
      -23.650877
     ],
     [
      -46.529399,
      -23.650721
     ],
     [
      -46.529995,
      -23.649761
     ],
     [
      -46.530274,
      -23.649232
     ],
     [
      -46.53034,
      -23.649089
     ],
     [
      -46.530453,
      -23.648832
     ],
     [
      -46.530621,
      -23.648558
     ],
     [
      -46.531163,
      -23.647642
     ],
     [
      -46.531225,
      -23.647537
     ],
     [
      -46.53175,
      -23.646674
     ],
     [
      -46.532259,
      -23.645809
     ],
     [
      -46.532644,
      -23.645184
     ],
     [
      -46.533315,
      -23.64408
     ],
     [
      -46.534122,
      -23.642759
     ],
     [
      -46.535168,
      -23.641028
     ],
     [
      -46.535253,
      -23.640886
     ],
     [
      -46.536753,
      -23.638399
     ],
     [
      -46.539481,
      -23.633881
     ],
     [
      -46.53967,
      -23.633547
     ],
     [
      -46.539811,
      -23.633324
     ],
     [
      -46.540029,
      -23.632879
     ],
     [
      -46.540243,
      -23.63253
     ],
     [
      -46.541247,
      -23.630867
     ],
     [
      -46.543417,
      -23.627294
     ],
     [
      -46.544031,
      -23.626261
     ],
     [
      -46.54464,
      -23.625259
     ],
     [
      -46.545028,
      -23.624595
     ],
     [
      -46.546069,
      -23.622891
     ],
     [
      -46.546571,
      -23.622041
     ],
     [
      -46.547538,
      -23.620452
     ],
     [
      -46.547957,
      -23.619762
     ],
     [
      -46.548162,
      -23.61944
     ],
     [
      -46.548379,
      -23.619112
     ],
     [
      -46.548614,
      -23.618801
     ],
     [
      -46.548812,
      -23.618562
     ],
     [
      -46.549111,
      -23.618253
     ],
     [
      -46.549352,
      -23.617997
     ],
     [
      -46.549559,
      -23.617806
     ],
     [
      -46.549783,
      -23.617623
     ],
     [
      -46.550007,
      -23.617443
     ],
     [
      -46.550286,
      -23.617244
     ],
     [
      -46.550559,
      -23.617066
     ],
     [
      -46.550912,
      -23.61686
     ],
     [
      -46.551283,
      -23.616665
     ],
     [
      -46.551497,
      -23.61656
     ],
     [
      -46.551718,
      -23.616463
     ],
     [
      -46.552008,
      -23.616352
     ],
     [
      -46.552593,
      -23.616138
     ],
     [
      -46.554387,
      -23.615507
     ],
     [
      -46.556683,
      -23.614706
     ],
     [
      -46.55952,
      -23.613733
     ],
     [
      -46.560965,
      -23.613226
     ],
     [
      -46.561674,
      -23.612985
     ],
     [
      -46.562372,
      -23.612734
     ],
     [
      -46.563701,
      -23.612271
     ],
     [
      -46.565541,
      -23.61164
     ],
     [
      -46.566723,
      -23.611241
     ],
     [
      -46.568274,
      -23.610664
     ],
     [
      -46.569935,
      -23.610083
     ],
     [
      -46.570054,
      -23.610043
     ],
     [
      -46.571136,
      -23.609674
     ],
     [
      -46.572138,
      -23.609338
     ],
     [
      -46.573693,
      -23.608814
     ],
     [
      -46.575243,
      -23.608259
     ],
     [
      -46.575964,
      -23.607931
     ],
     [
      -46.576401,
      -23.607688
     ],
     [
      -46.576863,
      -23.607367
     ],
     [
      -46.5771,
      -23.607181
     ],
     [
      -46.577429,
      -23.606872
     ],
     [
      -46.577662,
      -23.60663
     ],
     [
      -46.577998,
      -23.606244
     ],
     [
      -46.578327,
      -23.605862
     ],
     [
      -46.578845,
      -23.60526
     ],
     [
      -46.579191,
      -23.604836
     ],
     [
      -46.579459,
      -23.604516
     ],
     [
      -46.580053,
      -23.603821
     ],
     [
      -46.581693,
      -23.601858
     ],
     [
      -46.582323,
      -23.601125
     ],
     [
      -46.586518,
      -23.596142
     ],
     [
      -46.586914,
      -23.595675
     ],
     [
      -46.587471,
      -23.595021
     ],
     [
      -46.587785,
      -23.594639
     ],
     [
      -46.588471,
      -23.593845
     ],
     [
      -46.588877,
      -23.593394
     ],
     [
      -46.589488,
      -23.592665
     ],
     [
      -46.589959,
      -23.592132
     ],
     [
      -46.590879,
      -23.590979
     ],
     [
      -46.591403,
      -23.590377
     ],
     [
      -46.591932,
      -23.589733
     ],
     [
      -46.593168,
      -23.588273
     ],
     [
      -46.593457,
      -23.587925
     ],
     [
      -46.59364,
      -23.587705
     ],
     [
      -46.594241,
      -23.58699
     ],
     [
      -46.594635,
      -23.586395
     ],
     [
      -46.594911,
      -23.58592
     ],
     [
      -46.595192,
      -23.585411
     ],
     [
      -46.59552,
      -23.584787
     ],
     [
      -46.596521,
      -23.58271
     ],
     [
      -46.596901,
      -23.581877
     ],
     [
      -46.598091,
      -23.579381
     ],
     [
      -46.598588,
      -23.578257
     ],
     [
      -46.599419,
      -23.57647
     ],
     [
      -46.599902,
      -23.575501
     ],
     [
      -46.600691,
      -23.573866
     ],
     [
      -46.601406,
      -23.572419
     ],
     [
      -46.601908,
      -23.571377
     ],
     [
      -46.602102,
      -23.570958
     ],
     [
      -46.602322,
      -23.570514
     ],
     [
      -46.602912,
      -23.56927
     ],
     [
      -46.603104,
      -23.568832
     ],
     [
      -46.603443,
      -23.568152
     ],
     [
      -46.603721,
      -23.567544
     ],
     [
      -46.60428,
      -23.566377
     ],
     [
      -46.605422,
      -23.564038
     ],
     [
      -46.605762,
      -23.563325
     ],
     [
      -46.606253,
      -23.562339
     ],
     [
      -46.606916,
      -23.56094
     ],
     [
      -46.608312,
      -23.557907
     ],
     [
      -46.60911,
      -23.556298
     ],
     [
      -46.609337,
      -23.555922
     ],
     [
      -46.610427,
      -23.554303
     ],
     [
      -46.610836,
      -23.553723
     ],
     [
      -46.611007,
      -23.553503
     ],
     [
      -46.611135,
      -23.553356
     ],
     [
      -46.612221,
      -23.551804
     ],
     [
      -46.613025,
      -23.550624
     ],
     [
      -46.613362,
      -23.550125
     ],
     [
      -46.613895,
      -23.549303
     ],
     [
      -46.6146,
      -23.548275
     ],
     [
      -46.615527,
      -23.546874
     ],
     [
      -46.615593,
      -23.546777
     ],
     [
      -46.615731,
      -23.546567
     ],
     [
      -46.616512,
      -23.545421
     ],
     [
      -46.617119,
      -23.544524
     ],
     [
      -46.617237,
      -23.544347
     ],
     [
      -46.617358,
      -23.544101
     ],
     [
      -46.617479,
      -23.543921
     ],
     [
      -46.618073,
      -23.543105
     ]
    ]
   }
  },
  {
   "type": "Feature",
   "properties": {
    "id": "spr-bras-luz",
    "method": "osm-current",
    "osm_ways": [
     173538358,
     173538360,
     173538366,
     173538368,
     173544446,
     173544447,
     710516281,
     710516285,
     739370960,
     739370961,
     739370962
    ],
    "bridged_gap_m": 0,
    "generated": "2026-10-03"
   },
   "geometry": {
    "type": "LineString",
    "coordinates": [
     [
      -46.618073,
      -23.543105
     ],
     [
      -46.618584,
      -23.542404
     ],
     [
      -46.618696,
      -23.542263
     ],
     [
      -46.619054,
      -23.541864
     ],
     [
      -46.619284,
      -23.541577
     ],
     [
      -46.620022,
      -23.54078
     ],
     [
      -46.620314,
      -23.540484
     ],
     [
      -46.620628,
      -23.540207
     ],
     [
      -46.621408,
      -23.539611
     ],
     [
      -46.621893,
      -23.539306
     ],
     [
      -46.62252,
      -23.538945
     ],
     [
      -46.623377,
      -23.538493
     ],
     [
      -46.623825,
      -23.538298
     ],
     [
      -46.623907,
      -23.538269
     ],
     [
      -46.624307,
      -23.538127
     ],
     [
      -46.624773,
      -23.537989
     ],
     [
      -46.625423,
      -23.537821
     ],
     [
      -46.6259,
      -23.537629
     ],
     [
      -46.626188,
      -23.537552
     ],
     [
      -46.626968,
      -23.537353
     ],
     [
      -46.627263,
      -23.537279
     ],
     [
      -46.627477,
      -23.537224
     ],
     [
      -46.6278,
      -23.537103
     ],
     [
      -46.627973,
      -23.537059
     ],
     [
      -46.628146,
      -23.537017
     ],
     [
      -46.628433,
      -23.536942
     ],
     [
      -46.62903,
      -23.536786
     ],
     [
      -46.631277,
      -23.536204
     ],
     [
      -46.632526,
      -23.535872
     ]
    ]
   }
  },
  {
   "type": "Feature",
   "properties": {
    "id": "spr-luz-jundiai",
    "method": "osm-current",
    "osm_ways": [
     20927661,
     173538368,
     173693187,
     173693194,
     173694609,
     174003747,
     188541299,
     188541301,
     188541303,
     188542220,
     188542585,
     188544512,
     188544513,
     188544514,
     188544838,
     189121707,
     449561733,
     455452963,
     455654674,
     481012267,
     481012268,
     481012275,
     484149732,
     684685165,
     684685168,
     684685169,
     710516278,
     739432925,
     842528707,
     842528708,
     842528713,
     842528780,
     974146371,
     1315750932,
     1488672643,
     1488672646,
     1488672648,
     1488672652,
     1488672653,
     1488672660,
     1494543453
    ],
    "bridged_gap_m": 0,
    "generated": "2026-10-03"
   },
   "geometry": {
    "type": "LineString",
    "coordinates": [
     [
      -46.632526,
      -23.535872
     ],
     [
      -46.632726,
      -23.535813
     ],
     [
      -46.632998,
      -23.535716
     ],
     [
      -46.633389,
      -23.535601
     ],
     [
      -46.63407,
      -23.535398
     ],
     [
      -46.634627,
      -23.535258
     ],
     [
      -46.635376,
      -23.535069
     ],
     [
      -46.635886,
      -23.53494
     ],
     [
      -46.635999,
      -23.534911
     ],
     [
      -46.636629,
      -23.534761
     ],
     [
      -46.637207,
      -23.534621
     ],
     [
      -46.637854,
      -23.53444
     ],
     [
      -46.638151,
      -23.534336
     ],
     [
      -46.638415,
      -23.534232
     ],
     [
      -46.638742,
      -23.534077
     ],
     [
      -46.639093,
      -23.533874
     ],
     [
      -46.63933,
      -23.533721
     ],
     [
      -46.639655,
      -23.533468
     ],
     [
      -46.639903,
      -23.533257
     ],
     [
      -46.640111,
      -23.533065
     ],
     [
      -46.640304,
      -23.532845
     ],
     [
      -46.640515,
      -23.532586
     ],
     [
      -46.64065,
      -23.532395
     ],
     [
      -46.640792,
      -23.532165
     ],
     [
      -46.64091,
      -23.531998
     ],
     [
      -46.641493,
      -23.530918
     ],
     [
      -46.641669,
      -23.530626
     ],
     [
      -46.641829,
      -23.530427
     ],
     [
      -46.641936,
      -23.530261
     ],
     [
      -46.642058,
      -23.530092
     ],
     [
      -46.642177,
      -23.529934
     ],
     [
      -46.642271,
      -23.529823
     ],
     [
      -46.642424,
      -23.529655
     ],
     [
      -46.642644,
      -23.529437
     ],
     [
      -46.642887,
      -23.529216
     ],
     [
      -46.643341,
      -23.528874
     ],
     [
      -46.643578,
      -23.528719
     ],
     [
      -46.644041,
      -23.528452
     ],
     [
      -46.644368,
      -23.528303
     ],
     [
      -46.644691,
      -23.52817
     ],
     [
      -46.64502,
      -23.52806
     ],
     [
      -46.645563,
      -23.527907
     ],
     [
      -46.645875,
      -23.527849
     ],
     [
      -46.64621,
      -23.527802
     ],
     [
      -46.646538,
      -23.527772
     ],
     [
      -46.646871,
      -23.527756
     ],
     [
      -46.647209,
      -23.527759
     ],
     [
      -46.647564,
      -23.527778
     ],
     [
      -46.651329,
      -23.528074
     ],
     [
      -46.6518,
      -23.5281
     ],
     [
      -46.652087,
      -23.5281
     ],
     [
      -46.65236,
      -23.528087
     ],
     [
      -46.652674,
      -23.52805
     ],
     [
      -46.65295,
      -23.52801
     ],
     [
      -46.65318,
      -23.527967
     ],
     [
      -46.653425,
      -23.527911
     ],
     [
      -46.659478,
      -23.526192
     ],
     [
      -46.660124,
      -23.526049
     ],
     [
      -46.660362,
      -23.526001
     ],
     [
      -46.66069,
      -23.525946
     ],
     [
      -46.661111,
      -23.525895
     ],
     [
      -46.662218,
      -23.525811
     ],
     [
      -46.663296,
      -23.52571
     ],
     [
      -46.663622,
      -23.525687
     ],
     [
      -46.664227,
      -23.525647
     ],
     [
      -46.665876,
      -23.525516
     ],
     [
      -46.667403,
      -23.525397
     ],
     [
      -46.668899,
      -23.525279
     ],
     [
      -46.669163,
      -23.525258
     ],
     [
      -46.671745,
      -23.525049
     ],
     [
      -46.671896,
      -23.525041
     ],
     [
      -46.672012,
      -23.525028
     ],
     [
      -46.672617,
      -23.524983
     ],
     [
      -46.673205,
      -23.524902
     ],
     [
      -46.675474,
      -23.52473
     ],
     [
      -46.676263,
      -23.524666
     ],
     [
      -46.676902,
      -23.524631
     ],
     [
      -46.67736,
      -23.524574
     ],
     [
      -46.677722,
      -23.524511
     ],
     [
      -46.677944,
      -23.524458
     ],
     [
      -46.67826,
      -23.524382
     ],
     [
      -46.678565,
      -23.524297
     ],
     [
      -46.678899,
      -23.524183
     ],
     [
      -46.679178,
      -23.524079
     ],
     [
      -46.679459,
      -23.523957
     ],
     [
      -46.68212,
      -23.522689
     ],
     [
      -46.683554,
      -23.522005
     ],
     [
      -46.684071,
      -23.521782
     ],
     [
      -46.684372,
      -23.521679
     ],
     [
      -46.684785,
      -23.521563
     ],
     [
      -46.685517,
      -23.521413
     ],
     [
      -46.68588,
      -23.52135
     ],
     [
      -46.686331,
      -23.521313
     ],
     [
      -46.686715,
      -23.521294
     ],
     [
      -46.687188,
      -23.521294
     ],
     [
      -46.687891,
      -23.521304
     ],
     [
      -46.687967,
      -23.521305
     ],
     [
      -46.688053,
      -23.521307
     ],
     [
      -46.688297,
      -23.521312
     ],
     [
      -46.688405,
      -23.521313
     ],
     [
      -46.688462,
      -23.521314
     ],
     [
      -46.6906,
      -23.52134
     ],
     [
      -46.693508,
      -23.521366
     ],
     [
      -46.693998,
      -23.521332
     ],
     [
      -46.694473,
      -23.521283
     ],
     [
      -46.695332,
      -23.521127
     ],
     [
      -46.695726,
      -23.521016
     ],
     [
      -46.69617,
      -23.520865
     ],
     [
      -46.696611,
      -23.520701
     ],
     [
      -46.699258,
      -23.519547
     ],
     [
      -46.700038,
      -23.519207
     ],
     [
      -46.70193,
      -23.518404
     ],
     [
      -46.703615,
      -23.517668
     ],
     [
      -46.706449,
      -23.516433
     ],
     [
      -46.708073,
      -23.515748
     ],
     [
      -46.708576,
      -23.515525
     ],
     [
      -46.709058,
      -23.51529
     ],
     [
      -46.709486,
      -23.515043
     ],
     [
      -46.709839,
      -23.514814
     ],
     [
      -46.710243,
      -23.514521
     ],
     [
      -46.710707,
      -23.514154
     ],
     [
      -46.71103,
      -23.513855
     ],
     [
      -46.711337,
      -23.513557
     ],
     [
      -46.711886,
      -23.512951
     ],
     [
      -46.71222,
      -23.512526
     ],
     [
      -46.712494,
      -23.512128
     ],
     [
      -46.712838,
      -23.511592
     ],
     [
      -46.713103,
      -23.511073
     ],
     [
      -46.713351,
      -23.510488
     ],
     [
      -46.71363,
      -23.509737
     ],
     [
      -46.71378,
      -23.509339
     ],
     [
      -46.714698,
      -23.506426
     ],
     [
      -46.714759,
      -23.506199
     ],
     [
      -46.71484,
      -23.505857
     ],
     [
      -46.714889,
      -23.505637
     ],
     [
      -46.714931,
      -23.50534
     ],
     [
      -46.714958,
      -23.505049
     ],
     [
      -46.71497,
      -23.504787
     ],
     [
      -46.714962,
      -23.504398
     ],
     [
      -46.714945,
      -23.503822
     ],
     [
      -46.714875,
      -23.502139
     ],
     [
      -46.714867,
      -23.501869
     ],
     [
      -46.714882,
      -23.501568
     ],
     [
      -46.714923,
      -23.501276
     ],
     [
      -46.714982,
      -23.501007
     ],
     [
      -46.715044,
      -23.500771
     ],
     [
      -46.715127,
      -23.500494
     ],
     [
      -46.715216,
      -23.500255
     ],
     [
      -46.715321,
      -23.500027
     ],
     [
      -46.715506,
      -23.499654
     ],
     [
      -46.715617,
      -23.499422
     ],
     [
      -46.715804,
      -23.499087
     ],
     [
      -46.716105,
      -23.498563
     ],
     [
      -46.716288,
      -23.498273
     ],
     [
      -46.71645,
      -23.498037
     ],
     [
      -46.716631,
      -23.4978
     ],
     [
      -46.716911,
      -23.497431
     ],
     [
      -46.717315,
      -23.496928
     ],
     [
      -46.71844,
      -23.495646
     ],
     [
      -46.718997,
      -23.495104
     ],
     [
      -46.719494,
      -23.49456
     ],
     [
      -46.7199,
      -23.494157
     ],
     [
      -46.720402,
      -23.493692
     ],
     [
      -46.720942,
      -23.493238
     ],
     [
      -46.721526,
      -23.492783
     ],
     [
      -46.72213,
      -23.492295
     ],
     [
      -46.722407,
      -23.492041
     ],
     [
      -46.722654,
      -23.491793
     ],
     [
      -46.722902,
      -23.491513
     ],
     [
      -46.723149,
      -23.491196
     ],
     [
      -46.723292,
      -23.491004
     ],
     [
      -46.723741,
      -23.490434
     ],
     [
      -46.724072,
      -23.490042
     ],
     [
      -46.724413,
      -23.489711
     ],
     [
      -46.724728,
      -23.489443
     ],
     [
      -46.725141,
      -23.48915
     ],
     [
      -46.725435,
      -23.48895
     ],
     [
      -46.726009,
      -23.488586
     ],
     [
      -46.726095,
      -23.488532
     ],
     [
      -46.726418,
      -23.48833
     ],
     [
      -46.726694,
      -23.488153
     ],
     [
      -46.726984,
      -23.487943
     ],
     [
      -46.727308,
      -23.487679
     ],
     [
      -46.72751,
      -23.487479
     ],
     [
      -46.728257,
      -23.486761
     ],
     [
      -46.728584,
      -23.486401
     ],
     [
      -46.729036,
      -23.48596
     ],
     [
      -46.729553,
      -23.485471
     ],
     [
      -46.730234,
      -23.484883
     ],
     [
      -46.731183,
      -23.48408
     ],
     [
      -46.731408,
      -23.483877
     ],
     [
      -46.731654,
      -23.483623
     ],
     [
      -46.731928,
      -23.483361
     ],
     [
      -46.732156,
      -23.483057
     ],
     [
      -46.732341,
      -23.482759
     ],
     [
      -46.732548,
      -23.482345
     ],
     [
      -46.732722,
      -23.481967
     ],
     [
      -46.73297,
      -23.481285
     ],
     [
      -46.73313,
      -23.480895
     ],
     [
      -46.733298,
      -23.480533
     ],
     [
      -46.73351,
      -23.480097
     ],
     [
      -46.733694,
      -23.479756
     ],
     [
      -46.734062,
      -23.47908
     ],
     [
      -46.734861,
      -23.477601
     ],
     [
      -46.735366,
      -23.476691
     ],
     [
      -46.735709,
      -23.47603
     ],
     [
      -46.735919,
      -23.475663
     ],
     [
      -46.736236,
      -23.475232
     ],
     [
      -46.736503,
      -23.474903
     ],
     [
      -46.7368,
      -23.474576
     ],
     [
      -46.737182,
      -23.474243
     ],
     [
      -46.738109,
      -23.473577
     ],
     [
      -46.7394,
      -23.472605
     ],
     [
      -46.741044,
      -23.471443
     ],
     [
      -46.741368,
      -23.47123
     ],
     [
      -46.741644,
      -23.471064
     ],
     [
      -46.742039,
      -23.470861
     ],
     [
      -46.742452,
      -23.470699
     ],
     [
      -46.743182,
      -23.470419
     ],
     [
      -46.743705,
      -23.4702
     ],
     [
      -46.743976,
      -23.470067
     ],
     [
      -46.744241,
      -23.469895
     ],
     [
      -46.744563,
      -23.469638
     ],
     [
      -46.744667,
      -23.469548
     ],
     [
      -46.744925,
      -23.46929
     ],
     [
      -46.745102,
      -23.469085
     ],
     [
      -46.745259,
      -23.468874
     ],
     [
      -46.745413,
      -23.468628
     ],
     [
      -46.745614,
      -23.46824
     ],
     [
      -46.745711,
      -23.467947
     ],
     [
      -46.745788,
      -23.467527
     ],
     [
      -46.745822,
      -23.467117
     ],
     [
      -46.745838,
      -23.466886
     ],
     [
      -46.745821,
      -23.466649
     ],
     [
      -46.745771,
      -23.466289
     ],
     [
      -46.745658,
      -23.465864
     ],
     [
      -46.745522,
      -23.465516
     ],
     [
      -46.74537,
      -23.465211
     ],
     [
      -46.745177,
      -23.464899
     ],
     [
      -46.744892,
      -23.464579
     ],
     [
      -46.74418,
      -23.463953
     ],
     [
      -46.742269,
      -23.462383
     ],
     [
      -46.741437,
      -23.461706
     ],
     [
      -46.740737,
      -23.461165
     ],
     [
      -46.740445,
      -23.460951
     ],
     [
      -46.740171,
      -23.46077
     ],
     [
      -46.739951,
      -23.460636
     ],
     [
      -46.739487,
      -23.460334
     ],
     [
      -46.739211,
      -23.460117
     ],
     [
      -46.739001,
      -23.459904
     ],
     [
      -46.738748,
      -23.459629
     ],
     [
      -46.738517,
      -23.459307
     ],
     [
      -46.738323,
      -23.459015
     ],
     [
      -46.738179,
      -23.45877
     ],
     [
      -46.738071,
      -23.458458
     ],
     [
      -46.737973,
      -23.458153
     ],
     [
      -46.7379,
      -23.457835
     ],
     [
      -46.737875,
      -23.45735
     ],
     [
      -46.737929,
      -23.456741
     ],
     [
      -46.738063,
      -23.456329
     ],
     [
      -46.738202,
      -23.455971
     ],
     [
      -46.738365,
      -23.455684
     ],
     [
      -46.738526,
      -23.455438
     ],
     [
      -46.738801,
      -23.455069
     ],
     [
      -46.738934,
      -23.454954
     ],
     [
      -46.739238,
      -23.454689
     ],
     [
      -46.739487,
      -23.454491
     ],
     [
      -46.73993,
      -23.454226
     ],
     [
      -46.740448,
      -23.453978
     ],
     [
      -46.740957,
      -23.453693
     ],
     [
      -46.741353,
      -23.453402
     ],
     [
      -46.741652,
      -23.453084
     ],
     [
      -46.741993,
      -23.452605
     ],
     [
      -46.742138,
      -23.45233
     ],
     [
      -46.742283,
      -23.452007
     ],
     [
      -46.742386,
      -23.451653
     ],
     [
      -46.742451,
      -23.451357
     ],
     [
      -46.742498,
      -23.451043
     ],
     [
      -46.742459,
      -23.450634
     ],
     [
      -46.74241,
      -23.450226
     ],
     [
      -46.7422,
      -23.449359
     ],
     [
      -46.74206,
      -23.448592
     ],
     [
      -46.742009,
      -23.448076
     ],
     [
      -46.741968,
      -23.447528
     ],
     [
      -46.741977,
      -23.447101
     ],
     [
      -46.742021,
      -23.446431
     ],
     [
      -46.74212,
      -23.445735
     ],
     [
      -46.742204,
      -23.445346
     ],
     [
      -46.742337,
      -23.44487
     ],
     [
      -46.742549,
      -23.444327
     ],
     [
      -46.742819,
      -23.44362
     ],
     [
      -46.74298,
      -23.44327
     ],
     [
      -46.743223,
      -23.442841
     ],
     [
      -46.743481,
      -23.442519
     ],
     [
      -46.743805,
      -23.442203
     ],
     [
      -46.744233,
      -23.441865
     ],
     [
      -46.744682,
      -23.441594
     ],
     [
      -46.745301,
      -23.441277
     ],
     [
      -46.745707,
      -23.441035
     ],
     [
      -46.746001,
      -23.440781
     ],
     [
      -46.746323,
      -23.440442
     ],
     [
      -46.746548,
      -23.440128
     ],
     [
      -46.746722,
      -23.439836
     ],
     [
      -46.746885,
      -23.439496
     ],
     [
      -46.746963,
      -23.439246
     ],
     [
      -46.747015,
      -23.439003
     ],
     [
      -46.747192,
      -23.437988
     ],
     [
      -46.747418,
      -23.436711
     ],
     [
      -46.747641,
      -23.43569
     ],
     [
      -46.747699,
      -23.435166
     ],
     [
      -46.747701,
      -23.434792
     ],
     [
      -46.747708,
      -23.434412
     ],
     [
      -46.747676,
      -23.433987
     ],
     [
      -46.747594,
      -23.433566
     ],
     [
      -46.747492,
      -23.433166
     ],
     [
      -46.747326,
      -23.432719
     ],
     [
      -46.747073,
      -23.432149
     ],
     [
      -46.746736,
      -23.431375
     ],
     [
      -46.746343,
      -23.430426
     ],
     [
      -46.746099,
      -23.429759
     ],
     [
      -46.745991,
      -23.429364
     ],
     [
      -46.745859,
      -23.428869
     ],
     [
      -46.745774,
      -23.428407
     ],
     [
      -46.745692,
      -23.427931
     ],
     [
      -46.745623,
      -23.427426
     ],
     [
      -46.745555,
      -23.426999
     ],
     [
      -46.745461,
      -23.426686
     ],
     [
      -46.745303,
      -23.426354
     ],
     [
      -46.745112,
      -23.425997
     ],
     [
      -46.744796,
      -23.425597
     ],
     [
      -46.744389,
      -23.425058
     ],
     [
      -46.744152,
      -23.424738
     ],
     [
      -46.743993,
      -23.424467
     ],
     [
      -46.743856,
      -23.424192
     ],
     [
      -46.743734,
      -23.423842
     ],
     [
      -46.743664,
      -23.423529
     ],
     [
      -46.743611,
      -23.423191
     ],
     [
      -46.743598,
      -23.422803
     ],
     [
      -46.743608,
      -23.422436
     ],
     [
      -46.743714,
      -23.421991
     ],
     [
      -46.744,
      -23.421239
     ],
     [
      -46.744433,
      -23.420166
     ],
     [
      -46.744785,
      -23.419165
     ],
     [
      -46.744889,
      -23.418768
     ],
     [
      -46.744961,
      -23.418349
     ],
     [
      -46.744987,
      -23.417879
     ],
     [
      -46.744951,
      -23.417401
     ],
     [
      -46.744902,
      -23.416963
     ],
     [
      -46.744823,
      -23.416376
     ],
     [
      -46.744797,
      -23.415999
     ],
     [
      -46.744844,
      -23.415354
     ],
     [
      -46.744898,
      -23.41497
     ],
     [
      -46.745037,
      -23.414529
     ],
     [
      -46.745188,
      -23.41415
     ],
     [
      -46.745373,
      -23.413797
     ],
     [
      -46.745593,
      -23.413465
     ],
     [
      -46.74587,
      -23.413095
     ],
     [
      -46.74678,
      -23.411985
     ],
     [
      -46.747664,
      -23.410935
     ],
     [
      -46.74792,
      -23.410675
     ],
     [
      -46.748225,
      -23.410387
     ],
     [
      -46.748558,
      -23.410148
     ],
     [
      -46.749006,
      -23.409866
     ],
     [
      -46.749725,
      -23.409487
     ],
     [
      -46.750234,
      -23.409192
     ],
     [
      -46.75064,
      -23.408898
     ],
     [
      -46.751067,
      -23.408539
     ],
     [
      -46.751562,
      -23.407978
     ],
     [
      -46.751943,
      -23.407419
     ],
     [
      -46.752327,
      -23.40671
     ],
     [
      -46.752621,
      -23.40624
     ],
     [
      -46.752897,
      -23.405885
     ],
     [
      -46.753439,
      -23.405236
     ],
     [
      -46.753795,
      -23.404739
     ],
     [
      -46.75407,
      -23.404277
     ],
     [
      -46.754234,
      -23.403942
     ],
     [
      -46.7544,
      -23.403432
     ],
     [
      -46.75451,
      -23.403064
     ],
     [
      -46.754792,
      -23.402093
     ],
     [
      -46.754956,
      -23.401762
     ],
     [
      -46.75514,
      -23.401438
     ],
     [
      -46.755396,
      -23.401053
     ],
     [
      -46.755647,
      -23.40074
     ],
     [
      -46.755916,
      -23.400463
     ],
     [
      -46.756279,
      -23.400121
     ],
     [
      -46.756889,
      -23.399553
     ],
     [
      -46.75707,
      -23.399387
     ],
     [
      -46.757243,
      -23.399184
     ],
     [
      -46.757439,
      -23.398932
     ],
     [
      -46.757593,
      -23.39869
     ],
     [
      -46.757759,
      -23.398407
     ],
     [
      -46.757915,
      -23.398034
     ],
     [
      -46.757977,
      -23.397766
     ],
     [
      -46.758048,
      -23.397462
     ],
     [
      -46.758059,
      -23.397178
     ],
     [
      -46.758088,
      -23.396673
     ],
     [
      -46.758057,
      -23.395822
     ],
     [
      -46.758019,
      -23.394485
     ],
     [
      -46.757984,
      -23.393367
     ],
     [
      -46.757937,
      -23.392878
     ],
     [
      -46.757886,
      -23.392612
     ],
     [
      -46.757818,
      -23.39237
     ],
     [
      -46.757642,
      -23.391937
     ],
     [
      -46.757305,
      -23.391212
     ],
     [
      -46.756821,
      -23.390237
     ],
     [
      -46.75642,
      -23.389457
     ],
     [
      -46.756185,
      -23.389092
     ],
     [
      -46.755753,
      -23.388541
     ],
     [
      -46.755502,
      -23.388195
     ],
     [
      -46.755285,
      -23.387876
     ],
     [
      -46.755131,
      -23.38763
     ],
     [
      -46.755021,
      -23.387364
     ],
     [
      -46.754924,
      -23.387078
     ],
     [
      -46.754863,
      -23.386749
     ],
     [
      -46.754806,
      -23.386343
     ],
     [
      -46.754819,
      -23.386005
     ],
     [
      -46.754846,
      -23.385752
     ],
     [
      -46.754907,
      -23.38538
     ],
     [
      -46.755029,
      -23.384967
     ],
     [
      -46.755362,
      -23.384066
     ],
     [
      -46.755469,
      -23.383737
     ],
     [
      -46.755524,
      -23.383353
     ],
     [
      -46.75555,
      -23.382906
     ],
     [
      -46.755567,
      -23.382559
     ],
     [
      -46.755502,
      -23.381172
     ],
     [
      -46.755459,
      -23.379637
     ],
     [
      -46.75542,
      -23.378963
     ],
     [
      -46.75533,
      -23.377756
     ],
     [
      -46.755308,
      -23.377098
     ],
     [
      -46.755343,
      -23.376596
     ],
     [
      -46.755386,
      -23.375956
     ],
     [
      -46.75551,
      -23.375414
     ],
     [
      -46.755732,
      -23.374665
     ],
     [
      -46.755933,
      -23.373838
     ],
     [
      -46.755983,
      -23.37341
     ],
     [
      -46.755997,
      -23.372953
     ],
     [
      -46.755958,
      -23.372505
     ],
     [
      -46.755858,
      -23.371895
     ],
     [
      -46.755729,
      -23.371388
     ],
     [
      -46.7555,
      -23.370728
     ],
     [
      -46.755307,
      -23.370279
     ],
     [
      -46.755104,
      -23.36987
     ],
     [
      -46.754848,
      -23.369464
     ],
     [
      -46.754533,
      -23.369031
     ],
     [
      -46.754123,
      -23.368556
     ],
     [
      -46.753679,
      -23.368112
     ],
     [
      -46.753284,
      -23.367717
     ],
     [
      -46.752807,
      -23.367253
     ],
     [
      -46.752413,
      -23.366855
     ],
     [
      -46.752137,
      -23.36661
     ],
     [
      -46.751586,
      -23.366119
     ],
     [
      -46.750965,
      -23.365641
     ],
     [
      -46.75075,
      -23.365467
     ],
     [
      -46.75023,
      -23.365032
     ],
     [
      -46.749944,
      -23.364795
     ],
     [
      -46.749702,
      -23.364593
     ],
     [
      -46.749313,
      -23.36424
     ],
     [
      -46.748999,
      -23.363932
     ],
     [
      -46.748713,
      -23.363553
     ],
     [
      -46.748305,
      -23.362983
     ],
     [
      -46.748083,
      -23.362544
     ],
     [
      -46.747795,
      -23.362024
     ],
     [
      -46.747545,
      -23.361635
     ],
     [
      -46.747322,
      -23.361317
     ],
     [
      -46.747089,
      -23.36108
     ],
     [
      -46.746869,
      -23.360862
     ],
     [
      -46.746606,
      -23.36063
     ],
     [
      -46.746253,
      -23.360362
     ],
     [
      -46.745899,
      -23.360126
     ],
     [
      -46.745252,
      -23.359726
     ],
     [
      -46.744909,
      -23.359494
     ],
     [
      -46.744591,
      -23.359248
     ],
     [
      -46.744286,
      -23.358985
     ],
     [
      -46.74401,
      -23.358692
     ],
     [
      -46.743731,
      -23.358313
     ],
     [
      -46.743584,
      -23.358047
     ],
     [
      -46.743394,
      -23.357679
     ],
     [
      -46.743213,
      -23.357317
     ],
     [
      -46.742787,
      -23.356342
     ],
     [
      -46.742604,
      -23.355918
     ],
     [
      -46.742425,
      -23.355503
     ],
     [
      -46.74226,
      -23.354997
     ],
     [
      -46.741998,
      -23.354394
     ],
     [
      -46.741549,
      -23.353368
     ],
     [
      -46.741326,
      -23.352781
     ],
     [
      -46.740956,
      -23.351771
     ],
     [
      -46.740596,
      -23.350676
     ],
     [
      -46.74032,
      -23.3499
     ],
     [
      -46.739835,
      -23.3484
     ],
     [
      -46.739595,
      -23.347577
     ],
     [
      -46.739423,
      -23.34708
     ],
     [
      -46.739267,
      -23.346739
     ],
     [
      -46.739135,
      -23.346312
     ],
     [
      -46.738802,
      -23.345312
     ],
     [
      -46.73857,
      -23.344573
     ],
     [
      -46.738446,
      -23.344154
     ],
     [
      -46.738322,
      -23.343452
     ],
     [
      -46.738109,
      -23.342408
     ],
     [
      -46.737993,
      -23.341911
     ],
     [
      -46.737885,
      -23.341573
     ],
     [
      -46.737765,
      -23.341264
     ],
     [
      -46.737605,
      -23.340967
     ],
     [
      -46.737309,
      -23.340452
     ],
     [
      -46.736772,
      -23.339522
     ],
     [
      -46.735723,
      -23.337779
     ],
     [
      -46.735034,
      -23.336613
     ],
     [
      -46.734746,
      -23.336165
     ],
     [
      -46.734458,
      -23.335801
     ],
     [
      -46.734121,
      -23.335444
     ],
     [
      -46.733809,
      -23.335187
     ],
     [
      -46.733441,
      -23.33493
     ],
     [
      -46.73304,
      -23.334687
     ],
     [
      -46.732644,
      -23.334485
     ],
     [
      -46.731106,
      -23.333735
     ],
     [
      -46.730774,
      -23.33358
     ],
     [
      -46.729452,
      -23.333008
     ],
     [
      -46.72915,
      -23.332867
     ],
     [
      -46.728701,
      -23.332634
     ],
     [
      -46.728429,
      -23.332474
     ],
     [
      -46.728255,
      -23.332334
     ],
     [
      -46.727953,
      -23.33209
     ],
     [
      -46.727677,
      -23.331798
     ],
     [
      -46.727437,
      -23.331505
     ],
     [
      -46.727333,
      -23.331353
     ],
     [
      -46.727148,
      -23.33106
     ],
     [
      -46.727032,
      -23.330841
     ],
     [
      -46.726336,
      -23.329526
     ],
     [
      -46.726264,
      -23.329396
     ],
     [
      -46.726246,
      -23.329364
     ],
     [
      -46.726036,
      -23.328986
     ],
     [
      -46.725308,
      -23.327546
     ],
     [
      -46.724455,
      -23.32567
     ],
     [
      -46.724223,
      -23.325078
     ],
     [
      -46.724059,
      -23.324594
     ],
     [
      -46.723936,
      -23.324152
     ],
     [
      -46.723529,
      -23.322376
     ],
     [
      -46.72329,
      -23.32145
     ],
     [
      -46.722954,
      -23.320079
     ],
     [
      -46.722872,
      -23.319743
     ],
     [
      -46.722775,
      -23.319342
     ],
     [
      -46.722622,
      -23.318971
     ],
     [
      -46.722436,
      -23.318625
     ],
     [
      -46.722241,
      -23.318286
     ],
     [
      -46.722068,
      -23.318053
     ],
     [
      -46.721767,
      -23.317706
     ],
     [
      -46.721518,
      -23.317481
     ],
     [
      -46.720901,
      -23.316962
     ],
     [
      -46.720561,
      -23.316616
     ],
     [
      -46.720266,
      -23.316246
     ],
     [
      -46.720035,
      -23.315893
     ],
     [
      -46.719878,
      -23.31555
     ],
     [
      -46.719736,
      -23.315087
     ],
     [
      -46.71968,
      -23.314682
     ],
     [
      -46.719658,
      -23.314292
     ],
     [
      -46.719721,
      -23.313774
     ],
     [
      -46.719818,
      -23.313373
     ],
     [
      -46.71999,
      -23.312968
     ],
     [
      -46.720229,
      -23.312553
     ],
     [
      -46.720494,
      -23.312228
     ],
     [
      -46.720714,
      -23.311998
     ],
     [
      -46.721058,
      -23.311717
     ],
     [
      -46.721532,
      -23.311367
     ],
     [
      -46.72223,
      -23.310906
     ],
     [
      -46.722765,
      -23.310552
     ],
     [
      -46.723514,
      -23.310036
     ],
     [
      -46.723762,
      -23.309869
     ],
     [
      -46.724862,
      -23.309094
     ],
     [
      -46.725333,
      -23.308748
     ],
     [
      -46.725609,
      -23.308521
     ],
     [
      -46.725837,
      -23.308312
     ],
     [
      -46.72609,
      -23.308059
     ],
     [
      -46.726389,
      -23.307668
     ],
     [
      -46.726751,
      -23.307109
     ],
     [
      -46.727098,
      -23.306584
     ],
     [
      -46.727307,
      -23.306262
     ],
     [
      -46.727554,
      -23.305988
     ],
     [
      -46.727785,
      -23.305748
     ],
     [
      -46.728073,
      -23.305504
     ],
     [
      -46.728525,
      -23.305185
     ],
     [
      -46.729547,
      -23.304452
     ],
     [
      -46.729923,
      -23.304134
     ],
     [
      -46.730285,
      -23.303747
     ],
     [
      -46.73055,
      -23.303414
     ],
     [
      -46.730826,
      -23.302996
     ],
     [
      -46.73152,
      -23.301854
     ],
     [
      -46.731912,
      -23.301216
     ],
     [
      -46.732248,
      -23.300709
     ],
     [
      -46.732551,
      -23.300291
     ],
     [
      -46.732857,
      -23.299948
     ],
     [
      -46.733122,
      -23.299718
     ],
     [
      -46.733469,
      -23.299433
     ],
     [
      -46.733977,
      -23.299087
     ],
     [
      -46.734604,
      -23.298683
     ],
     [
      -46.735007,
      -23.298412
     ],
     [
      -46.735295,
      -23.298189
     ],
     [
      -46.735593,
      -23.297911
     ],
     [
      -46.73584,
      -23.29763
     ],
     [
      -46.736083,
      -23.297369
     ],
     [
      -46.736321,
      -23.297016
     ],
     [
      -46.736523,
      -23.296598
     ],
     [
      -46.7368,
      -23.296054
     ],
     [
      -46.736981,
      -23.295501
     ],
     [
      -46.737242,
      -23.294619
     ],
     [
      -46.737433,
      -23.294175
     ],
     [
      -46.737674,
      -23.293722
     ],
     [
      -46.73791,
      -23.293258
     ],
     [
      -46.738329,
      -23.292437
     ],
     [
      -46.739675,
      -23.289853
     ],
     [
      -46.7406,
      -23.288077
     ],
     [
      -46.740997,
      -23.287272
     ],
     [
      -46.74125,
      -23.286839
     ],
     [
      -46.741487,
      -23.28636
     ],
     [
      -46.74159,
      -23.286047
     ],
     [
      -46.741848,
      -23.285513
     ],
     [
      -46.742026,
      -23.285137
     ],
     [
      -46.74208,
      -23.284991
     ],
     [
      -46.742118,
      -23.284876
     ],
     [
      -46.742192,
      -23.284647
     ],
     [
      -46.742245,
      -23.284384
     ],
     [
      -46.742294,
      -23.284076
     ],
     [
      -46.742297,
      -23.284025
     ],
     [
      -46.742321,
      -23.283787
     ],
     [
      -46.742336,
      -23.283432
     ],
     [
      -46.74233,
      -23.283307
     ],
     [
      -46.742327,
      -23.283177
     ],
     [
      -46.74233,
      -23.283059
     ],
     [
      -46.742434,
      -23.28267
     ],
     [
      -46.74244,
      -23.282578
     ],
     [
      -46.742445,
      -23.282524
     ],
     [
      -46.742486,
      -23.282067
     ],
     [
      -46.742545,
      -23.281427
     ],
     [
      -46.742608,
      -23.280734
     ],
     [
      -46.742629,
      -23.280497
     ],
     [
      -46.74264,
      -23.280378
     ],
     [
      -46.742647,
      -23.280293
     ],
     [
      -46.742669,
      -23.280052
     ],
     [
      -46.742689,
      -23.279887
     ],
     [
      -46.7427,
      -23.279667
     ],
     [
      -46.742708,
      -23.279537
     ],
     [
      -46.742741,
      -23.278933
     ],
     [
      -46.742812,
      -23.278198
     ],
     [
      -46.74291,
      -23.277503
     ],
     [
      -46.743047,
      -23.2771
     ],
     [
      -46.743184,
      -23.276785
     ],
     [
      -46.743357,
      -23.276484
     ],
     [
      -46.743649,
      -23.276113
     ],
     [
      -46.743936,
      -23.275821
     ],
     [
      -46.744265,
      -23.27555
     ],
     [
      -46.744642,
      -23.275298
     ],
     [
      -46.745091,
      -23.275124
     ],
     [
      -46.745593,
      -23.274974
     ],
     [
      -46.745999,
      -23.274912
     ],
     [
      -46.746437,
      -23.27488
     ],
     [
      -46.746876,
      -23.274887
     ],
     [
      -46.747317,
      -23.274867
     ],
     [
      -46.747678,
      -23.274794
     ],
     [
      -46.748122,
      -23.274663
     ],
     [
      -46.748548,
      -23.274483
     ],
     [
      -46.748965,
      -23.274238
     ],
     [
      -46.749332,
      -23.273962
     ],
     [
      -46.749657,
      -23.273614
     ],
     [
      -46.749962,
      -23.273176
     ],
     [
      -46.750232,
      -23.272642
     ],
     [
      -46.750604,
      -23.271888
     ],
     [
      -46.750832,
      -23.271354
     ],
     [
      -46.750974,
      -23.270964
     ],
     [
      -46.751058,
      -23.270604
     ],
     [
      -46.751104,
      -23.270159
     ],
     [
      -46.751257,
      -23.26891
     ],
     [
      -46.751379,
      -23.267731
     ],
     [
      -46.751422,
      -23.267342
     ],
     [
      -46.751451,
      -23.266973
     ],
     [
      -46.751422,
      -23.266696
     ],
     [
      -46.751355,
      -23.266375
     ],
     [
      -46.75127,
      -23.265934
     ],
     [
      -46.751197,
      -23.26544
     ],
     [
      -46.75118,
      -23.26503
     ],
     [
      -46.751223,
      -23.264545
     ],
     [
      -46.751322,
      -23.264134
     ],
     [
      -46.751472,
      -23.263732
     ],
     [
      -46.751652,
      -23.263369
     ],
     [
      -46.751881,
      -23.263036
     ],
     [
      -46.752249,
      -23.262627
     ],
     [
      -46.752648,
      -23.262277
     ],
     [
      -46.753031,
      -23.262012
     ],
     [
      -46.753472,
      -23.261791
     ],
     [
      -46.753978,
      -23.261583
     ],
     [
      -46.754456,
      -23.261472
     ],
     [
      -46.75486,
      -23.261417
     ],
     [
      -46.755383,
      -23.261401
     ],
     [
      -46.755796,
      -23.261444
     ],
     [
      -46.756166,
      -23.261511
     ],
     [
      -46.756586,
      -23.261635
     ],
     [
      -46.757125,
      -23.261896
     ],
     [
      -46.757579,
      -23.262082
     ],
     [
      -46.757974,
      -23.262216
     ],
     [
      -46.758403,
      -23.262273
     ],
     [
      -46.758852,
      -23.262306
     ],
     [
      -46.75949,
      -23.262222
     ],
     [
      -46.759942,
      -23.262091
     ],
     [
      -46.760313,
      -23.261965
     ],
     [
      -46.760712,
      -23.261739
     ],
     [
      -46.761093,
      -23.261459
     ],
     [
      -46.761475,
      -23.261045
     ],
     [
      -46.761664,
      -23.260698
     ],
     [
      -46.761817,
      -23.260247
     ],
     [
      -46.761937,
      -23.259704
     ],
     [
      -46.761964,
      -23.259345
     ],
     [
      -46.762073,
      -23.255012
     ],
     [
      -46.762089,
      -23.254715
     ],
     [
      -46.762132,
      -23.254382
     ],
     [
      -46.762192,
      -23.254097
     ],
     [
      -46.762277,
      -23.253753
     ],
     [
      -46.762353,
      -23.25351
     ],
     [
      -46.762653,
      -23.252212
     ],
     [
      -46.762761,
      -23.251907
     ],
     [
      -46.762875,
      -23.251668
     ],
     [
      -46.763069,
      -23.251348
     ],
     [
      -46.763419,
      -23.250806
     ],
     [
      -46.763604,
      -23.25042
     ],
     [
      -46.763706,
      -23.250071
     ],
     [
      -46.763766,
      -23.249704
     ],
     [
      -46.7638,
      -23.249279
     ],
     [
      -46.76374,
      -23.24885
     ],
     [
      -46.763675,
      -23.248403
     ],
     [
      -46.763653,
      -23.248062
     ],
     [
      -46.763671,
      -23.247609
     ],
     [
      -46.763723,
      -23.247213
     ],
     [
      -46.763823,
      -23.246573
     ],
     [
      -46.763961,
      -23.245384
     ],
     [
      -46.764087,
      -23.244313
     ],
     [
      -46.764156,
      -23.243921
     ],
     [
      -46.764265,
      -23.243492
     ],
     [
      -46.764392,
      -23.243159
     ],
     [
      -46.764562,
      -23.242835
     ],
     [
      -46.764791,
      -23.242387
     ],
     [
      -46.764984,
      -23.241874
     ],
     [
      -46.765082,
      -23.241425
     ],
     [
      -46.765117,
      -23.241051
     ],
     [
      -46.765099,
      -23.240502
     ],
     [
      -46.76503,
      -23.239989
     ],
     [
      -46.765021,
      -23.239523
     ],
     [
      -46.765083,
      -23.239065
     ],
     [
      -46.765175,
      -23.238703
     ],
     [
      -46.765323,
      -23.238334
     ],
     [
      -46.765502,
      -23.237936
     ],
     [
      -46.765672,
      -23.2377
     ],
     [
      -46.765846,
      -23.237485
     ],
     [
      -46.766149,
      -23.237172
     ],
     [
      -46.76668,
      -23.236762
     ],
     [
      -46.767045,
      -23.236481
     ],
     [
      -46.767311,
      -23.236229
     ],
     [
      -46.76754,
      -23.235921
     ],
     [
      -46.7678,
      -23.235518
     ],
     [
      -46.767942,
      -23.235251
     ],
     [
      -46.768041,
      -23.235021
     ],
     [
      -46.768137,
      -23.234702
     ],
     [
      -46.768208,
      -23.234247
     ],
     [
      -46.76823,
      -23.233871
     ],
     [
      -46.768178,
      -23.233424
     ],
     [
      -46.76806,
      -23.233051
     ],
     [
      -46.767917,
      -23.23264
     ],
     [
      -46.76772,
      -23.232241
     ],
     [
      -46.767584,
      -23.23188
     ],
     [
      -46.767511,
      -23.23149
     ],
     [
      -46.767482,
      -23.231037
     ],
     [
      -46.767498,
      -23.230668
     ],
     [
      -46.767574,
      -23.230236
     ],
     [
      -46.767681,
      -23.229864
     ],
     [
      -46.767792,
      -23.229608
     ],
     [
      -46.767928,
      -23.22935
     ],
     [
      -46.768102,
      -23.229069
     ],
     [
      -46.768332,
      -23.228772
     ],
     [
      -46.768595,
      -23.2285
     ],
     [
      -46.769402,
      -23.227789
     ],
     [
      -46.770222,
      -23.227174
     ],
     [
      -46.770618,
      -23.226888
     ],
     [
      -46.771064,
      -23.226631
     ],
     [
      -46.772212,
      -23.225984
     ],
     [
      -46.7727,
      -23.225702
     ],
     [
      -46.772954,
      -23.225554
     ],
     [
      -46.773186,
      -23.225373
     ],
     [
      -46.773462,
      -23.225114
     ],
     [
      -46.773713,
      -23.224843
     ],
     [
      -46.773961,
      -23.224504
     ],
     [
      -46.774169,
      -23.224138
     ],
     [
      -46.774813,
      -23.222908
     ],
     [
      -46.775833,
      -23.220965
     ],
     [
      -46.776249,
      -23.220242
     ],
     [
      -46.776688,
      -23.21961
     ],
     [
      -46.777003,
      -23.219178
     ],
     [
      -46.777187,
      -23.218855
     ],
     [
      -46.777321,
      -23.218526
     ],
     [
      -46.77744,
      -23.218187
     ],
     [
      -46.777553,
      -23.21782
     ],
     [
      -46.777699,
      -23.217172
     ],
     [
      -46.777831,
      -23.216552
     ],
     [
      -46.777951,
      -23.216098
     ],
     [
      -46.778058,
      -23.215722
     ],
     [
      -46.778182,
      -23.215396
     ],
     [
      -46.778355,
      -23.21503
     ],
     [
      -46.778518,
      -23.214752
     ],
     [
      -46.778749,
      -23.214396
     ],
     [
      -46.779019,
      -23.214037
     ],
     [
      -46.780174,
      -23.212573
     ],
     [
      -46.781745,
      -23.210637
     ],
     [
      -46.783152,
      -23.208763
     ],
     [
      -46.78347,
      -23.208373
     ],
     [
      -46.78381,
      -23.207967
     ],
     [
      -46.784213,
      -23.207583
     ],
     [
      -46.784601,
      -23.207266
     ],
     [
      -46.785345,
      -23.206724
     ],
     [
      -46.78558,
      -23.206543
     ],
     [
      -46.785866,
      -23.206283
     ],
     [
      -46.786087,
      -23.206055
     ],
     [
      -46.786419,
      -23.205621
     ],
     [
      -46.78662,
      -23.205313
     ],
     [
      -46.787239,
      -23.204347
     ],
     [
      -46.787912,
      -23.203331
     ],
     [
      -46.788488,
      -23.20243
     ],
     [
      -46.788792,
      -23.20199
     ],
     [
      -46.789015,
      -23.201706
     ],
     [
      -46.789256,
      -23.20147
     ],
     [
      -46.789568,
      -23.2012
     ],
     [
      -46.789847,
      -23.201021
     ],
     [
      -46.790152,
      -23.200848
     ],
     [
      -46.790498,
      -23.200674
     ],
     [
      -46.790985,
      -23.200507
     ],
     [
      -46.791424,
      -23.200413
     ],
     [
      -46.791792,
      -23.200381
     ],
     [
      -46.792203,
      -23.200373
     ],
     [
      -46.792574,
      -23.200396
     ],
     [
      -46.793056,
      -23.200484
     ],
     [
      -46.793465,
      -23.200598
     ],
     [
      -46.793877,
      -23.20078
     ],
     [
      -46.794343,
      -23.201038
     ],
     [
      -46.794668,
      -23.201277
     ],
     [
      -46.795453,
      -23.201996
     ],
     [
      -46.795819,
      -23.202315
     ],
     [
      -46.796156,
      -23.202553
     ],
     [
      -46.796473,
      -23.20276
     ],
     [
      -46.79703,
      -23.203059
     ],
     [
      -46.797444,
      -23.203241
     ],
     [
      -46.797875,
      -23.203386
     ],
     [
      -46.798317,
      -23.203495
     ],
     [
      -46.798878,
      -23.20363
     ],
     [
      -46.799328,
      -23.203755
     ],
     [
      -46.799775,
      -23.203928
     ],
     [
      -46.800087,
      -23.204076
     ],
     [
      -46.80044,
      -23.204286
     ],
     [
      -46.800791,
      -23.204544
     ],
     [
      -46.801124,
      -23.204827
     ],
     [
      -46.802171,
      -23.205775
     ],
     [
      -46.803448,
      -23.20694
     ],
     [
      -46.803972,
      -23.207405
     ],
     [
      -46.804406,
      -23.207692
     ],
     [
      -46.804847,
      -23.207913
     ],
     [
      -46.80629,
      -23.208543
     ],
     [
      -46.806645,
      -23.208668
     ],
     [
      -46.807053,
      -23.208788
     ],
     [
      -46.807468,
      -23.208866
     ],
     [
      -46.807977,
      -23.208908
     ],
     [
      -46.808358,
      -23.208894
     ],
     [
      -46.808899,
      -23.208809
     ],
     [
      -46.80949,
      -23.208633
     ],
     [
      -46.809912,
      -23.208465
     ],
     [
      -46.810267,
      -23.20827
     ],
     [
      -46.810582,
      -23.208066
     ],
     [
      -46.810946,
      -23.20776
     ],
     [
      -46.811222,
      -23.207461
     ],
     [
      -46.811496,
      -23.207117
     ],
     [
      -46.811798,
      -23.206674
     ],
     [
      -46.812256,
      -23.205967
     ],
     [
      -46.812466,
      -23.20557
     ],
     [
      -46.812615,
      -23.205213
     ],
     [
      -46.812715,
      -23.204895
     ],
     [
      -46.812825,
      -23.204303
     ],
     [
      -46.812845,
      -23.204211
     ],
     [
      -46.812926,
      -23.203843
     ],
     [
      -46.813025,
      -23.203473
     ],
     [
      -46.813159,
      -23.203185
     ],
     [
      -46.813356,
      -23.20284
     ],
     [
      -46.813597,
      -23.202476
     ],
     [
      -46.81386,
      -23.202183
     ],
     [
      -46.814154,
      -23.201913
     ],
     [
      -46.814453,
      -23.201694
     ],
     [
      -46.81476,
      -23.201495
     ],
     [
      -46.815294,
      -23.201245
     ],
     [
      -46.815713,
      -23.201114
     ],
     [
      -46.816144,
      -23.201034
     ],
     [
      -46.816574,
      -23.20097
     ],
     [
      -46.817012,
      -23.200967
     ],
     [
      -46.817513,
      -23.201035
     ],
     [
      -46.817979,
      -23.201146
     ],
     [
      -46.818428,
      -23.201305
     ],
     [
      -46.818955,
      -23.201569
     ],
     [
      -46.819388,
      -23.201844
     ],
     [
      -46.819769,
      -23.202171
     ],
     [
      -46.822053,
      -23.204748
     ],
     [
      -46.822468,
      -23.205178
     ],
     [
      -46.822782,
      -23.205455
     ],
     [
      -46.823146,
      -23.205732
     ],
     [
      -46.823545,
      -23.206001
     ],
     [
      -46.826001,
      -23.207563
     ],
     [
      -46.826618,
      -23.207941
     ],
     [
      -46.827022,
      -23.208132
     ],
     [
      -46.827432,
      -23.208304
     ],
     [
      -46.827925,
      -23.20845
     ],
     [
      -46.829203,
      -23.208876
     ],
     [
      -46.830323,
      -23.20925
     ],
     [
      -46.832315,
      -23.209908
     ],
     [
      -46.832689,
      -23.210009
     ],
     [
      -46.833049,
      -23.210098
     ],
     [
      -46.833459,
      -23.210168
     ],
     [
      -46.833802,
      -23.210193
     ],
     [
      -46.834191,
      -23.210203
     ],
     [
      -46.834707,
      -23.210172
     ],
     [
      -46.835163,
      -23.210115
     ],
     [
      -46.835497,
      -23.210045
     ],
     [
      -46.835717,
      -23.209979
     ],
     [
      -46.836035,
      -23.20988
     ],
     [
      -46.836549,
      -23.209659
     ],
     [
      -46.837187,
      -23.209299
     ],
     [
      -46.839968,
      -23.207637
     ],
     [
      -46.84043,
      -23.207289
     ],
     [
      -46.840824,
      -23.206912
     ],
     [
      -46.84121,
      -23.20649
     ],
     [
      -46.841547,
      -23.206053
     ],
     [
      -46.841883,
      -23.205604
     ],
     [
      -46.842555,
      -23.20472
     ],
     [
      -46.842955,
      -23.204298
     ],
     [
      -46.843392,
      -23.203911
     ],
     [
      -46.843866,
      -23.203586
     ],
     [
      -46.844214,
      -23.203393
     ],
     [
      -46.84454,
      -23.203236
     ],
     [
      -46.845106,
      -23.203027
     ],
     [
      -46.845586,
      -23.202905
     ],
     [
      -46.846108,
      -23.202817
     ],
     [
      -46.846537,
      -23.202794
     ],
     [
      -46.847021,
      -23.202807
     ],
     [
      -46.847505,
      -23.202847
     ],
     [
      -46.848199,
      -23.20294
     ],
     [
      -46.850795,
      -23.203331
     ],
     [
      -46.852927,
      -23.20366
     ],
     [
      -46.85697,
      -23.20425
     ],
     [
      -46.858453,
      -23.204445
     ],
     [
      -46.859029,
      -23.204484
     ],
     [
      -46.859588,
      -23.20447
     ],
     [
      -46.860218,
      -23.204396
     ],
     [
      -46.860778,
      -23.204279
     ],
     [
      -46.861308,
      -23.204115
     ],
     [
      -46.861765,
      -23.203925
     ],
     [
      -46.862373,
      -23.203601
     ],
     [
      -46.863012,
      -23.203171
     ],
     [
      -46.863667,
      -23.20272
     ],
     [
      -46.863916,
      -23.202511
     ],
     [
      -46.864036,
      -23.20242
     ],
     [
      -46.865295,
      -23.201595
     ],
     [
      -46.866109,
      -23.201051
     ],
     [
      -46.866243,
      -23.200933
     ],
     [
      -46.866376,
      -23.200831
     ],
     [
      -46.866718,
      -23.200608
     ],
     [
      -46.866984,
      -23.200418
     ],
     [
      -46.867104,
      -23.200338
     ],
     [
      -46.867555,
      -23.200041
     ],
     [
      -46.868153,
      -23.199622
     ],
     [
      -46.868627,
      -23.199289
     ],
     [
      -46.868939,
      -23.199047
     ],
     [
      -46.869254,
      -23.198825
     ],
     [
      -46.869452,
      -23.198652
     ],
     [
      -46.869704,
      -23.198383
     ],
     [
      -46.86978,
      -23.198301
     ],
     [
      -46.870047,
      -23.19792
     ],
     [
      -46.870394,
      -23.197476
     ],
     [
      -46.870668,
      -23.197064
     ],
     [
      -46.871201,
      -23.196275
     ],
     [
      -46.871873,
      -23.195298
     ]
    ]
   }
  }
 ]
}
