{
 "type": "FeatureCollection",
 "attribution": "© OpenStreetMap contributors (ODbL 1.0) — geometria derivada; ver LICENSE-DATA.md",
 "features": [
  {
   "type": "Feature",
   "properties": {
    "id": "mog-campinas-jaguari",
    "method": "osm-old",
    "osm_ways": [
     126902957,
     142316698,
     151177586,
     166548678,
     219839769,
     219839770,
     220880700,
     220880701,
     242086509,
     290070771,
     290070772,
     542240469,
     542240471,
     693987666,
     693987667,
     1414530789,
     1414551883,
     1429510337,
     1458575248,
     1458575249,
     1458575251,
     1458575252,
     1458575253,
     1458575254,
     1458575257,
     1458723254,
     1458723255,
     1458739000,
     1458739001,
     1458745651,
     1458745652,
     1458745654,
     1458745655,
     1458745656,
     1458745657,
     1458745658,
     1458745670,
     1458745671,
     1458745672,
     1458745673,
     1458751121,
     1458751122
    ],
    "bridged_gap_m": 588,
    "generated": "2026-10-05"
   },
   "geometry": {
    "type": "LineString",
    "coordinates": [
     [
      -47.068286,
      -22.908944
     ],
     [
      -47.068683,
      -22.90829
     ],
     [
      -47.069235,
      -22.90799
     ],
     [
      -47.069686,
      -22.907544
     ],
     [
      -47.07011,
      -22.907048
     ],
     [
      -47.070578,
      -22.906327
     ],
     [
      -47.071034,
      -22.905562
     ],
     [
      -47.071897,
      -22.903864
     ],
     [
      -47.072382,
      -22.902902
     ],
     [
      -47.073044,
      -22.902128
     ],
     [
      -47.073725,
      -22.9016
     ],
     [
      -47.07441,
      -22.901149
     ],
     [
      -47.074943,
      -22.900911
     ],
     [
      -47.075543,
      -22.90055
     ],
     [
      -47.075771,
      -22.900326
     ],
     [
      -47.075906,
      -22.900042
     ],
     [
      -47.075986,
      -22.89964
     ],
     [
      -47.076065,
      -22.899285
     ],
     [
      -47.076069,
      -22.899161
     ],
     [
      -47.076049,
      -22.898916
     ],
     [
      -47.076016,
      -22.898672
     ],
     [
      -47.075984,
      -22.898484
     ],
     [
      -47.075939,
      -22.898343
     ],
     [
      -47.075876,
      -22.898201
     ],
     [
      -47.075543,
      -22.897691
     ],
     [
      -47.075018,
      -22.897256
     ],
     [
      -47.074632,
      -22.897078
     ],
     [
      -47.074238,
      -22.896923
     ],
     [
      -47.073497,
      -22.896755
     ],
     [
      -47.072703,
      -22.896656
     ],
     [
      -47.072367,
      -22.896646
     ],
     [
      -47.072038,
      -22.896695
     ],
     [
      -47.070955,
      -22.896903
     ],
     [
      -47.070419,
      -22.896962
     ],
     [
      -47.070135,
      -22.896942
     ],
     [
      -47.069889,
      -22.89689
     ],
     [
      -47.069485,
      -22.896755
     ],
     [
      -47.069106,
      -22.896586
     ],
     [
      -47.068838,
      -22.896366
     ],
     [
      -47.067673,
      -22.89493
     ],
     [
      -47.067545,
      -22.894773
     ],
     [
      -47.066395,
      -22.89335
     ],
     [
      -47.066299,
      -22.893236
     ],
     [
      -47.065269,
      -22.891871
     ],
     [
      -47.064859,
      -22.891329
     ],
     [
      -47.064058,
      -22.890268
     ],
     [
      -47.063575,
      -22.889629
     ],
     [
      -47.063284,
      -22.889243
     ],
     [
      -47.062839,
      -22.888693
     ],
     [
      -47.062754,
      -22.888588
     ],
     [
      -47.062396,
      -22.888297
     ],
     [
      -47.062308,
      -22.888225
     ],
     [
      -47.06199,
      -22.888042
     ],
     [
      -47.061739,
      -22.887899
     ],
     [
      -47.061145,
      -22.887639
     ],
     [
      -47.060473,
      -22.887533
     ],
     [
      -47.059926,
      -22.887523
     ],
     [
      -47.058982,
      -22.887642
     ],
     [
      -47.058488,
      -22.887671
     ],
     [
      -47.057866,
      -22.887671
     ],
     [
      -47.057517,
      -22.887659
     ],
     [
      -47.057225,
      -22.887621
     ],
     [
      -47.056664,
      -22.887434
     ],
     [
      -47.055945,
      -22.887217
     ],
     [
      -47.055087,
      -22.887019
     ],
     [
      -47.054399,
      -22.886964
     ],
     [
      -47.053571,
      -22.886996
     ],
     [
      -47.052716,
      -22.887049
     ],
     [
      -47.052094,
      -22.887009
     ],
     [
      -47.051407,
      -22.886831
     ],
     [
      -47.050892,
      -22.886643
     ],
     [
      -47.05032,
      -22.886255
     ],
     [
      -47.049927,
      -22.885951
     ],
     [
      -47.049197,
      -22.884943
     ],
     [
      -47.048861,
      -22.884565
     ],
     [
      -47.0485,
      -22.884281
     ],
     [
      -47.048002,
      -22.884001
     ],
     [
      -47.047266,
      -22.883629
     ],
     [
      -47.046719,
      -22.883312
     ],
     [
      -47.046146,
      -22.882944
     ],
     [
      -47.045699,
      -22.882571
     ],
     [
      -47.045356,
      -22.882294
     ],
     [
      -47.044848,
      -22.882044
     ],
     [
      -47.044279,
      -22.881935
     ],
     [
      -47.04387,
      -22.881921
     ],
     [
      -47.043307,
      -22.881938
     ],
     [
      -47.042706,
      -22.881929
     ],
     [
      -47.042429,
      -22.881876
     ],
     [
      -47.042273,
      -22.881846
     ],
     [
      -47.041812,
      -22.881718
     ],
     [
      -47.041702,
      -22.881669
     ],
     [
      -47.041397,
      -22.881533
     ],
     [
      -47.041303,
      -22.881466
     ],
     [
      -47.04127,
      -22.881444
     ],
     [
      -47.041218,
      -22.881413
     ],
     [
      -47.041032,
      -22.881276
     ],
     [
      -47.040883,
      -22.881143
     ],
     [
      -47.040775,
      -22.88098
     ],
     [
      -47.040599,
      -22.880601
     ],
     [
      -47.039906,
      -22.878143
     ],
     [
      -47.039734,
      -22.877619
     ],
     [
      -47.039604,
      -22.877259
     ],
     [
      -47.039452,
      -22.877025
     ],
     [
      -47.039255,
      -22.876777
     ],
     [
      -47.038951,
      -22.876535
     ],
     [
      -47.038436,
      -22.876206
     ],
     [
      -47.038005,
      -22.875993
     ],
     [
      -47.037509,
      -22.875636
     ],
     [
      -47.036917,
      -22.875132
     ],
     [
      -47.036813,
      -22.875003
     ],
     [
      -47.036602,
      -22.87444
     ],
     [
      -47.036384,
      -22.873734
     ],
     [
      -47.036198,
      -22.873477
     ],
     [
      -47.035937,
      -22.873355
     ],
     [
      -47.035579,
      -22.873332
     ],
     [
      -47.035147,
      -22.873398
     ],
     [
      -47.034807,
      -22.873326
     ],
     [
      -47.034397,
      -22.87309
     ],
     [
      -47.033954,
      -22.872665
     ],
     [
      -47.033486,
      -22.871985
     ],
     [
      -47.033001,
      -22.871111
     ],
     [
      -47.032834,
      -22.870693
     ],
     [
      -47.032709,
      -22.870275
     ],
     [
      -47.032642,
      -22.869801
     ],
     [
      -47.03263,
      -22.869549
     ],
     [
      -47.032672,
      -22.869297
     ],
     [
      -47.03294,
      -22.868492
     ],
     [
      -47.033098,
      -22.868084
     ],
     [
      -47.033187,
      -22.86767
     ],
     [
      -47.033188,
      -22.867349
     ],
     [
      -47.033125,
      -22.867049
     ],
     [
      -47.032996,
      -22.866622
     ],
     [
      -47.032798,
      -22.866206
     ],
     [
      -47.03229,
      -22.865402
     ],
     [
      -47.031571,
      -22.864489
     ],
     [
      -47.030713,
      -22.863579
     ],
     [
      -47.030133,
      -22.862996
     ],
     [
      -47.029821,
      -22.862684
     ],
     [
      -47.029459,
      -22.860328
     ],
     [
      -47.029632,
      -22.859743
     ],
     [
      -47.029647,
      -22.85969
     ],
     [
      -47.029666,
      -22.859622
     ],
     [
      -47.029602,
      -22.859556
     ],
     [
      -47.029607,
      -22.859534
     ],
     [
      -47.029854,
      -22.858687
     ],
     [
      -47.02998,
      -22.858259
     ],
     [
      -47.030156,
      -22.857622
     ],
     [
      -47.030185,
      -22.857474
     ],
     [
      -47.030196,
      -22.857311
     ],
     [
      -47.030192,
      -22.857117
     ],
     [
      -47.03016,
      -22.856889
     ],
     [
      -47.030114,
      -22.856679
     ],
     [
      -47.029973,
      -22.856254
     ],
     [
      -47.029561,
      -22.855123
     ],
     [
      -47.029368,
      -22.854559
     ],
     [
      -47.029355,
      -22.854518
     ],
     [
      -47.029299,
      -22.854301
     ],
     [
      -47.029242,
      -22.854041
     ],
     [
      -47.029209,
      -22.853825
     ],
     [
      -47.029191,
      -22.853584
     ],
     [
      -47.029146,
      -22.852665
     ],
     [
      -47.02911,
      -22.851848
     ],
     [
      -47.029075,
      -22.851017
     ],
     [
      -47.02904,
      -22.850224
     ],
     [
      -47.029003,
      -22.849429
     ],
     [
      -47.028982,
      -22.849015
     ],
     [
      -47.028966,
      -22.848517
     ],
     [
      -47.028933,
      -22.847681
     ],
     [
      -47.028893,
      -22.846858
     ],
     [
      -47.028835,
      -22.845384
     ],
     [
      -47.028775,
      -22.845044
     ],
     [
      -47.028684,
      -22.844795
     ],
     [
      -47.028548,
      -22.844534
     ],
     [
      -47.028348,
      -22.844243
     ],
     [
      -47.028116,
      -22.844014
     ],
     [
      -47.027844,
      -22.84379
     ],
     [
      -47.027488,
      -22.843595
     ],
     [
      -47.027176,
      -22.843479
     ],
     [
      -47.026807,
      -22.843397
     ],
     [
      -47.02634,
      -22.843345
     ],
     [
      -47.025846,
      -22.843313
     ],
     [
      -47.02451,
      -22.843269
     ],
     [
      -47.022142,
      -22.843192
     ],
     [
      -47.021925,
      -22.843207
     ],
     [
      -47.021503,
      -22.843259
     ],
     [
      -47.021239,
      -22.843343
     ],
     [
      -47.020885,
      -22.843486
     ],
     [
      -47.020328,
      -22.843788
     ],
     [
      -47.020041,
      -22.843988
     ],
     [
      -47.019326,
      -22.844549
     ],
     [
      -47.019117,
      -22.844712
     ],
     [
      -47.018865,
      -22.844879
     ],
     [
      -47.018551,
      -22.845038
     ],
     [
      -47.018124,
      -22.845162
     ],
     [
      -47.017697,
      -22.845202
     ],
     [
      -47.017344,
      -22.845189
     ],
     [
      -47.016958,
      -22.845118
     ],
     [
      -47.016593,
      -22.844974
     ],
     [
      -47.016242,
      -22.844779
     ],
     [
      -47.015854,
      -22.844488
     ],
     [
      -47.015632,
      -22.84423
     ],
     [
      -47.015377,
      -22.843805
     ],
     [
      -47.015015,
      -22.843113
     ],
     [
      -47.014792,
      -22.842775
     ],
     [
      -47.014594,
      -22.842537
     ],
     [
      -47.014368,
      -22.842325
     ],
     [
      -47.014116,
      -22.842159
     ],
     [
      -47.013835,
      -22.842011
     ],
     [
      -47.013535,
      -22.841896
     ],
     [
      -47.013214,
      -22.841823
     ],
     [
      -47.012762,
      -22.841771
     ],
     [
      -47.010949,
      -22.841637
     ],
     [
      -47.009892,
      -22.841571
     ],
     [
      -47.009483,
      -22.841556
     ],
     [
      -47.008986,
      -22.841595
     ],
     [
      -47.008599,
      -22.84168
     ],
     [
      -47.008273,
      -22.841801
     ],
     [
      -47.00794,
      -22.841956
     ],
     [
      -47.007659,
      -22.842127
     ],
     [
      -47.006231,
      -22.843108
     ],
     [
      -47.004954,
      -22.843991
     ],
     [
      -47.004728,
      -22.844148
     ],
     [
      -47.004686,
      -22.844177
     ],
     [
      -47.004417,
      -22.844365
     ],
     [
      -47.004273,
      -22.844459
     ],
     [
      -47.004084,
      -22.844562
     ],
     [
      -47.00386,
      -22.844655
     ],
     [
      -47.003429,
      -22.844769
     ],
     [
      -47.003164,
      -22.844806
     ],
     [
      -47.002865,
      -22.844814
     ],
     [
      -47.002522,
      -22.844788
     ],
     [
      -47.001406,
      -22.844595
     ],
     [
      -46.999698,
      -22.844299
     ],
     [
      -46.998998,
      -22.844186
     ],
     [
      -46.998649,
      -22.844111
     ],
     [
      -46.998315,
      -22.843996
     ],
     [
      -46.998024,
      -22.843832
     ],
     [
      -46.997758,
      -22.843638
     ],
     [
      -46.997533,
      -22.843422
     ],
     [
      -46.997311,
      -22.843182
     ],
     [
      -46.997082,
      -22.842902
     ],
     [
      -46.99634,
      -22.842004
     ],
     [
      -46.995242,
      -22.840679
     ],
     [
      -46.995202,
      -22.840629
     ],
     [
      -46.995062,
      -22.84046
     ],
     [
      -46.994358,
      -22.839573
     ],
     [
      -46.994005,
      -22.839105
     ],
     [
      -46.99387,
      -22.838836
     ],
     [
      -46.993769,
      -22.8386
     ],
     [
      -46.993689,
      -22.838362
     ],
     [
      -46.993658,
      -22.838211
     ],
     [
      -46.993645,
      -22.838077
     ],
     [
      -46.993639,
      -22.837934
     ],
     [
      -46.993649,
      -22.837783
     ],
     [
      -46.993667,
      -22.837632
     ],
     [
      -46.993676,
      -22.837573
     ],
     [
      -46.993856,
      -22.836715
     ],
     [
      -46.993943,
      -22.836263
     ],
     [
      -46.993964,
      -22.836052
     ],
     [
      -46.99396,
      -22.835825
     ],
     [
      -46.993935,
      -22.835621
     ],
     [
      -46.993885,
      -22.835389
     ],
     [
      -46.993821,
      -22.835164
     ],
     [
      -46.993726,
      -22.834958
     ],
     [
      -46.993568,
      -22.834681
     ],
     [
      -46.993382,
      -22.834438
     ],
     [
      -46.992729,
      -22.83368
     ],
     [
      -46.9926,
      -22.833527
     ],
     [
      -46.992502,
      -22.833377
     ],
     [
      -46.992412,
      -22.833223
     ],
     [
      -46.992307,
      -22.832988
     ],
     [
      -46.992248,
      -22.832809
     ],
     [
      -46.992195,
      -22.832612
     ],
     [
      -46.992157,
      -22.832375
     ],
     [
      -46.992156,
      -22.832154
     ],
     [
      -46.992171,
      -22.831934
     ],
     [
      -46.992207,
      -22.831703
     ],
     [
      -46.992262,
      -22.831494
     ],
     [
      -46.992313,
      -22.831342
     ],
     [
      -46.99237,
      -22.831189
     ],
     [
      -46.992386,
      -22.831154
     ],
     [
      -46.992736,
      -22.830385
     ],
     [
      -46.993056,
      -22.829663
     ],
     [
      -46.99421,
      -22.827092
     ],
     [
      -46.995341,
      -22.82461
     ],
     [
      -46.995783,
      -22.82373
     ],
     [
      -46.99603,
      -22.823374
     ],
     [
      -46.996363,
      -22.823003
     ],
     [
      -46.996663,
      -22.822714
     ],
     [
      -46.996996,
      -22.822415
     ],
     [
      -46.998171,
      -22.821463
     ],
     [
      -46.998466,
      -22.821194
     ],
     [
      -46.998777,
      -22.82087
     ],
     [
      -46.999009,
      -22.820574
     ],
     [
      -46.999241,
      -22.820202
     ],
     [
      -46.999458,
      -22.819827
     ],
     [
      -46.999611,
      -22.81949
     ],
     [
      -46.999747,
      -22.819153
     ],
     [
      -46.999863,
      -22.818731
     ],
     [
      -46.999935,
      -22.818299
     ],
     [
      -46.999984,
      -22.817829
     ],
     [
      -47,
      -22.817396
     ],
     [
      -47.000021,
      -22.816323
     ],
     [
      -47.00004,
      -22.815411
     ],
     [
      -47.000129,
      -22.814736
     ],
     [
      -47.000292,
      -22.813878
     ],
     [
      -47.000377,
      -22.813532
     ],
     [
      -47.000477,
      -22.813203
     ],
     [
      -47.000606,
      -22.812817
     ],
     [
      -47.001049,
      -22.811542
     ],
     [
      -47.001408,
      -22.810607
     ],
     [
      -47.002028,
      -22.808891
     ],
     [
      -47.002612,
      -22.807282
     ],
     [
      -47.002924,
      -22.806399
     ],
     [
      -47.002994,
      -22.806168
     ],
     [
      -47.003044,
      -22.805951
     ],
     [
      -47.003081,
      -22.805748
     ],
     [
      -47.003109,
      -22.805503
     ],
     [
      -47.003113,
      -22.805427
     ],
     [
      -47.003122,
      -22.805262
     ],
     [
      -47.003122,
      -22.805063
     ],
     [
      -47.003102,
      -22.804893
     ],
     [
      -47.003052,
      -22.804604
     ],
     [
      -47.002984,
      -22.804171
     ],
     [
      -47.002948,
      -22.803945
     ],
     [
      -47.002843,
      -22.803234
     ],
     [
      -47.002696,
      -22.802323
     ],
     [
      -47.002635,
      -22.801949
     ],
     [
      -47.002406,
      -22.800552
     ],
     [
      -47.002391,
      -22.800452
     ],
     [
      -47.002296,
      -22.799819
     ],
     [
      -47.002182,
      -22.799295
     ],
     [
      -47.001932,
      -22.798575
     ],
     [
      -47.001438,
      -22.797431
     ],
     [
      -47.000942,
      -22.796525
     ],
     [
      -47.000283,
      -22.795376
     ],
     [
      -46.999843,
      -22.794558
     ],
     [
      -46.999764,
      -22.794412
     ],
     [
      -46.999341,
      -22.793658
     ],
     [
      -46.999318,
      -22.793617
     ],
     [
      -46.999158,
      -22.793331
     ],
     [
      -46.998632,
      -22.792386
     ],
     [
      -46.998118,
      -22.791456
     ],
     [
      -46.99772,
      -22.790735
     ],
     [
      -46.997415,
      -22.790214
     ],
     [
      -46.997318,
      -22.790048
     ],
     [
      -46.996926,
      -22.789326
     ],
     [
      -46.996728,
      -22.788905
     ],
     [
      -46.996634,
      -22.788613
     ],
     [
      -46.996584,
      -22.788274
     ],
     [
      -46.996583,
      -22.787991
     ],
     [
      -46.996595,
      -22.787733
     ],
     [
      -46.996639,
      -22.787495
     ],
     [
      -46.996717,
      -22.787275
     ],
     [
      -46.996807,
      -22.787063
     ],
     [
      -46.996967,
      -22.78676
     ],
     [
      -46.997138,
      -22.786507
     ],
     [
      -46.997729,
      -22.785694
     ],
     [
      -46.997748,
      -22.785667
     ],
     [
      -46.99794,
      -22.785374
     ],
     [
      -46.998069,
      -22.785117
     ],
     [
      -46.998183,
      -22.784851
     ],
     [
      -46.998274,
      -22.784547
     ],
     [
      -46.998396,
      -22.784112
     ],
     [
      -46.998836,
      -22.782495
     ],
     [
      -46.999265,
      -22.78093
     ],
     [
      -46.999353,
      -22.780366
     ],
     [
      -46.99938,
      -22.780025
     ],
     [
      -46.999372,
      -22.77951
     ],
     [
      -46.999222,
      -22.778852
     ],
     [
      -46.998896,
      -22.778031
     ],
     [
      -46.998597,
      -22.777566
     ],
     [
      -46.998046,
      -22.776903
     ],
     [
      -46.9975,
      -22.776462
     ],
     [
      -46.997147,
      -22.776231
     ],
     [
      -46.996366,
      -22.775746
     ],
     [
      -46.995429,
      -22.77517
     ],
     [
      -46.994705,
      -22.774868
     ],
     [
      -46.993931,
      -22.774677
     ],
     [
      -46.993504,
      -22.774567
     ],
     [
      -46.992916,
      -22.774443
     ],
     [
      -46.992411,
      -22.77433
     ],
     [
      -46.992229,
      -22.774279
     ],
     [
      -46.992054,
      -22.774216
     ],
     [
      -46.991884,
      -22.774139
     ],
     [
      -46.991607,
      -22.773976
     ],
     [
      -46.991385,
      -22.773808
     ],
     [
      -46.991182,
      -22.77362
     ],
     [
      -46.990995,
      -22.773408
     ],
     [
      -46.990252,
      -22.772447
     ],
     [
      -46.989834,
      -22.771922
     ],
     [
      -46.989817,
      -22.771899
     ],
     [
      -46.989468,
      -22.771461
     ],
     [
      -46.988905,
      -22.770748
     ],
     [
      -46.98864,
      -22.770418
     ],
     [
      -46.988399,
      -22.770033
     ],
     [
      -46.988251,
      -22.769702
     ],
     [
      -46.988167,
      -22.76941
     ],
     [
      -46.988115,
      -22.769052
     ],
     [
      -46.988119,
      -22.768737
     ],
     [
      -46.988174,
      -22.768428
     ],
     [
      -46.988243,
      -22.768184
     ],
     [
      -46.988315,
      -22.767978
     ],
     [
      -46.988338,
      -22.767921
     ],
     [
      -46.98853,
      -22.767515
     ],
     [
      -46.989212,
      -22.766252
     ],
     [
      -46.990155,
      -22.764458
     ],
     [
      -46.991491,
      -22.761926
     ],
     [
      -46.991776,
      -22.761491
     ],
     [
      -46.99212,
      -22.761108
     ],
     [
      -46.992489,
      -22.760825
     ],
     [
      -46.992881,
      -22.7606
     ],
     [
      -46.99427,
      -22.759838
     ],
     [
      -46.99463,
      -22.759478
     ],
     [
      -46.994957,
      -22.758904
     ],
     [
      -46.995069,
      -22.758517
     ],
     [
      -46.995102,
      -22.75783
     ],
     [
      -46.995054,
      -22.756871
     ],
     [
      -46.995075,
      -22.756539
     ],
     [
      -46.995204,
      -22.756119
     ],
     [
      -46.995419,
      -22.755763
     ],
     [
      -46.995784,
      -22.755387
     ],
     [
      -46.996197,
      -22.75505
     ],
     [
      -46.996674,
      -22.754853
     ],
     [
      -46.997044,
      -22.754753
     ],
     [
      -46.997672,
      -22.754635
     ],
     [
      -46.998117,
      -22.754555
     ],
     [
      -46.998535,
      -22.754412
     ],
     [
      -46.999104,
      -22.75411
     ],
     [
      -46.999404,
      -22.753823
     ],
     [
      -46.999678,
      -22.753462
     ],
     [
      -46.999861,
      -22.753097
     ],
     [
      -46.999968,
      -22.752656
     ],
     [
      -47.000061,
      -22.752113
     ],
     [
      -47.00008,
      -22.752003
     ],
     [
      -47.000091,
      -22.751931
     ],
     [
      -47.000237,
      -22.75097
     ],
     [
      -47.000393,
      -22.749881
     ],
     [
      -47.000519,
      -22.749025
     ],
     [
      -47.000615,
      -22.748414
     ],
     [
      -47.000645,
      -22.748241
     ],
     [
      -47.000662,
      -22.748046
     ],
     [
      -47.000665,
      -22.747823
     ],
     [
      -47.000649,
      -22.74753
     ],
     [
      -47.000611,
      -22.74714
     ],
     [
      -47.000434,
      -22.746413
     ],
     [
      -47.000177,
      -22.74576
     ],
     [
      -46.999914,
      -22.745285
     ],
     [
      -46.999565,
      -22.744795
     ],
     [
      -46.999013,
      -22.744196
     ],
     [
      -46.998664,
      -22.74389
     ],
     [
      -46.998079,
      -22.743494
     ],
     [
      -46.997479,
      -22.743173
     ],
     [
      -46.995612,
      -22.742539
     ],
     [
      -46.993879,
      -22.741975
     ],
     [
      -46.993343,
      -22.741748
     ],
     [
      -46.992533,
      -22.741218
     ],
     [
      -46.992098,
      -22.740812
     ],
     [
      -46.991771,
      -22.740368
     ],
     [
      -46.991513,
      -22.739972
     ],
     [
      -46.991379,
      -22.7396
     ],
     [
      -46.991197,
      -22.7391
     ],
     [
      -46.99094,
      -22.737646
     ],
     [
      -46.990698,
      -22.736439
     ],
     [
      -46.990451,
      -22.735726
     ],
     [
      -46.990307,
      -22.73541
     ],
     [
      -46.98984,
      -22.734673
     ],
     [
      -46.989171,
      -22.733731
     ],
     [
      -46.988898,
      -22.73331
     ],
     [
      -46.98869,
      -22.732908
     ],
     [
      -46.988591,
      -22.732483
     ],
     [
      -46.988546,
      -22.732094
     ],
     [
      -46.988581,
      -22.731697
     ],
     [
      -46.988665,
      -22.731313
     ],
     [
      -46.988819,
      -22.730929
     ],
     [
      -46.989533,
      -22.729818
     ],
     [
      -46.989691,
      -22.729448
     ],
     [
      -46.98979,
      -22.72905
     ],
     [
      -46.989795,
      -22.728735
     ],
     [
      -46.989746,
      -22.728374
     ],
     [
      -46.989656,
      -22.727907
     ],
     [
      -46.988831,
      -22.723898
     ],
     [
      -46.988645,
      -22.722876
     ],
     [
      -46.988552,
      -22.721777
     ],
     [
      -46.988464,
      -22.717983
     ],
     [
      -46.988342,
      -22.711556
     ],
     [
      -46.988331,
      -22.710951
     ],
     [
      -46.988294,
      -22.708602
     ],
     [
      -46.988291,
      -22.708197
     ],
     [
      -46.988286,
      -22.708137
     ],
     [
      -46.988278,
      -22.70804
     ],
     [
      -46.988244,
      -22.707886
     ],
     [
      -46.988195,
      -22.707618
     ],
     [
      -46.988185,
      -22.707381
     ],
     [
      -46.988204,
      -22.707224
     ],
     [
      -46.988231,
      -22.707074
     ],
     [
      -46.988269,
      -22.706919
     ],
     [
      -46.988306,
      -22.706822
     ],
     [
      -46.98835,
      -22.706722
     ],
     [
      -46.988561,
      -22.706367
     ],
     [
      -46.98886,
      -22.705958
     ],
     [
      -46.989004,
      -22.705801
     ],
     [
      -46.989165,
      -22.705655
     ],
     [
      -46.989259,
      -22.705587
     ],
     [
      -46.98936,
      -22.70552
     ],
     [
      -46.989472,
      -22.705466
     ],
     [
      -46.989888,
      -22.705312
     ],
     [
      -46.990019,
      -22.705263
     ],
     [
      -46.990053,
      -22.705253
     ],
     [
      -46.990109,
      -22.705236
     ],
     [
      -46.990193,
      -22.705214
     ],
     [
      -46.990291,
      -22.705196
     ],
     [
      -46.990406,
      -22.705187
     ],
     [
      -46.990443,
      -22.705186
     ],
     [
      -46.990714,
      -22.705177
     ],
     [
      -46.990808,
      -22.705169
     ],
     [
      -46.990928,
      -22.705148
     ],
     [
      -46.991031,
      -22.705114
     ],
     [
      -46.991123,
      -22.705075
     ],
     [
      -46.991226,
      -22.705008
     ],
     [
      -46.991375,
      -22.704912
     ],
     [
      -46.991558,
      -22.70481
     ],
     [
      -46.991646,
      -22.70476
     ],
     [
      -46.99177,
      -22.704693
     ],
     [
      -46.991896,
      -22.704634
     ],
     [
      -46.991989,
      -22.704595
     ],
     [
      -46.992546,
      -22.704395
     ],
     [
      -46.994685,
      -22.703783
     ]
    ]
   }
  },
  {
   "type": "Feature",
   "properties": {
    "id": "mog-variante-boa-vista-guedes",
    "method": "osm-current",
    "osm_ways": [
     126903269,
     126903270,
     126903271,
     126903272,
     126903273,
     149939877,
     149940380,
     188066757,
     188066767,
     192355367,
     220893644,
     247341698,
     694531088,
     694531089,
     747137950,
     747137951,
     747137958,
     747137959,
     747137960,
     747137961,
     747137962,
     747299776,
     747299777,
     747299778,
     747299779,
     747299784,
     747299785,
     747299786,
     747299787,
     747869949,
     1202925299,
     1245647131
    ],
    "bridged_gap_m": 0,
    "generated": "2026-10-05"
   },
   "geometry": {
    "type": "LineString",
    "coordinates": [
     [
      -47.139896,
      -22.87596
     ],
     [
      -47.13926,
      -22.879118
     ],
     [
      -47.138888,
      -22.880937
     ],
     [
      -47.138555,
      -22.88262
     ],
     [
      -47.13815,
      -22.884147
     ],
     [
      -47.137734,
      -22.885675
     ],
     [
      -47.137474,
      -22.886656
     ],
     [
      -47.137236,
      -22.887254
     ],
     [
      -47.136876,
      -22.887931
     ],
     [
      -47.136843,
      -22.887992
     ],
     [
      -47.136546,
      -22.888405
     ],
     [
      -47.136245,
      -22.888805
     ],
     [
      -47.135484,
      -22.889537
     ],
     [
      -47.135279,
      -22.889705
     ],
     [
      -47.136233,
      -22.889155
     ],
     [
      -47.137511,
      -22.88841
     ],
     [
      -47.138954,
      -22.887597
     ],
     [
      -47.139396,
      -22.887403
     ],
     [
      -47.139912,
      -22.88723
     ],
     [
      -47.140247,
      -22.887133
     ],
     [
      -47.140928,
      -22.886985
     ],
     [
      -47.14148,
      -22.886866
     ],
     [
      -47.142743,
      -22.886625
     ],
     [
      -47.143204,
      -22.886538
     ],
     [
      -47.143992,
      -22.886388
     ],
     [
      -47.143445,
      -22.886441
     ],
     [
      -47.143297,
      -22.886447
     ],
     [
      -47.143149,
      -22.886443
     ],
     [
      -47.142939,
      -22.886423
     ],
     [
      -47.142743,
      -22.886389
     ],
     [
      -47.142529,
      -22.886339
     ],
     [
      -47.142284,
      -22.886267
     ],
     [
      -47.142115,
      -22.886213
     ],
     [
      -47.141911,
      -22.886138
     ],
     [
      -47.141723,
      -22.886053
     ],
     [
      -47.141562,
      -22.885964
     ],
     [
      -47.141539,
      -22.885949
     ],
     [
      -47.141409,
      -22.885871
     ],
     [
      -47.141248,
      -22.885754
     ],
     [
      -47.14103,
      -22.885585
     ],
     [
      -47.14082,
      -22.885387
     ],
     [
      -47.140646,
      -22.885198
     ],
     [
      -47.140508,
      -22.885026
     ],
     [
      -47.140328,
      -22.88473
     ],
     [
      -47.140165,
      -22.884422
     ],
     [
      -47.139881,
      -22.883818
     ],
     [
      -47.139797,
      -22.883616
     ],
     [
      -47.139725,
      -22.883408
     ],
     [
      -47.139665,
      -22.883182
     ],
     [
      -47.13962,
      -22.882987
     ],
     [
      -47.139581,
      -22.882619
     ],
     [
      -47.139574,
      -22.882314
     ],
     [
      -47.1396,
      -22.881928
     ],
     [
      -47.139727,
      -22.880784
     ],
     [
      -47.13976,
      -22.880442
     ],
     [
      -47.139805,
      -22.880135
     ],
     [
      -47.139934,
      -22.879566
     ],
     [
      -47.139979,
      -22.879323
     ],
     [
      -47.140065,
      -22.878958
     ],
     [
      -47.140108,
      -22.878565
     ],
     [
      -47.140147,
      -22.878318
     ],
     [
      -47.141095,
      -22.87364
     ],
     [
      -47.141116,
      -22.873106
     ],
     [
      -47.141156,
      -22.872523
     ],
     [
      -47.141167,
      -22.87223
     ],
     [
      -47.141179,
      -22.87188
     ],
     [
      -47.141197,
      -22.871118
     ],
     [
      -47.141313,
      -22.870625
     ],
     [
      -47.141364,
      -22.870397
     ],
     [
      -47.142087,
      -22.866767
     ],
     [
      -47.142119,
      -22.866572
     ],
     [
      -47.142275,
      -22.865356
     ],
     [
      -47.142294,
      -22.864419
     ],
     [
      -47.142278,
      -22.863796
     ],
     [
      -47.142209,
      -22.862882
     ],
     [
      -47.142125,
      -22.862405
     ],
     [
      -47.141991,
      -22.861742
     ],
     [
      -47.141717,
      -22.86044
     ],
     [
      -47.14093,
      -22.856984
     ],
     [
      -47.139613,
      -22.851196
     ],
     [
      -47.1394,
      -22.850242
     ],
     [
      -47.139239,
      -22.849505
     ],
     [
      -47.139118,
      -22.848964
     ],
     [
      -47.138621,
      -22.846732
     ],
     [
      -47.138578,
      -22.846539
     ],
     [
      -47.136591,
      -22.837727
     ],
     [
      -47.135855,
      -22.834476
     ],
     [
      -47.135502,
      -22.83285
     ],
     [
      -47.129917,
      -22.808205
     ],
     [
      -47.129407,
      -22.805956
     ],
     [
      -47.129229,
      -22.805165
     ],
     [
      -47.129113,
      -22.804591
     ],
     [
      -47.129014,
      -22.80406
     ],
     [
      -47.128939,
      -22.803523
     ],
     [
      -47.12888,
      -22.803058
     ],
     [
      -47.128842,
      -22.802638
     ],
     [
      -47.128791,
      -22.801822
     ],
     [
      -47.12878,
      -22.801276
     ],
     [
      -47.128777,
      -22.801168
     ],
     [
      -47.128771,
      -22.800655
     ],
     [
      -47.128763,
      -22.800163
     ],
     [
      -47.128767,
      -22.799866
     ],
     [
      -47.128779,
      -22.79933
     ],
     [
      -47.128797,
      -22.798991
     ],
     [
      -47.128784,
      -22.798717
     ],
     [
      -47.128773,
      -22.797905
     ],
     [
      -47.128547,
      -22.788049
     ],
     [
      -47.128537,
      -22.787638
     ],
     [
      -47.128498,
      -22.78728
     ],
     [
      -47.128394,
      -22.786492
     ],
     [
      -47.128364,
      -22.786094
     ],
     [
      -47.128341,
      -22.785637
     ],
     [
      -47.128351,
      -22.785331
     ],
     [
      -47.128342,
      -22.784496
     ],
     [
      -47.128342,
      -22.783649
     ],
     [
      -47.128322,
      -22.782842
     ],
     [
      -47.128299,
      -22.781918
     ],
     [
      -47.12827,
      -22.780797
     ],
     [
      -47.128167,
      -22.776897
     ],
     [
      -47.127888,
      -22.76588
     ],
     [
      -47.127882,
      -22.76535
     ],
     [
      -47.127709,
      -22.758454
     ],
     [
      -47.127588,
      -22.756512
     ],
     [
      -47.127435,
      -22.755693
     ],
     [
      -47.127236,
      -22.754943
     ],
     [
      -47.127043,
      -22.754395
     ],
     [
      -47.126865,
      -22.753933
     ],
     [
      -47.1266,
      -22.753368
     ],
     [
      -47.125957,
      -22.752292
     ],
     [
      -47.125455,
      -22.751627
     ],
     [
      -47.124811,
      -22.750893
     ],
     [
      -47.124318,
      -22.75043
     ],
     [
      -47.124061,
      -22.750188
     ],
     [
      -47.123839,
      -22.75
     ],
     [
      -47.12355,
      -22.749783
     ],
     [
      -47.12328,
      -22.749587
     ],
     [
      -47.122677,
      -22.749172
     ],
     [
      -47.122375,
      -22.74898
     ],
     [
      -47.121806,
      -22.748646
     ],
     [
      -47.121471,
      -22.748449
     ],
     [
      -47.118948,
      -22.746982
     ],
     [
      -47.113356,
      -22.74376
     ],
     [
      -47.111397,
      -22.742552
     ],
     [
      -47.110685,
      -22.74204
     ],
     [
      -47.110006,
      -22.741506
     ],
     [
      -47.109094,
      -22.740733
     ],
     [
      -47.108143,
      -22.739791
     ],
     [
      -47.107314,
      -22.738873
     ],
     [
      -47.106557,
      -22.737907
     ],
     [
      -47.105819,
      -22.736858
     ],
     [
      -47.101364,
      -22.730194
     ],
     [
      -47.101234,
      -22.729989
     ],
     [
      -47.100272,
      -22.728932
     ],
     [
      -47.09893,
      -22.727775
     ],
     [
      -47.098332,
      -22.727327
     ],
     [
      -47.0978,
      -22.726976
     ],
     [
      -47.097066,
      -22.726526
     ],
     [
      -47.096243,
      -22.72608
     ],
     [
      -47.095313,
      -22.725647
     ],
     [
      -47.094518,
      -22.725346
     ],
     [
      -47.093802,
      -22.725101
     ],
     [
      -47.092925,
      -22.724856
     ],
     [
      -47.092142,
      -22.724666
     ],
     [
      -47.092068,
      -22.724652
     ],
     [
      -47.090558,
      -22.724413
     ],
     [
      -47.088938,
      -22.724161
     ],
     [
      -47.074503,
      -22.721967
     ],
     [
      -47.074445,
      -22.721958
     ],
     [
      -47.069328,
      -22.721163
     ],
     [
      -47.059464,
      -22.71967
     ],
     [
      -47.052426,
      -22.718567
     ],
     [
      -47.051213,
      -22.718388
     ],
     [
      -47.050809,
      -22.718316
     ],
     [
      -47.050373,
      -22.718231
     ],
     [
      -47.049741,
      -22.71809
     ],
     [
      -47.049322,
      -22.717991
     ],
     [
      -47.048882,
      -22.717878
     ],
     [
      -47.048338,
      -22.717711
     ],
     [
      -47.04816,
      -22.717658
     ],
     [
      -47.04764,
      -22.717483
     ],
     [
      -47.047253,
      -22.717341
     ],
     [
      -47.046829,
      -22.717176
     ],
     [
      -47.046117,
      -22.716879
     ],
     [
      -47.045715,
      -22.716701
     ],
     [
      -47.045324,
      -22.716524
     ],
     [
      -47.044779,
      -22.716253
     ],
     [
      -47.04408,
      -22.71587
     ],
     [
      -47.04364,
      -22.715616
     ],
     [
      -47.043275,
      -22.715389
     ],
     [
      -47.042616,
      -22.714968
     ],
     [
      -47.04217,
      -22.714668
     ],
     [
      -47.041751,
      -22.714364
     ],
     [
      -47.041508,
      -22.71417
     ],
     [
      -47.041199,
      -22.713929
     ],
     [
      -47.040786,
      -22.713593
     ],
     [
      -47.040314,
      -22.713171
     ],
     [
      -47.039804,
      -22.712673
     ],
     [
      -47.039503,
      -22.712368
     ],
     [
      -47.039086,
      -22.711939
     ],
     [
      -47.038734,
      -22.711566
     ],
     [
      -47.038152,
      -22.710845
     ],
     [
      -47.037185,
      -22.709718
     ],
     [
      -47.036813,
      -22.709291
     ],
     [
      -47.036068,
      -22.708454
     ],
     [
      -47.035416,
      -22.707705
     ],
     [
      -47.034306,
      -22.706456
     ],
     [
      -47.032127,
      -22.70396
     ],
     [
      -47.032049,
      -22.703866
     ],
     [
      -47.031886,
      -22.703678
     ],
     [
      -47.030185,
      -22.701741
     ],
     [
      -47.028464,
      -22.699781
     ],
     [
      -47.02755,
      -22.698821
     ],
     [
      -47.027148,
      -22.698308
     ],
     [
      -47.026992,
      -22.698098
     ],
     [
      -47.026725,
      -22.697754
     ],
     [
      -47.026343,
      -22.697355
     ],
     [
      -47.0257,
      -22.696774
     ],
     [
      -47.025284,
      -22.696436
     ],
     [
      -47.024901,
      -22.696162
     ],
     [
      -47.024477,
      -22.695889
     ],
     [
      -47.023861,
      -22.695524
     ],
     [
      -47.023384,
      -22.695289
     ],
     [
      -47.023065,
      -22.695142
     ],
     [
      -47.02261,
      -22.694955
     ],
     [
      -47.022098,
      -22.694764
     ],
     [
      -47.021612,
      -22.694623
     ],
     [
      -47.021077,
      -22.694471
     ],
     [
      -47.020731,
      -22.694393
     ],
     [
      -47.020097,
      -22.694274
     ],
     [
      -47.019484,
      -22.694175
     ],
     [
      -47.017323,
      -22.693974
     ],
     [
      -47.012437,
      -22.69347
     ],
     [
      -47.009125,
      -22.693098
     ],
     [
      -47.006476,
      -22.692829
     ],
     [
      -47.006371,
      -22.692817
     ],
     [
      -47.005341,
      -22.692701
     ],
     [
      -46.99765,
      -22.691855
     ],
     [
      -46.996262,
      -22.691691
     ],
     [
      -46.995565,
      -22.691603
     ],
     [
      -46.99509,
      -22.69152
     ],
     [
      -46.994776,
      -22.691449
     ],
     [
      -46.99412,
      -22.691289
     ],
     [
      -46.993477,
      -22.691069
     ],
     [
      -46.992904,
      -22.690852
     ],
     [
      -46.99233,
      -22.690608
     ],
     [
      -46.991779,
      -22.69033
     ],
     [
      -46.991246,
      -22.690008
     ],
     [
      -46.990469,
      -22.689485
     ],
     [
      -46.990044,
      -22.68915
     ],
     [
      -46.989557,
      -22.688728
     ],
     [
      -46.98904,
      -22.688218
     ],
     [
      -46.988622,
      -22.687753
     ],
     [
      -46.988194,
      -22.68721
     ],
     [
      -46.987486,
      -22.686148
     ],
     [
      -46.986851,
      -22.685146
     ],
     [
      -46.986826,
      -22.685108
     ],
     [
      -46.986018,
      -22.683841
     ],
     [
      -46.982786,
      -22.678783
     ],
     [
      -46.979439,
      -22.673463
     ],
     [
      -46.978646,
      -22.672231
     ],
     [
      -46.977528,
      -22.670525
     ],
     [
      -46.975124,
      -22.666777
     ]
    ]
   }
  },
  {
   "type": "Feature",
   "properties": {
    "id": "mog-jaguari-guedes",
    "method": "osm-old",
    "osm_ways": [
     188066767,
     511480631,
     511480632,
     511480638,
     511480639,
     1414751216
    ],
    "bridged_gap_m": 81,
    "generated": "2026-10-05"
   },
   "geometry": {
    "type": "LineString",
    "coordinates": [
     [
      -46.994685,
      -22.703783
     ],
     [
      -46.994767,
      -22.703773
     ],
     [
      -46.994863,
      -22.70375
     ],
     [
      -46.994948,
      -22.703718
     ],
     [
      -46.995118,
      -22.703635
     ],
     [
      -46.995282,
      -22.70354
     ],
     [
      -46.995418,
      -22.703421
     ],
     [
      -46.995556,
      -22.703259
     ],
     [
      -46.995681,
      -22.703061
     ],
     [
      -46.995817,
      -22.70283
     ],
     [
      -46.995957,
      -22.702539
     ],
     [
      -46.996038,
      -22.702359
     ],
     [
      -46.996085,
      -22.702231
     ],
     [
      -46.996126,
      -22.702077
     ],
     [
      -46.996153,
      -22.701958
     ],
     [
      -46.996166,
      -22.701844
     ],
     [
      -46.996172,
      -22.701719
     ],
     [
      -46.996169,
      -22.701329
     ],
     [
      -46.996127,
      -22.701138
     ],
     [
      -46.996074,
      -22.70095
     ],
     [
      -46.996016,
      -22.700791
     ],
     [
      -46.995907,
      -22.700557
     ],
     [
      -46.995717,
      -22.700323
     ],
     [
      -46.995193,
      -22.69995
     ],
     [
      -46.993666,
      -22.698729
     ],
     [
      -46.99329,
      -22.698341
     ],
     [
      -46.993013,
      -22.698019
     ],
     [
      -46.992727,
      -22.697607
     ],
     [
      -46.992493,
      -22.697188
     ],
     [
      -46.990602,
      -22.693499
     ],
     [
      -46.989084,
      -22.690432
     ],
     [
      -46.98856,
      -22.689315
     ],
     [
      -46.987734,
      -22.687556
     ],
     [
      -46.98729,
      -22.686567
     ],
     [
      -46.986829,
      -22.685596
     ],
     [
      -46.986536,
      -22.684927
     ],
     [
      -46.986314,
      -22.684488
     ],
     [
      -46.986018,
      -22.683841
     ],
     [
      -46.986146,
      -22.683385
     ],
     [
      -46.986117,
      -22.683034
     ],
     [
      -46.98613,
      -22.682502
     ],
     [
      -46.986197,
      -22.682005
     ],
     [
      -46.986315,
      -22.681599
     ],
     [
      -46.986621,
      -22.681015
     ],
     [
      -46.98727,
      -22.680168
     ],
     [
      -46.987667,
      -22.67966
     ],
     [
      -46.988086,
      -22.67897
     ],
     [
      -46.988366,
      -22.678278
     ],
     [
      -46.988627,
      -22.677431
     ],
     [
      -46.988761,
      -22.676961
     ],
     [
      -46.988804,
      -22.6766
     ],
     [
      -46.988767,
      -22.676213
     ],
     [
      -46.988654,
      -22.675867
     ],
     [
      -46.988407,
      -22.675446
     ],
     [
      -46.987989,
      -22.674926
     ],
     [
      -46.987495,
      -22.674511
     ],
     [
      -46.986895,
      -22.674125
     ],
     [
      -46.986165,
      -22.673795
     ],
     [
      -46.985382,
      -22.673536
     ],
     [
      -46.98351,
      -22.673209
     ],
     [
      -46.982093,
      -22.672902
     ],
     [
      -46.981573,
      -22.672759
     ],
     [
      -46.980956,
      -22.672536
     ],
     [
      -46.980437,
      -22.672336
     ],
     [
      -46.979545,
      -22.671786
     ],
     [
      -46.979143,
      -22.671543
     ],
     [
      -46.9784,
      -22.671076
     ],
     [
      -46.978033,
      -22.670724
     ],
     [
      -46.977751,
      -22.670371
     ],
     [
      -46.977528,
      -22.670525
     ],
     [
      -46.975124,
      -22.666777
     ]
    ]
   }
  },
  {
   "type": "Feature",
   "properties": {
    "id": "mog-guedes-mogi-mirim",
    "method": "osm-old",
    "osm_ways": [
     188066748,
     188066751,
     188066753,
     188066754,
     188066755,
     188066765,
     188066767,
     201800215,
     201800216,
     201800217,
     217189577,
     217189578,
     511447055,
     511447056,
     1445886817,
     1445886818
    ],
    "bridged_gap_m": 821,
    "generated": "2026-10-05"
   },
   "geometry": {
    "type": "LineString",
    "coordinates": [
     [
      -46.975124,
      -22.666777
     ],
     [
      -46.974315,
      -22.665526
     ],
     [
      -46.973895,
      -22.664891
     ],
     [
      -46.973657,
      -22.664596
     ],
     [
      -46.97328,
      -22.664127
     ],
     [
      -46.972646,
      -22.663455
     ],
     [
      -46.97247,
      -22.663308
     ],
     [
      -46.971838,
      -22.662777
     ],
     [
      -46.971116,
      -22.662253
     ],
     [
      -46.970261,
      -22.661748
     ],
     [
      -46.9695,
      -22.661378
     ],
     [
      -46.968685,
      -22.661063
     ],
     [
      -46.96791,
      -22.660835
     ],
     [
      -46.966848,
      -22.660595
     ],
     [
      -46.966133,
      -22.660478
     ],
     [
      -46.965225,
      -22.660355
     ],
     [
      -46.955717,
      -22.659291
     ],
     [
      -46.955625,
      -22.659279
     ],
     [
      -46.953874,
      -22.659092
     ],
     [
      -46.952945,
      -22.658972
     ],
     [
      -46.951988,
      -22.658791
     ],
     [
      -46.951011,
      -22.658537
     ],
     [
      -46.950383,
      -22.658366
     ],
     [
      -46.949589,
      -22.658103
     ],
     [
      -46.948449,
      -22.657624
     ],
     [
      -46.947494,
      -22.657156
     ],
     [
      -46.946226,
      -22.656432
     ],
     [
      -46.944731,
      -22.655531
     ],
     [
      -46.94464,
      -22.65547
     ],
     [
      -46.944475,
      -22.65535
     ],
     [
      -46.943795,
      -22.654943
     ],
     [
      -46.943243,
      -22.654578
     ],
     [
      -46.942589,
      -22.654116
     ],
     [
      -46.941994,
      -22.653601
     ],
     [
      -46.941566,
      -22.653184
     ],
     [
      -46.941165,
      -22.652732
     ],
     [
      -46.940903,
      -22.652448
     ],
     [
      -46.940385,
      -22.651723
     ],
     [
      -46.939771,
      -22.650749
     ],
     [
      -46.939292,
      -22.649621
     ],
     [
      -46.938997,
      -22.648636
     ],
     [
      -46.938786,
      -22.647567
     ],
     [
      -46.93871,
      -22.64654
     ],
     [
      -46.938742,
      -22.645566
     ],
     [
      -46.938863,
      -22.644575
     ],
     [
      -46.939662,
      -22.639853
     ],
     [
      -46.940379,
      -22.635733
     ],
     [
      -46.940807,
      -22.633094
     ],
     [
      -46.941101,
      -22.63078
     ],
     [
      -46.941261,
      -22.628525
     ],
     [
      -46.941389,
      -22.627274
     ],
     [
      -46.941479,
      -22.625922
     ],
     [
      -46.941632,
      -22.623891
     ],
     [
      -46.941875,
      -22.620296
     ],
     [
      -46.942112,
      -22.617108
     ],
     [
      -46.942151,
      -22.61679
     ],
     [
      -46.942361,
      -22.615065
     ],
     [
      -46.942901,
      -22.611814
     ],
     [
      -46.943697,
      -22.60702
     ],
     [
      -46.943856,
      -22.605549
     ],
     [
      -46.944188,
      -22.604019
     ],
     [
      -46.944264,
      -22.603688
     ],
     [
      -46.944431,
      -22.603139
     ],
     [
      -46.944697,
      -22.602461
     ],
     [
      -46.944962,
      -22.601807
     ],
     [
      -46.945014,
      -22.601717
     ],
     [
      -46.945281,
      -22.601251
     ],
     [
      -46.945679,
      -22.600688
     ],
     [
      -46.947219,
      -22.600967
     ],
     [
      -46.947337,
      -22.600382
     ],
     [
      -46.947563,
      -22.599937
     ],
     [
      -46.947809,
      -22.59962
     ],
     [
      -46.948389,
      -22.599144
     ],
     [
      -46.949537,
      -22.598273
     ],
     [
      -46.949869,
      -22.597748
     ],
     [
      -46.949987,
      -22.597371
     ],
     [
      -46.949987,
      -22.597005
     ],
     [
      -46.949944,
      -22.596589
     ],
     [
      -46.949698,
      -22.595762
     ],
     [
      -46.949725,
      -22.595207
     ],
     [
      -46.94995,
      -22.594518
     ],
     [
      -46.950121,
      -22.59385
     ],
     [
      -46.95017,
      -22.593077
     ],
     [
      -46.95032,
      -22.590299
     ],
     [
      -46.950459,
      -22.589135
     ],
     [
      -46.950701,
      -22.587991
     ],
     [
      -46.950193,
      -22.586756
     ],
     [
      -46.950308,
      -22.585857
     ],
     [
      -46.950405,
      -22.585269
     ],
     [
      -46.950538,
      -22.584697
     ],
     [
      -46.951092,
      -22.584672
     ],
     [
      -46.951114,
      -22.58383
     ],
     [
      -46.950974,
      -22.58282
     ],
     [
      -46.950878,
      -22.582106
     ],
     [
      -46.950932,
      -22.581552
     ],
     [
      -46.951092,
      -22.581046
     ],
     [
      -46.951479,
      -22.580254
     ],
     [
      -46.951683,
      -22.579471
     ],
     [
      -46.951715,
      -22.578798
     ],
     [
      -46.951489,
      -22.576707
     ],
     [
      -46.951457,
      -22.576054
     ],
     [
      -46.951468,
      -22.575519
     ],
     [
      -46.952702,
      -22.575438
     ],
     [
      -46.952817,
      -22.574212
     ],
     [
      -46.952896,
      -22.573346
     ],
     [
      -46.952896,
      -22.57248
     ],
     [
      -46.952888,
      -22.571671
     ],
     [
      -46.952879,
      -22.570862
     ],
     [
      -46.952808,
      -22.57002
     ],
     [
      -46.95233,
      -22.564226
     ],
     [
      -46.95225,
      -22.562043
     ],
     [
      -46.952295,
      -22.561455
     ],
     [
      -46.95233,
      -22.56094
     ],
     [
      -46.952445,
      -22.560433
     ],
     [
      -46.953702,
      -22.555358
     ],
     [
      -46.95395,
      -22.554467
     ],
     [
      -46.954144,
      -22.553609
     ],
     [
      -46.954233,
      -22.552791
     ],
     [
      -46.954224,
      -22.551851
     ],
     [
      -46.954144,
      -22.550871
     ],
     [
      -46.954003,
      -22.55011
     ],
     [
      -46.95379,
      -22.54935
     ],
     [
      -46.953578,
      -22.548656
     ],
     [
      -46.953259,
      -22.547961
     ],
     [
      -46.95287,
      -22.547168
     ],
     [
      -46.951027,
      -22.543703
     ],
     [
      -46.949686,
      -22.541187
     ],
     [
      -46.949453,
      -22.540644
     ],
     [
      -46.949233,
      -22.54001
     ],
     [
      -46.949,
      -22.539235
     ],
     [
      -46.948884,
      -22.538692
     ],
     [
      -46.948829,
      -22.538217
     ],
     [
      -46.948761,
      -22.537878
     ],
     [
      -46.948731,
      -22.537414
     ],
     [
      -46.948718,
      -22.536974
     ],
     [
      -46.948724,
      -22.536905
     ],
     [
      -46.948725,
      -22.536803
     ],
     [
      -46.948768,
      -22.536028
     ],
     [
      -46.948804,
      -22.53557
     ],
     [
      -46.948902,
      -22.535163
     ],
     [
      -46.949423,
      -22.533059
     ],
     [
      -46.950525,
      -22.528839
     ],
     [
      -46.950684,
      -22.528127
     ],
     [
      -46.95077,
      -22.527465
     ],
     [
      -46.950831,
      -22.526973
     ],
     [
      -46.950844,
      -22.526475
     ],
     [
      -46.950844,
      -22.525977
     ],
     [
      -46.950801,
      -22.525479
     ],
     [
      -46.950739,
      -22.524919
     ],
     [
      -46.95066,
      -22.524506
     ],
     [
      -46.950586,
      -22.524116
     ],
     [
      -46.950158,
      -22.52273
     ],
     [
      -46.948774,
      -22.518527
     ],
     [
      -46.947659,
      -22.515065
     ],
     [
      -46.947451,
      -22.514381
     ],
     [
      -46.947273,
      -22.513719
     ],
     [
      -46.947163,
      -22.513068
     ],
     [
      -46.947096,
      -22.512486
     ],
     [
      -46.947053,
      -22.511886
     ],
     [
      -46.947047,
      -22.511122
     ],
     [
      -46.94712,
      -22.5105
     ],
     [
      -46.947188,
      -22.509782
     ],
     [
      -46.947371,
      -22.509148
     ],
     [
      -46.947567,
      -22.508486
     ],
     [
      -46.947769,
      -22.507898
     ],
     [
      -46.94799,
      -22.507411
     ],
     [
      -46.948263,
      -22.506934
     ],
     [
      -46.949822,
      -22.503893
     ],
     [
      -46.952879,
      -22.497925
     ],
     [
      -46.953269,
      -22.497101
     ],
     [
      -46.953607,
      -22.496165
     ],
     [
      -46.953884,
      -22.495364
     ],
     [
      -46.954109,
      -22.494548
     ],
     [
      -46.954282,
      -22.49378
     ],
     [
      -46.954464,
      -22.492796
     ],
     [
      -46.954533,
      -22.492036
     ],
     [
      -46.954533,
      -22.491308
     ],
     [
      -46.954542,
      -22.490556
     ],
     [
      -46.954507,
      -22.489875
     ],
     [
      -46.954447,
      -22.489163
     ],
     [
      -46.954395,
      -22.488675
     ],
     [
      -46.954291,
      -22.487995
     ],
     [
      -46.954135,
      -22.487299
     ],
     [
      -46.953953,
      -22.486667
     ],
     [
      -46.953754,
      -22.485979
     ],
     [
      -46.953477,
      -22.485234
     ],
     [
      -46.953208,
      -22.484554
     ],
     [
      -46.952827,
      -22.483778
     ],
     [
      -46.952368,
      -22.483002
     ],
     [
      -46.951875,
      -22.482234
     ],
     [
      -46.951398,
      -22.481594
     ],
     [
      -46.950896,
      -22.480937
     ],
     [
      -46.95048,
      -22.480481
     ],
     [
      -46.949883,
      -22.479857
     ],
     [
      -46.949216,
      -22.479193
     ],
     [
      -46.947545,
      -22.477648
     ],
     [
      -46.944579,
      -22.474861
     ],
     [
      -46.944531,
      -22.474816
     ],
     [
      -46.943613,
      -22.473975
     ],
     [
      -46.943067,
      -22.473431
     ],
     [
      -46.94266,
      -22.472887
     ],
     [
      -46.942201,
      -22.472255
     ],
     [
      -46.941976,
      -22.471911
     ],
     [
      -46.941621,
      -22.47123
     ],
     [
      -46.941361,
      -22.47071
     ],
     [
      -46.941188,
      -22.470246
     ],
     [
      -46.941041,
      -22.469798
     ],
     [
      -46.940816,
      -22.468942
     ],
     [
      -46.940729,
      -22.468574
     ],
     [
      -46.940668,
      -22.468197
     ],
     [
      -46.940616,
      -22.467549
     ],
     [
      -46.940608,
      -22.466597
     ],
     [
      -46.940642,
      -22.465821
     ],
     [
      -46.941063,
      -22.457231
     ],
     [
      -46.941069,
      -22.457106
     ],
     [
      -46.94126,
      -22.453186
     ],
     [
      -46.941295,
      -22.452476
     ],
     [
      -46.941251,
      -22.44952
     ]
    ]
   }
  },
  {
   "type": "Feature",
   "properties": {
    "id": "mog-mogi-mirim-mato-seco",
    "method": "osm-old",
    "osm_ways": [
     201800212,
     201800213,
     201800214,
     201800218,
     201800219
    ],
    "bridged_gap_m": 329,
    "generated": "2026-10-05"
   },
   "geometry": {
    "type": "LineString",
    "coordinates": [
     [
      -46.941251,
      -22.44952
     ],
     [
      -46.941295,
      -22.452476
     ],
     [
      -46.942224,
      -22.434817
     ],
     [
      -46.942235,
      -22.434572
     ],
     [
      -46.942869,
      -22.423396
     ],
     [
      -46.942994,
      -22.416822
     ],
     [
      -46.941792,
      -22.411545
     ],
     [
      -46.932856,
      -22.393049
     ],
     [
      -46.931095,
      -22.389405
     ],
     [
      -46.929814,
      -22.386662
     ],
     [
      -46.927257,
      -22.381503
     ],
     [
      -46.926643,
      -22.378175
     ],
     [
      -46.926785,
      -22.376701
     ],
     [
      -46.92727,
      -22.374429
     ],
     [
      -46.928445,
      -22.368929
     ],
     [
      -46.931602,
      -22.355973
     ],
     [
      -46.931793,
      -22.355117
     ],
     [
      -46.934858,
      -22.342618
     ],
     [
      -46.935355,
      -22.34059
     ],
     [
      -46.938166,
      -22.331799
     ],
     [
      -46.939496,
      -22.327685
     ],
     [
      -46.941792,
      -22.320583
     ],
     [
      -46.946697,
      -22.306641
     ],
     [
      -46.952883,
      -22.289514
     ],
     [
      -46.954192,
      -22.285645
     ],
     [
      -46.955396,
      -22.28187
     ],
     [
      -46.956698,
      -22.278792
     ],
     [
      -46.960988,
      -22.266932
     ]
    ]
   }
  },
  {
   "type": "Feature",
   "properties": {
    "id": "mog-variante-guedes-mato-seco",
    "method": "osm-current",
    "osm_ways": [
     188066748,
     188066751,
     188066753,
     188066754,
     188066755,
     188066765,
     188066767,
     201800212,
     201800213,
     201800214,
     201800215,
     201800216,
     201800217,
     201800218,
     201800219,
     217189577,
     217189578,
     1445886817,
     1445886818
    ],
    "bridged_gap_m": 0,
    "generated": "2026-10-05"
   },
   "geometry": {
    "type": "LineString",
    "coordinates": [
     [
      -46.975124,
      -22.666777
     ],
     [
      -46.974315,
      -22.665526
     ],
     [
      -46.973895,
      -22.664891
     ],
     [
      -46.973657,
      -22.664596
     ],
     [
      -46.97328,
      -22.664127
     ],
     [
      -46.972646,
      -22.663455
     ],
     [
      -46.97247,
      -22.663308
     ],
     [
      -46.971838,
      -22.662777
     ],
     [
      -46.971116,
      -22.662253
     ],
     [
      -46.970261,
      -22.661748
     ],
     [
      -46.9695,
      -22.661378
     ],
     [
      -46.968685,
      -22.661063
     ],
     [
      -46.96791,
      -22.660835
     ],
     [
      -46.966848,
      -22.660595
     ],
     [
      -46.966133,
      -22.660478
     ],
     [
      -46.965225,
      -22.660355
     ],
     [
      -46.955717,
      -22.659291
     ],
     [
      -46.955625,
      -22.659279
     ],
     [
      -46.953874,
      -22.659092
     ],
     [
      -46.952945,
      -22.658972
     ],
     [
      -46.951988,
      -22.658791
     ],
     [
      -46.951011,
      -22.658537
     ],
     [
      -46.950383,
      -22.658366
     ],
     [
      -46.949589,
      -22.658103
     ],
     [
      -46.948449,
      -22.657624
     ],
     [
      -46.947494,
      -22.657156
     ],
     [
      -46.946226,
      -22.656432
     ],
     [
      -46.944731,
      -22.655531
     ],
     [
      -46.94464,
      -22.65547
     ],
     [
      -46.944475,
      -22.65535
     ],
     [
      -46.943795,
      -22.654943
     ],
     [
      -46.943243,
      -22.654578
     ],
     [
      -46.942589,
      -22.654116
     ],
     [
      -46.941994,
      -22.653601
     ],
     [
      -46.941566,
      -22.653184
     ],
     [
      -46.941165,
      -22.652732
     ],
     [
      -46.940903,
      -22.652448
     ],
     [
      -46.940385,
      -22.651723
     ],
     [
      -46.939771,
      -22.650749
     ],
     [
      -46.939292,
      -22.649621
     ],
     [
      -46.938997,
      -22.648636
     ],
     [
      -46.938786,
      -22.647567
     ],
     [
      -46.93871,
      -22.64654
     ],
     [
      -46.938742,
      -22.645566
     ],
     [
      -46.938863,
      -22.644575
     ],
     [
      -46.939662,
      -22.639853
     ],
     [
      -46.940379,
      -22.635733
     ],
     [
      -46.940807,
      -22.633094
     ],
     [
      -46.941101,
      -22.63078
     ],
     [
      -46.941261,
      -22.628525
     ],
     [
      -46.941389,
      -22.627274
     ],
     [
      -46.941479,
      -22.625922
     ],
     [
      -46.941632,
      -22.623891
     ],
     [
      -46.941875,
      -22.620296
     ],
     [
      -46.942112,
      -22.617108
     ],
     [
      -46.942151,
      -22.61679
     ],
     [
      -46.942361,
      -22.615065
     ],
     [
      -46.942901,
      -22.611814
     ],
     [
      -46.943697,
      -22.60702
     ],
     [
      -46.943856,
      -22.605549
     ],
     [
      -46.944188,
      -22.604019
     ],
     [
      -46.944264,
      -22.603688
     ],
     [
      -46.944431,
      -22.603139
     ],
     [
      -46.944697,
      -22.602461
     ],
     [
      -46.944962,
      -22.601807
     ],
     [
      -46.945014,
      -22.601717
     ],
     [
      -46.945281,
      -22.601251
     ],
     [
      -46.945679,
      -22.600688
     ],
     [
      -46.946715,
      -22.599111
     ],
     [
      -46.947874,
      -22.597378
     ],
     [
      -46.948378,
      -22.596471
     ],
     [
      -46.948777,
      -22.59554
     ],
     [
      -46.949033,
      -22.594813
     ],
     [
      -46.94921,
      -22.594159
     ],
     [
      -46.949378,
      -22.593317
     ],
     [
      -46.949502,
      -22.59246
     ],
     [
      -46.950193,
      -22.586756
     ],
     [
      -46.950308,
      -22.585857
     ],
     [
      -46.950405,
      -22.585269
     ],
     [
      -46.950538,
      -22.584697
     ],
     [
      -46.950741,
      -22.584076
     ],
     [
      -46.951091,
      -22.583071
     ],
     [
      -46.9521,
      -22.58017
     ],
     [
      -46.952312,
      -22.579312
     ],
     [
      -46.952454,
      -22.578462
     ],
     [
      -46.952702,
      -22.575438
     ],
     [
      -46.952817,
      -22.574212
     ],
     [
      -46.952896,
      -22.573346
     ],
     [
      -46.952896,
      -22.57248
     ],
     [
      -46.952888,
      -22.571671
     ],
     [
      -46.952879,
      -22.570862
     ],
     [
      -46.952808,
      -22.57002
     ],
     [
      -46.95233,
      -22.564226
     ],
     [
      -46.95225,
      -22.562043
     ],
     [
      -46.952295,
      -22.561455
     ],
     [
      -46.95233,
      -22.56094
     ],
     [
      -46.952445,
      -22.560433
     ],
     [
      -46.953702,
      -22.555358
     ],
     [
      -46.95395,
      -22.554467
     ],
     [
      -46.954144,
      -22.553609
     ],
     [
      -46.954233,
      -22.552791
     ],
     [
      -46.954224,
      -22.551851
     ],
     [
      -46.954144,
      -22.550871
     ],
     [
      -46.954003,
      -22.55011
     ],
     [
      -46.95379,
      -22.54935
     ],
     [
      -46.953578,
      -22.548656
     ],
     [
      -46.953259,
      -22.547961
     ],
     [
      -46.95287,
      -22.547168
     ],
     [
      -46.951027,
      -22.543703
     ],
     [
      -46.949686,
      -22.541187
     ],
     [
      -46.949453,
      -22.540644
     ],
     [
      -46.949233,
      -22.54001
     ],
     [
      -46.949,
      -22.539235
     ],
     [
      -46.948884,
      -22.538692
     ],
     [
      -46.948829,
      -22.538217
     ],
     [
      -46.948761,
      -22.537878
     ],
     [
      -46.948731,
      -22.537414
     ],
     [
      -46.948718,
      -22.536974
     ],
     [
      -46.948724,
      -22.536905
     ],
     [
      -46.948725,
      -22.536803
     ],
     [
      -46.948768,
      -22.536028
     ],
     [
      -46.948804,
      -22.53557
     ],
     [
      -46.948902,
      -22.535163
     ],
     [
      -46.949423,
      -22.533059
     ],
     [
      -46.950525,
      -22.528839
     ],
     [
      -46.950684,
      -22.528127
     ],
     [
      -46.95077,
      -22.527465
     ],
     [
      -46.950831,
      -22.526973
     ],
     [
      -46.950844,
      -22.526475
     ],
     [
      -46.950844,
      -22.525977
     ],
     [
      -46.950801,
      -22.525479
     ],
     [
      -46.950739,
      -22.524919
     ],
     [
      -46.95066,
      -22.524506
     ],
     [
      -46.950586,
      -22.524116
     ],
     [
      -46.950158,
      -22.52273
     ],
     [
      -46.948774,
      -22.518527
     ],
     [
      -46.947659,
      -22.515065
     ],
     [
      -46.947451,
      -22.514381
     ],
     [
      -46.947273,
      -22.513719
     ],
     [
      -46.947163,
      -22.513068
     ],
     [
      -46.947096,
      -22.512486
     ],
     [
      -46.947053,
      -22.511886
     ],
     [
      -46.947047,
      -22.511122
     ],
     [
      -46.94712,
      -22.5105
     ],
     [
      -46.947188,
      -22.509782
     ],
     [
      -46.947371,
      -22.509148
     ],
     [
      -46.947567,
      -22.508486
     ],
     [
      -46.947769,
      -22.507898
     ],
     [
      -46.94799,
      -22.507411
     ],
     [
      -46.948263,
      -22.506934
     ],
     [
      -46.949822,
      -22.503893
     ],
     [
      -46.952879,
      -22.497925
     ],
     [
      -46.953269,
      -22.497101
     ],
     [
      -46.953607,
      -22.496165
     ],
     [
      -46.953884,
      -22.495364
     ],
     [
      -46.954109,
      -22.494548
     ],
     [
      -46.954282,
      -22.49378
     ],
     [
      -46.954464,
      -22.492796
     ],
     [
      -46.954533,
      -22.492036
     ],
     [
      -46.954533,
      -22.491308
     ],
     [
      -46.954542,
      -22.490556
     ],
     [
      -46.954507,
      -22.489875
     ],
     [
      -46.954447,
      -22.489163
     ],
     [
      -46.954395,
      -22.488675
     ],
     [
      -46.954291,
      -22.487995
     ],
     [
      -46.954135,
      -22.487299
     ],
     [
      -46.953953,
      -22.486667
     ],
     [
      -46.953754,
      -22.485979
     ],
     [
      -46.953477,
      -22.485234
     ],
     [
      -46.953208,
      -22.484554
     ],
     [
      -46.952827,
      -22.483778
     ],
     [
      -46.952368,
      -22.483002
     ],
     [
      -46.951875,
      -22.482234
     ],
     [
      -46.951398,
      -22.481594
     ],
     [
      -46.950896,
      -22.480937
     ],
     [
      -46.95048,
      -22.480481
     ],
     [
      -46.949883,
      -22.479857
     ],
     [
      -46.949216,
      -22.479193
     ],
     [
      -46.947545,
      -22.477648
     ],
     [
      -46.944579,
      -22.474861
     ],
     [
      -46.944531,
      -22.474816
     ],
     [
      -46.943613,
      -22.473975
     ],
     [
      -46.943067,
      -22.473431
     ],
     [
      -46.94266,
      -22.472887
     ],
     [
      -46.942201,
      -22.472255
     ],
     [
      -46.941976,
      -22.471911
     ],
     [
      -46.941621,
      -22.47123
     ],
     [
      -46.941361,
      -22.47071
     ],
     [
      -46.941188,
      -22.470246
     ],
     [
      -46.941041,
      -22.469798
     ],
     [
      -46.940816,
      -22.468942
     ],
     [
      -46.940729,
      -22.468574
     ],
     [
      -46.940668,
      -22.468197
     ],
     [
      -46.940616,
      -22.467549
     ],
     [
      -46.940608,
      -22.466597
     ],
     [
      -46.940642,
      -22.465821
     ],
     [
      -46.941063,
      -22.457231
     ],
     [
      -46.941069,
      -22.457106
     ],
     [
      -46.94126,
      -22.453186
     ],
     [
      -46.941295,
      -22.452476
     ],
     [
      -46.942224,
      -22.434817
     ],
     [
      -46.942235,
      -22.434572
     ],
     [
      -46.942869,
      -22.423396
     ],
     [
      -46.942994,
      -22.416822
     ],
     [
      -46.941792,
      -22.411545
     ],
     [
      -46.932856,
      -22.393049
     ],
     [
      -46.931095,
      -22.389405
     ],
     [
      -46.929814,
      -22.386662
     ],
     [
      -46.927257,
      -22.381503
     ],
     [
      -46.926643,
      -22.378175
     ],
     [
      -46.926785,
      -22.376701
     ],
     [
      -46.92727,
      -22.374429
     ],
     [
      -46.928445,
      -22.368929
     ],
     [
      -46.931602,
      -22.355973
     ],
     [
      -46.931793,
      -22.355117
     ],
     [
      -46.934858,
      -22.342618
     ],
     [
      -46.935355,
      -22.34059
     ],
     [
      -46.938166,
      -22.331799
     ],
     [
      -46.939496,
      -22.327685
     ],
     [
      -46.941792,
      -22.320583
     ],
     [
      -46.946697,
      -22.306641
     ],
     [
      -46.952883,
      -22.289514
     ],
     [
      -46.954192,
      -22.285645
     ],
     [
      -46.955396,
      -22.28187
     ],
     [
      -46.956698,
      -22.278792
     ],
     [
      -46.960988,
      -22.266932
     ]
    ]
   }
  },
  {
   "type": "Feature",
   "properties": {
    "id": "mog-mato-seco-lagoa",
    "method": "osm-current",
    "osm_ways": [
     174338057,
     177868507,
     177868508,
     201800218,
     563470898
    ],
    "bridged_gap_m": 0,
    "generated": "2026-10-05"
   },
   "geometry": {
    "type": "LineString",
    "coordinates": [
     [
      -46.960988,
      -22.266932
     ],
     [
      -46.963778,
      -22.258155
     ],
     [
      -46.96425,
      -22.253825
     ],
     [
      -46.962949,
      -22.249462
     ],
     [
      -46.961104,
      -22.245927
     ],
     [
      -46.959357,
      -22.242108
     ],
     [
      -46.958915,
      -22.23973
     ],
     [
      -46.960246,
      -22.229561
     ],
     [
      -46.959731,
      -22.227058
     ],
     [
      -46.958757,
      -22.222166
     ],
     [
      -46.959186,
      -22.217518
     ],
     [
      -46.959744,
      -22.211916
     ],
     [
      -46.95883,
      -22.208108
     ],
     [
      -46.952736,
      -22.198492
     ],
     [
      -46.950418,
      -22.194439
     ],
     [
      -46.949603,
      -22.190267
     ],
     [
      -46.950392,
      -22.187101
     ],
     [
      -46.951148,
      -22.184068
     ],
     [
      -46.951191,
      -22.179696
     ],
     [
      -46.949259,
      -22.175444
     ],
     [
      -46.943723,
      -22.170993
     ],
     [
      -46.942418,
      -22.170084
     ],
     [
      -46.941047,
      -22.168326
     ],
     [
      -46.940057,
      -22.166365
     ],
     [
      -46.939561,
      -22.163959
     ],
     [
      -46.939518,
      -22.16269
     ],
     [
      -46.939773,
      -22.160821
     ],
     [
      -46.940475,
      -22.158706
     ],
     [
      -46.941934,
      -22.155089
     ],
     [
      -46.941921,
      -22.150962
     ],
     [
      -46.941142,
      -22.14978
     ],
     [
      -46.939331,
      -22.148834
     ],
     [
      -46.938772,
      -22.148589
     ],
     [
      -46.938571,
      -22.1485
     ],
     [
      -46.937786,
      -22.148006
     ],
     [
      -46.937073,
      -22.147166
     ],
     [
      -46.936321,
      -22.146075
     ],
     [
      -46.935812,
      -22.14517
     ],
     [
      -46.935474,
      -22.143795
     ],
     [
      -46.935659,
      -22.141359
     ],
     [
      -46.936614,
      -22.135101
     ],
     [
      -46.937428,
      -22.127781
     ],
     [
      -46.938447,
      -22.12534
     ],
     [
      -46.939518,
      -22.123771
     ],
     [
      -46.940118,
      -22.121982
     ],
     [
      -46.939482,
      -22.117707
     ],
     [
      -46.939722,
      -22.111911
     ],
     [
      -46.939888,
      -22.11113
     ],
     [
      -46.940417,
      -22.109737
     ],
     [
      -46.94262,
      -22.10591
     ],
     [
      -46.945244,
      -22.103378
     ],
     [
      -46.945281,
      -22.103342
     ],
     [
      -46.945433,
      -22.103195
     ],
     [
      -46.947475,
      -22.101422
     ],
     [
      -46.947988,
      -22.100795
     ],
     [
      -46.948373,
      -22.100134
     ],
     [
      -46.94854,
      -22.099597
     ],
     [
      -46.94857,
      -22.099499
     ],
     [
      -46.948679,
      -22.098944
     ],
     [
      -46.948739,
      -22.098638
     ],
     [
      -46.94869,
      -22.095978
     ],
     [
      -46.949579,
      -22.094055
     ],
     [
      -46.954529,
      -22.090163
     ],
     [
      -46.956368,
      -22.08712
     ],
     [
      -46.957649,
      -22.084847
     ],
     [
      -46.958128,
      -22.083989
     ],
     [
      -46.959283,
      -22.083128
     ],
     [
      -46.961128,
      -22.082291
     ],
     [
      -46.962309,
      -22.081172
     ],
     [
      -46.962999,
      -22.079241
     ],
     [
      -46.963171,
      -22.07865
     ],
     [
      -46.963941,
      -22.076006
     ],
     [
      -46.965003,
      -22.074469
     ],
     [
      -46.965915,
      -22.073727
     ],
     [
      -46.966198,
      -22.073497
     ],
     [
      -46.968056,
      -22.07287
     ],
     [
      -46.969028,
      -22.072587
     ],
     [
      -46.970087,
      -22.072279
     ],
     [
      -46.970543,
      -22.072098
     ],
     [
      -46.971321,
      -22.071787
     ],
     [
      -46.972357,
      -22.071086
     ],
     [
      -46.973272,
      -22.070139
     ],
     [
      -46.973984,
      -22.069145
     ],
     [
      -46.974227,
      -22.068744
     ],
     [
      -46.974283,
      -22.068599
     ],
     [
      -46.974733,
      -22.067325
     ],
     [
      -46.975529,
      -22.06504
     ],
     [
      -46.976,
      -22.063695
     ],
     [
      -46.976134,
      -22.063278
     ],
     [
      -46.976821,
      -22.061331
     ],
     [
      -46.977244,
      -22.060147
     ],
     [
      -46.977913,
      -22.058219
     ],
     [
      -46.977999,
      -22.057957
     ],
     [
      -46.978155,
      -22.057256
     ],
     [
      -46.978163,
      -22.057061
     ],
     [
      -46.9782,
      -22.056363
     ],
     [
      -46.978198,
      -22.056256
     ],
     [
      -46.977564,
      -22.052034
     ],
     [
      -46.977532,
      -22.051903
     ],
     [
      -46.977407,
      -22.051087
     ],
     [
      -46.977051,
      -22.049251
     ],
     [
      -46.976923,
      -22.048961
     ],
     [
      -46.976265,
      -22.048172
     ],
     [
      -46.974632,
      -22.046217
     ],
     [
      -46.974575,
      -22.046149
     ],
     [
      -46.97379,
      -22.045209
     ],
     [
      -46.97253,
      -22.043674
     ],
     [
      -46.972319,
      -22.043413
     ],
     [
      -46.972087,
      -22.043011
     ],
     [
      -46.969507,
      -22.037902
     ],
     [
      -46.968439,
      -22.035605
     ],
     [
      -46.968415,
      -22.035538
     ],
     [
      -46.968178,
      -22.034882
     ],
     [
      -46.968097,
      -22.034453
     ],
     [
      -46.968057,
      -22.033958
     ],
     [
      -46.968057,
      -22.033481
     ],
     [
      -46.96843,
      -22.028438
     ],
     [
      -46.96841,
      -22.028185
     ],
     [
      -46.968228,
      -22.02685
     ],
     [
      -46.968077,
      -22.026308
     ],
     [
      -46.967894,
      -22.025712
     ],
     [
      -46.966307,
      -22.02107
     ],
     [
      -46.964445,
      -22.015541
     ],
     [
      -46.964351,
      -22.015264
     ],
     [
      -46.96416,
      -22.014554
     ],
     [
      -46.964069,
      -22.013507
     ],
     [
      -46.964069,
      -22.012797
     ],
     [
      -46.96416,
      -22.012134
     ],
     [
      -46.964271,
      -22.011611
     ],
     [
      -46.964593,
      -22.010742
     ],
     [
      -46.965198,
      -22.009687
     ],
     [
      -46.965701,
      -22.009126
     ],
     [
      -46.966366,
      -22.008538
     ],
     [
      -46.966814,
      -22.00815
     ],
     [
      -46.973243,
      -22.003909
     ],
     [
      -46.974704,
      -22.003225
     ],
     [
      -46.975359,
      -22.003033
     ],
     [
      -46.975992,
      -22.002905
     ],
     [
      -46.976969,
      -22.002841
     ],
     [
      -46.97897,
      -22.002788
     ],
     [
      -46.979579,
      -22.002734
     ],
     [
      -46.980143,
      -22.002628
     ],
     [
      -46.980568,
      -22.002478
     ],
     [
      -46.980994,
      -22.002286
     ],
     [
      -46.981358,
      -22.002023
     ],
     [
      -46.981899,
      -22.001549
     ],
     [
      -46.982052,
      -22.00135
     ],
     [
      -46.984975,
      -21.997556
     ],
     [
      -46.985279,
      -21.997236
     ],
     [
      -46.985584,
      -21.996932
     ],
     [
      -46.985992,
      -21.996586
     ],
     [
      -46.98636,
      -21.99633
     ],
     [
      -46.986774,
      -21.996026
     ],
     [
      -46.986826,
      -21.995989
     ],
     [
      -46.987372,
      -21.99569
     ],
     [
      -46.987688,
      -21.995541
     ],
     [
      -46.98839,
      -21.995338
     ],
     [
      -46.988804,
      -21.995274
     ],
     [
      -46.989281,
      -21.995248
     ],
     [
      -46.989896,
      -21.995274
     ],
     [
      -46.990379,
      -21.995328
     ],
     [
      -46.990937,
      -21.995482
     ],
     [
      -46.991397,
      -21.995664
     ],
     [
      -46.992414,
      -21.996261
     ],
     [
      -46.992822,
      -21.996501
     ],
     [
      -46.993334,
      -21.996708
     ],
     [
      -46.993875,
      -21.996858
     ],
     [
      -46.994472,
      -21.996911
     ],
     [
      -46.994881,
      -21.996911
     ],
     [
      -46.9953,
      -21.996868
     ],
     [
      -46.996151,
      -21.996756
     ],
     [
      -46.996899,
      -21.996676
     ],
     [
      -46.99756,
      -21.996676
     ],
     [
      -46.998014,
      -21.996724
     ],
     [
      -46.998784,
      -21.996863
     ],
     [
      -46.999267,
      -21.99697
     ],
     [
      -46.9999,
      -21.997098
     ],
     [
      -47.000308,
      -21.997108
     ],
     [
      -47.00105,
      -21.997087
     ],
     [
      -47.00447,
      -21.99674
     ],
     [
      -47.004965,
      -21.996634
     ],
     [
      -47.005505,
      -21.996474
     ],
     [
      -47.007955,
      -21.995315
     ],
     [
      -47.008374,
      -21.995111
     ],
     [
      -47.011347,
      -21.993614
     ],
     [
      -47.011745,
      -21.993418
     ],
     [
      -47.012396,
      -21.99283
     ],
     [
      -47.013071,
      -21.992061
     ],
     [
      -47.013461,
      -21.990998
     ],
     [
      -47.013583,
      -21.990433
     ],
     [
      -47.01377,
      -21.986874
     ],
     [
      -47.013691,
      -21.983763
     ],
     [
      -47.013737,
      -21.983272
     ],
     [
      -47.014324,
      -21.981545
     ],
     [
      -47.014761,
      -21.980809
     ],
     [
      -47.015566,
      -21.979871
     ],
     [
      -47.016382,
      -21.979178
     ],
     [
      -47.018923,
      -21.977504
     ],
     [
      -47.019487,
      -21.976971
     ],
     [
      -47.020188,
      -21.976128
     ],
     [
      -47.020293,
      -21.975933
     ],
     [
      -47.020809,
      -21.974966
     ],
     [
      -47.021016,
      -21.974187
     ],
     [
      -47.022635,
      -21.967524
     ],
     [
      -47.02275,
      -21.96713
     ],
     [
      -47.022783,
      -21.966738
     ],
     [
      -47.022913,
      -21.962289
     ],
     [
      -47.022978,
      -21.961731
     ],
     [
      -47.023189,
      -21.960977
     ],
     [
      -47.024376,
      -21.957809
     ],
     [
      -47.024523,
      -21.957025
     ],
     [
      -47.024523,
      -21.956211
     ],
     [
      -47.024299,
      -21.955105
     ],
     [
      -47.023921,
      -21.954084
     ],
     [
      -47.023472,
      -21.953433
     ],
     [
      -47.022984,
      -21.952909
     ],
     [
      -47.022545,
      -21.95249
     ],
     [
      -47.02205,
      -21.9521
     ],
     [
      -47.017813,
      -21.948724
     ],
     [
      -47.017543,
      -21.948441
     ],
     [
      -47.017128,
      -21.947973
     ],
     [
      -47.015955,
      -21.946224
     ],
     [
      -47.013989,
      -21.943014
     ],
     [
      -47.013483,
      -21.942043
     ],
     [
      -47.013357,
      -21.941723
     ],
     [
      -47.013253,
      -21.941318
     ],
     [
      -47.013207,
      -21.941041
     ],
     [
      -47.013115,
      -21.940401
     ],
     [
      -47.013104,
      -21.939281
     ],
     [
      -47.01323,
      -21.938705
     ],
     [
      -47.01361,
      -21.937468
     ],
     [
      -47.014127,
      -21.936636
     ],
     [
      -47.01484,
      -21.935814
     ],
     [
      -47.019186,
      -21.931857
     ],
     [
      -47.01952,
      -21.931367
     ],
     [
      -47.019865,
      -21.93078
     ],
     [
      -47.02021,
      -21.929895
     ],
     [
      -47.020428,
      -21.928508
     ],
     [
      -47.02044,
      -21.928145
     ],
     [
      -47.020382,
      -21.927623
     ],
     [
      -47.020302,
      -21.926951
     ],
     [
      -47.020129,
      -21.926396
     ],
     [
      -47.019727,
      -21.925319
     ],
     [
      -47.019129,
      -21.924412
     ],
     [
      -47.018508,
      -21.923782
     ],
     [
      -47.0176,
      -21.923014
     ],
     [
      -47.01333,
      -21.919536
     ],
     [
      -47.013325,
      -21.919527
     ],
     [
      -47.01233,
      -21.918603
     ],
     [
      -47.011887,
      -21.918059
     ],
     [
      -47.01149,
      -21.917419
     ],
     [
      -47.011312,
      -21.917061
     ],
     [
      -47.011025,
      -21.916192
     ],
     [
      -47.010847,
      -21.915392
     ],
     [
      -47.010887,
      -21.913877
     ],
     [
      -47.011111,
      -21.912885
     ],
     [
      -47.011427,
      -21.912096
     ],
     [
      -47.011801,
      -21.911434
     ],
     [
      -47.012117,
      -21.911018
     ],
     [
      -47.016826,
      -21.905433
     ],
     [
      -47.017236,
      -21.905082
     ],
     [
      -47.017757,
      -21.904654
     ],
     [
      -47.01862,
      -21.904084
     ],
     [
      -47.019166,
      -21.903785
     ],
     [
      -47.020247,
      -21.903326
     ],
     [
      -47.021305,
      -21.903001
     ],
     [
      -47.02288,
      -21.902739
     ],
     [
      -47.026094,
      -21.902579
     ],
     [
      -47.026519,
      -21.902515
     ],
     [
      -47.027405,
      -21.90235
     ],
     [
      -47.028462,
      -21.902046
     ],
     [
      -47.029405,
      -21.90163
     ],
     [
      -47.030705,
      -21.900776
     ],
     [
      -47.031257,
      -21.900318
     ],
     [
      -47.032217,
      -21.899304
     ],
     [
      -47.032866,
      -21.898317
     ],
     [
      -47.033541,
      -21.89658
     ],
     [
      -47.034163,
      -21.894663
     ],
     [
      -47.034452,
      -21.893773
     ],
     [
      -47.034822,
      -21.892645
     ],
     [
      -47.034946,
      -21.892267
     ]
    ]
   }
  },
  {
   "type": "Feature",
   "properties": {
    "id": "mog-lagoa-casa-branca",
    "method": "waypoints",
    "osm_ways": [],
    "bridged_gap_m": 0,
    "generated": "2026-10-05"
   },
   "geometry": {
    "type": "LineString",
    "coordinates": [
     [
      -47.034946,
      -21.892267
     ],
     [
      -47.08521,
      -21.77431
     ]
    ]
   }
  },
  {
   "type": "Feature",
   "properties": {
    "id": "mog-casa-branca-tambau",
    "method": "waypoints",
    "osm_ways": [],
    "bridged_gap_m": 0,
    "generated": "2026-10-05"
   },
   "geometry": {
    "type": "LineString",
    "coordinates": [
     [
      -47.08521,
      -21.77431
     ],
     [
      -47.271345,
      -21.697135
     ]
    ]
   }
  },
  {
   "type": "Feature",
   "properties": {
    "id": "mog-variante-lagoa-tambau",
    "method": "osm-current",
    "osm_ways": [
     177868508,
     177868510,
     188066750,
     188066752,
     188066761,
     241998734,
     241998736,
     393525906
    ],
    "bridged_gap_m": 0,
    "generated": "2026-10-05"
   },
   "geometry": {
    "type": "LineString",
    "coordinates": [
     [
      -47.034946,
      -21.892267
     ],
     [
      -47.03507,
      -21.891887
     ],
     [
      -47.035792,
      -21.889563
     ],
     [
      -47.035837,
      -21.889075
     ],
     [
      -47.035814,
      -21.888344
     ],
     [
      -47.035188,
      -21.884327
     ],
     [
      -47.035183,
      -21.884289
     ],
     [
      -47.035107,
      -21.883708
     ],
     [
      -47.035096,
      -21.88334
     ],
     [
      -47.035148,
      -21.882999
     ],
     [
      -47.035803,
      -21.880528
     ],
     [
      -47.035918,
      -21.880224
     ],
     [
      -47.036292,
      -21.878789
     ],
     [
      -47.036401,
      -21.878544
     ],
     [
      -47.036803,
      -21.877669
     ],
     [
      -47.037276,
      -21.876773
     ],
     [
      -47.038022,
      -21.875295
     ],
     [
      -47.038235,
      -21.874953
     ],
     [
      -47.038574,
      -21.874505
     ],
     [
      -47.040454,
      -21.872211
     ],
     [
      -47.041041,
      -21.871752
     ],
     [
      -47.041409,
      -21.871512
     ],
     [
      -47.043875,
      -21.870162
     ],
     [
      -47.044548,
      -21.869836
     ],
     [
      -47.045289,
      -21.8695
     ],
     [
      -47.047537,
      -21.868342
     ],
     [
      -47.047779,
      -21.868204
     ],
     [
      -47.048368,
      -21.86782
     ],
     [
      -47.049018,
      -21.867035
     ],
     [
      -47.049408,
      -21.866281
     ],
     [
      -47.0501,
      -21.861336
     ],
     [
      -47.050008,
      -21.860013
     ],
     [
      -47.049755,
      -21.859159
     ],
     [
      -47.047179,
      -21.854834
     ],
     [
      -47.046594,
      -21.853988
     ],
     [
      -47.045683,
      -21.853083
     ],
     [
      -47.0398,
      -21.846975
     ],
     [
      -47.03889,
      -21.846461
     ],
     [
      -47.038109,
      -21.84628
     ],
     [
      -47.037231,
      -21.84622
     ],
     [
      -47.034206,
      -21.846431
     ],
     [
      -47.033166,
      -21.84631
     ],
     [
      -47.031052,
      -21.845405
     ],
     [
      -47.030239,
      -21.84465
     ],
     [
      -47.029751,
      -21.844107
     ],
     [
      -47.029397,
      -21.843491
     ],
     [
      -47.02896,
      -21.842306
     ],
     [
      -47.026936,
      -21.8365
     ],
     [
      -47.025258,
      -21.831547
     ],
     [
      -47.0252,
      -21.831195
     ],
     [
      -47.025131,
      -21.830544
     ],
     [
      -47.025143,
      -21.829786
     ],
     [
      -47.025787,
      -21.828057
     ],
     [
      -47.02666,
      -21.826936
     ],
     [
      -47.027155,
      -21.826455
     ],
     [
      -47.02819,
      -21.825836
     ],
     [
      -47.028983,
      -21.825505
     ],
     [
      -47.029915,
      -21.825078
     ],
     [
      -47.032042,
      -21.824171
     ],
     [
      -47.033916,
      -21.823424
     ],
     [
      -47.034713,
      -21.823088
     ],
     [
      -47.035075,
      -21.822949
     ],
     [
      -47.035403,
      -21.822778
     ],
     [
      -47.035817,
      -21.822511
     ],
     [
      -47.037036,
      -21.821422
     ],
     [
      -47.037645,
      -21.820606
     ],
     [
      -47.037921,
      -21.820211
     ],
     [
      -47.038487,
      -21.819405
     ],
     [
      -47.038706,
      -21.819122
     ],
     [
      -47.039016,
      -21.818647
     ],
     [
      -47.041213,
      -21.815546
     ],
     [
      -47.041992,
      -21.814605
     ],
     [
      -47.042429,
      -21.81405
     ],
     [
      -47.043096,
      -21.813495
     ],
     [
      -47.043579,
      -21.813239
     ],
     [
      -47.044052,
      -21.813018
     ],
     [
      -47.060633,
      -21.807065
     ],
     [
      -47.061097,
      -21.806899
     ],
     [
      -47.062241,
      -21.806488
     ],
     [
      -47.068168,
      -21.804367
     ],
     [
      -47.071741,
      -21.803107
     ],
     [
      -47.075917,
      -21.801609
     ],
     [
      -47.078586,
      -21.800688
     ],
     [
      -47.079598,
      -21.800223
     ],
     [
      -47.080363,
      -21.799786
     ],
     [
      -47.082432,
      -21.798579
     ],
     [
      -47.083611,
      -21.797907
     ],
     [
      -47.084525,
      -21.797357
     ],
     [
      -47.085439,
      -21.796802
     ],
     [
      -47.089912,
      -21.794154
     ],
     [
      -47.090073,
      -21.794031
     ],
     [
      -47.090895,
      -21.793358
     ],
     [
      -47.091936,
      -21.792115
     ],
     [
      -47.093172,
      -21.790684
     ],
     [
      -47.093534,
      -21.790385
     ],
     [
      -47.093799,
      -21.790187
     ],
     [
      -47.094411,
      -21.789795
     ],
     [
      -47.094566,
      -21.789697
     ],
     [
      -47.095265,
      -21.789353
     ],
     [
      -47.095464,
      -21.789278
     ],
     [
      -47.096041,
      -21.789108
     ],
     [
      -47.096387,
      -21.789029
     ],
     [
      -47.096932,
      -21.788953
     ],
     [
      -47.097578,
      -21.788878
     ],
     [
      -47.099034,
      -21.788693
     ],
     [
      -47.09992,
      -21.788586
     ],
     [
      -47.10292,
      -21.788225
     ],
     [
      -47.10344,
      -21.788162
     ],
     [
      -47.104254,
      -21.787976
     ],
     [
      -47.104724,
      -21.787806
     ],
     [
      -47.105237,
      -21.787604
     ],
     [
      -47.105976,
      -21.787249
     ],
     [
      -47.106578,
      -21.786825
     ],
     [
      -47.107129,
      -21.786383
     ],
     [
      -47.10758,
      -21.785946
     ],
     [
      -47.107949,
      -21.785528
     ],
     [
      -47.108413,
      -21.784859
     ],
     [
      -47.10882,
      -21.784236
     ],
     [
      -47.110173,
      -21.781956
     ],
     [
      -47.110743,
      -21.781049
     ],
     [
      -47.111269,
      -21.780322
     ],
     [
      -47.111802,
      -21.779711
     ],
     [
      -47.112522,
      -21.778984
     ],
     [
      -47.113192,
      -21.778443
     ],
     [
      -47.11405,
      -21.777792
     ],
     [
      -47.115165,
      -21.776942
     ],
     [
      -47.11576,
      -21.776367
     ],
     [
      -47.116274,
      -21.775785
     ],
     [
      -47.116775,
      -21.775099
     ],
     [
      -47.117132,
      -21.774494
     ],
     [
      -47.117514,
      -21.773685
     ],
     [
      -47.117846,
      -21.772708
     ],
     [
      -47.118072,
      -21.771713
     ],
     [
      -47.11836,
      -21.769875
     ],
     [
      -47.11888,
      -21.766513
     ],
     [
      -47.119118,
      -21.764849
     ],
     [
      -47.119337,
      -21.763459
     ],
     [
      -47.119531,
      -21.762418
     ],
     [
      -47.119725,
      -21.76169
     ],
     [
      -47.119944,
      -21.761056
     ],
     [
      -47.120232,
      -21.760399
     ],
     [
      -47.12069,
      -21.759538
     ],
     [
      -47.121066,
      -21.758962
     ],
     [
      -47.121466,
      -21.758404
     ],
     [
      -47.122268,
      -21.757543
     ],
     [
      -47.123095,
      -21.756804
     ],
     [
      -47.123834,
      -21.756245
     ],
     [
      -47.124755,
      -21.755681
     ],
     [
      -47.125757,
      -21.755204
     ],
     [
      -47.126866,
      -21.754709
     ],
     [
      -47.133211,
      -21.751958
     ],
     [
      -47.138435,
      -21.7497
     ],
     [
      -47.138992,
      -21.749474
     ],
     [
      -47.139562,
      -21.749311
     ],
     [
      -47.140232,
      -21.749171
     ],
     [
      -47.140846,
      -21.749072
     ],
     [
      -47.141541,
      -21.749008
     ],
     [
      -47.142237,
      -21.749002
     ],
     [
      -47.145337,
      -21.748944
     ],
     [
      -47.147066,
      -21.748921
     ],
     [
      -47.147868,
      -21.748967
     ],
     [
      -47.148651,
      -21.74906
     ],
     [
      -47.149415,
      -21.749194
     ],
     [
      -47.150148,
      -21.749375
     ],
     [
      -47.150805,
      -21.749596
     ],
     [
      -47.151632,
      -21.749927
     ],
     [
      -47.152296,
      -21.750241
     ],
     [
      -47.15301,
      -21.75066
     ],
     [
      -47.153699,
      -21.751132
     ],
     [
      -47.154564,
      -21.751812
     ],
     [
      -47.155334,
      -21.752574
     ],
     [
      -47.15596,
      -21.753377
     ],
     [
      -47.157764,
      -21.755792
     ],
     [
      -47.161441,
      -21.760707
     ],
     [
      -47.1653,
      -21.76585
     ],
     [
      -47.165863,
      -21.766577
     ],
     [
      -47.166346,
      -21.767094
     ],
     [
      -47.166847,
      -21.767548
     ],
     [
      -47.167354,
      -21.767921
     ],
     [
      -47.167955,
      -21.76827
     ],
     [
      -47.1686,
      -21.768537
     ],
     [
      -47.169283,
      -21.768758
     ],
     [
      -47.170154,
      -21.768956
     ],
     [
      -47.170987,
      -21.769008
     ],
     [
      -47.171876,
      -21.768944
     ],
     [
      -47.172797,
      -21.768787
     ],
     [
      -47.173505,
      -21.768589
     ],
     [
      -47.174238,
      -21.768275
     ],
     [
      -47.175008,
      -21.767839
     ],
     [
      -47.175829,
      -21.767263
     ],
     [
      -47.179819,
      -21.764337
     ],
     [
      -47.180977,
      -21.763482
     ],
     [
      -47.18141,
      -21.763069
     ],
     [
      -47.181879,
      -21.762569
     ],
     [
      -47.18233,
      -21.761882
     ],
     [
      -47.182575,
      -21.761353
     ],
     [
      -47.182781,
      -21.76076
     ],
     [
      -47.184084,
      -21.756536
     ],
     [
      -47.184529,
      -21.755221
     ],
     [
      -47.184999,
      -21.754238
     ],
     [
      -47.185462,
      -21.753505
     ],
     [
      -47.185851,
      -21.753063
     ],
     [
      -47.186414,
      -21.752569
     ],
     [
      -47.187053,
      -21.752109
     ],
     [
      -47.187911,
      -21.751696
     ],
     [
      -47.188682,
      -21.751428
     ],
     [
      -47.189678,
      -21.751248
     ],
     [
      -47.190605,
      -21.751231
     ],
     [
      -47.191221,
      -21.751276
     ],
     [
      -47.191456,
      -21.751342
     ],
     [
      -47.192302,
      -21.751504
     ],
     [
      -47.194645,
      -21.752004
     ],
     [
      -47.195334,
      -21.752028
     ],
     [
      -47.196223,
      -21.751964
     ],
     [
      -47.197232,
      -21.751737
     ],
     [
      -47.197952,
      -21.751446
     ],
     [
      -47.198541,
      -21.751091
     ],
     [
      -47.199205,
      -21.75055
     ],
     [
      -47.199743,
      -21.74998
     ],
     [
      -47.200163,
      -21.749398
     ],
     [
      -47.200426,
      -21.748869
     ],
     [
      -47.200652,
      -21.748287
     ],
     [
      -47.200808,
      -21.747571
     ],
     [
      -47.200865,
      -21.747024
     ],
     [
      -47.200869,
      -21.746656
     ],
     [
      -47.200844,
      -21.745601
     ],
     [
      -47.200782,
      -21.74375
     ],
     [
      -47.200765,
      -21.742489
     ],
     [
      -47.200685,
      -21.739715
     ],
     [
      -47.200652,
      -21.738392
     ],
     [
      -47.20062,
      -21.736866
     ],
     [
      -47.200619,
      -21.736835
     ],
     [
      -47.200645,
      -21.736085
     ],
     [
      -47.200708,
      -21.735583
     ],
     [
      -47.20086,
      -21.735006
     ],
     [
      -47.20107,
      -21.734452
     ],
     [
      -47.201333,
      -21.733913
     ],
     [
      -47.201584,
      -21.733514
     ],
     [
      -47.201876,
      -21.733086
     ],
     [
      -47.203328,
      -21.731161
     ],
     [
      -47.203537,
      -21.730694
     ],
     [
      -47.203699,
      -21.730317
     ],
     [
      -47.203824,
      -21.72994
     ],
     [
      -47.203914,
      -21.729562
     ],
     [
      -47.203973,
      -21.729118
     ],
     [
      -47.203985,
      -21.728719
     ],
     [
      -47.203956,
      -21.728308
     ],
     [
      -47.203912,
      -21.727911
     ],
     [
      -47.203796,
      -21.727441
     ],
     [
      -47.203653,
      -21.726977
     ],
     [
      -47.203411,
      -21.726485
     ],
     [
      -47.203038,
      -21.725878
     ],
     [
      -47.202376,
      -21.725154
     ],
     [
      -47.201721,
      -21.724583
     ],
     [
      -47.200366,
      -21.72362
     ],
     [
      -47.1984,
      -21.722135
     ],
     [
      -47.197164,
      -21.721058
     ],
     [
      -47.196564,
      -21.720356
     ],
     [
      -47.196198,
      -21.71977
     ],
     [
      -47.195582,
      -21.718547
     ],
     [
      -47.195263,
      -21.717599
     ],
     [
      -47.194967,
      -21.716629
     ],
     [
      -47.194764,
      -21.715536
     ],
     [
      -47.194718,
      -21.714508
     ],
     [
      -47.19478,
      -21.713596
     ],
     [
      -47.195029,
      -21.712257
     ],
     [
      -47.195505,
      -21.710687
     ],
     [
      -47.195917,
      -21.709825
     ],
     [
      -47.196354,
      -21.70908
     ],
     [
      -47.197063,
      -21.708197
     ],
     [
      -47.198192,
      -21.706735
     ],
     [
      -47.199096,
      -21.70575
     ],
     [
      -47.199789,
      -21.705077
     ],
     [
      -47.2006,
      -21.704455
     ],
     [
      -47.201534,
      -21.703926
     ],
     [
      -47.202835,
      -21.703427
     ],
     [
      -47.204869,
      -21.702674
     ],
     [
      -47.207525,
      -21.701472
     ],
     [
      -47.208935,
      -21.700785
     ],
     [
      -47.210626,
      -21.699829
     ],
     [
      -47.212605,
      -21.698497
     ],
     [
      -47.216525,
      -21.695914
     ],
     [
      -47.221019,
      -21.692953
     ],
     [
      -47.221844,
      -21.692403
     ],
     [
      -47.222826,
      -21.691845
     ],
     [
      -47.223862,
      -21.691324
     ],
     [
      -47.22489,
      -21.690948
     ],
     [
      -47.226277,
      -21.690651
     ],
     [
      -47.227376,
      -21.690484
     ],
     [
      -47.228801,
      -21.690441
     ],
     [
      -47.230528,
      -21.690494
     ],
     [
      -47.231614,
      -21.690387
     ],
     [
      -47.232496,
      -21.690207
     ],
     [
      -47.233402,
      -21.68984
     ],
     [
      -47.234339,
      -21.689346
     ],
     [
      -47.235264,
      -21.688674
     ],
     [
      -47.235768,
      -21.688277
     ],
     [
      -47.2365,
      -21.687775
     ],
     [
      -47.236897,
      -21.68755
     ],
     [
      -47.237538,
      -21.687296
     ],
     [
      -47.238398,
      -21.68706
     ],
     [
      -47.23979,
      -21.686891
     ],
     [
      -47.240793,
      -21.686763
     ],
     [
      -47.241569,
      -21.686519
     ],
     [
      -47.242644,
      -21.68604
     ],
     [
      -47.244651,
      -21.68525
     ],
     [
      -47.245327,
      -21.685064
     ],
     [
      -47.246016,
      -21.684971
     ],
     [
      -47.246956,
      -21.685029
     ],
     [
      -47.247783,
      -21.685168
     ],
     [
      -47.249086,
      -21.685704
     ],
     [
      -47.25455,
      -21.688344
     ],
     [
      -47.255253,
      -21.688689
     ],
     [
      -47.256164,
      -21.689218
     ],
     [
      -47.257138,
      -21.689831
     ],
     [
      -47.258835,
      -21.690998
     ],
     [
      -47.259352,
      -21.691249
     ],
     [
      -47.260047,
      -21.691561
     ],
     [
      -47.26203,
      -21.692345
     ],
     [
      -47.262735,
      -21.692606
     ],
     [
      -47.263512,
      -21.692979
     ],
     [
      -47.264118,
      -21.693343
     ],
     [
      -47.264894,
      -21.693839
     ],
     [
      -47.266619,
      -21.69518
     ],
     [
      -47.267671,
      -21.695938
     ],
     [
      -47.267992,
      -21.69618
     ],
     [
      -47.268343,
      -21.696357
     ],
     [
      -47.268888,
      -21.696598
     ],
     [
      -47.269359,
      -21.696759
     ],
     [
      -47.269865,
      -21.696876
     ],
     [
      -47.270502,
      -21.697013
     ],
     [
      -47.271345,
      -21.697135
     ]
    ]
   }
  },
  {
   "type": "Feature",
   "properties": {
    "id": "mog-tambau-sao-simao-original",
    "method": "osm-old",
    "osm_ways": [
     187869590,
     187869592,
     187869597,
     187869598,
     187869602,
     187869603,
     187869615,
     188066750,
     1548492627,
     1548492628,
     1548492629
    ],
    "bridged_gap_m": 0,
    "generated": "2026-10-05"
   },
   "geometry": {
    "type": "LineString",
    "coordinates": [
     [
      -47.271345,
      -21.697135
     ],
     [
      -47.272496,
      -21.697243
     ],
     [
      -47.273208,
      -21.697263
     ],
     [
      -47.273507,
      -21.697267
     ],
     [
      -47.275469,
      -21.697295
     ],
     [
      -47.278584,
      -21.69733
     ],
     [
      -47.28025,
      -21.697325
     ],
     [
      -47.280452,
      -21.697322
     ],
     [
      -47.280821,
      -21.697347
     ],
     [
      -47.281325,
      -21.697432
     ],
     [
      -47.28189,
      -21.697564
     ],
     [
      -47.28231,
      -21.697657
     ],
     [
      -47.282618,
      -21.697743
     ],
     [
      -47.282972,
      -21.697834
     ],
     [
      -47.283332,
      -21.697938
     ],
     [
      -47.283685,
      -21.698045
     ],
     [
      -47.28402,
      -21.698169
     ],
     [
      -47.284775,
      -21.698477
     ],
     [
      -47.286522,
      -21.699215
     ],
     [
      -47.287934,
      -21.699727
     ],
     [
      -47.288552,
      -21.699901
     ],
     [
      -47.288891,
      -21.699988
     ],
     [
      -47.289332,
      -21.700073
     ],
     [
      -47.289893,
      -21.700166
     ],
     [
      -47.290528,
      -21.700245
     ],
     [
      -47.291099,
      -21.700275
     ],
     [
      -47.291623,
      -21.700276
     ],
     [
      -47.292199,
      -21.700252
     ],
     [
      -47.292844,
      -21.700191
     ],
     [
      -47.293373,
      -21.70012
     ],
     [
      -47.293766,
      -21.700044
     ],
     [
      -47.294357,
      -21.699896
     ],
     [
      -47.295177,
      -21.69964
     ],
     [
      -47.296883,
      -21.699048
     ],
     [
      -47.298551,
      -21.698455
     ],
     [
      -47.300278,
      -21.697806
     ],
     [
      -47.301002,
      -21.697489
     ],
     [
      -47.301472,
      -21.697262
     ],
     [
      -47.302058,
      -21.696945
     ],
     [
      -47.302601,
      -21.696621
     ],
     [
      -47.303033,
      -21.696337
     ],
     [
      -47.303858,
      -21.695757
     ],
     [
      -47.304416,
      -21.695313
     ],
     [
      -47.304979,
      -21.694832
     ],
     [
      -47.305416,
      -21.694422
     ],
     [
      -47.305959,
      -21.693867
     ],
     [
      -47.306724,
      -21.692981
     ],
     [
      -47.307183,
      -21.692444
     ],
     [
      -47.307585,
      -21.691974
     ],
     [
      -47.308317,
      -21.691131
     ],
     [
      -47.309784,
      -21.689446
     ],
     [
      -47.309925,
      -21.689274
     ],
     [
      -47.310414,
      -21.688672
     ],
     [
      -47.310778,
      -21.688259
     ],
     [
      -47.311039,
      -21.687949
     ],
     [
      -47.311416,
      -21.687533
     ],
     [
      -47.311641,
      -21.6873
     ],
     [
      -47.31194,
      -21.687023
     ],
     [
      -47.312316,
      -21.686687
     ],
     [
      -47.312825,
      -21.686268
     ],
     [
      -47.313258,
      -21.685947
     ],
     [
      -47.313692,
      -21.685621
     ],
     [
      -47.3143,
      -21.685196
     ],
     [
      -47.314786,
      -21.684891
     ],
     [
      -47.315096,
      -21.684695
     ],
     [
      -47.315582,
      -21.68443
     ],
     [
      -47.316793,
      -21.683798
     ],
     [
      -47.318593,
      -21.682808
     ],
     [
      -47.320433,
      -21.681798
     ],
     [
      -47.322492,
      -21.680676
     ],
     [
      -47.323015,
      -21.680397
     ],
     [
      -47.324937,
      -21.679337
     ],
     [
      -47.326473,
      -21.678442
     ],
     [
      -47.328381,
      -21.677418
     ],
     [
      -47.33027,
      -21.676355
     ],
     [
      -47.332254,
      -21.675305
     ],
     [
      -47.333108,
      -21.67484
     ],
     [
      -47.333915,
      -21.674454
     ],
     [
      -47.336883,
      -21.672842
     ],
     [
      -47.338223,
      -21.672055
     ],
     [
      -47.338958,
      -21.671578
     ],
     [
      -47.339324,
      -21.671308
     ],
     [
      -47.339589,
      -21.671083
     ],
     [
      -47.340062,
      -21.670673
     ],
     [
      -47.340511,
      -21.67026
     ],
     [
      -47.341223,
      -21.669553
     ],
     [
      -47.341819,
      -21.668939
     ],
     [
      -47.342399,
      -21.668228
     ],
     [
      -47.342748,
      -21.667741
     ],
     [
      -47.343048,
      -21.667316
     ],
     [
      -47.343307,
      -21.666897
     ],
     [
      -47.343568,
      -21.666457
     ],
     [
      -47.343804,
      -21.666001
     ],
     [
      -47.344527,
      -21.664462
     ],
     [
      -47.345124,
      -21.663084
     ],
     [
      -47.345345,
      -21.662547
     ],
     [
      -47.345546,
      -21.662005
     ],
     [
      -47.345648,
      -21.661752
     ],
     [
      -47.345739,
      -21.661536
     ],
     [
      -47.34587,
      -21.661228
     ],
     [
      -47.345981,
      -21.660988
     ],
     [
      -47.346149,
      -21.660639
     ],
     [
      -47.346246,
      -21.660458
     ],
     [
      -47.346518,
      -21.659976
     ],
     [
      -47.34686,
      -21.659421
     ],
     [
      -47.347051,
      -21.659123
     ],
     [
      -47.347391,
      -21.658625
     ],
     [
      -47.347684,
      -21.658245
     ],
     [
      -47.347952,
      -21.657903
     ],
     [
      -47.34816,
      -21.657641
     ],
     [
      -47.348451,
      -21.657319
     ],
     [
      -47.348821,
      -21.656933
     ],
     [
      -47.34911,
      -21.656643
     ],
     [
      -47.349438,
      -21.656351
     ],
     [
      -47.349981,
      -21.655882
     ],
     [
      -47.351079,
      -21.654965
     ],
     [
      -47.352867,
      -21.653509
     ],
     [
      -47.354203,
      -21.652397
     ],
     [
      -47.354781,
      -21.651888
     ],
     [
      -47.355294,
      -21.651419
     ],
     [
      -47.355786,
      -21.650945
     ],
     [
      -47.35665,
      -21.650062
     ],
     [
      -47.358441,
      -21.647983
     ],
     [
      -47.358738,
      -21.647645
     ],
     [
      -47.359988,
      -21.646173
     ],
     [
      -47.360825,
      -21.645217
     ],
     [
      -47.362507,
      -21.643237
     ],
     [
      -47.363606,
      -21.641947
     ],
     [
      -47.364874,
      -21.640413
     ],
     [
      -47.366124,
      -21.638919
     ],
     [
      -47.36716,
      -21.63757
     ],
     [
      -47.36772,
      -21.636916
     ],
     [
      -47.368472,
      -21.63606
     ],
     [
      -47.369061,
      -21.635385
     ],
     [
      -47.370098,
      -21.634199
     ],
     [
      -47.370481,
      -21.633723
     ],
     [
      -47.370745,
      -21.633407
     ],
     [
      -47.370937,
      -21.633168
     ],
     [
      -47.371321,
      -21.632744
     ],
     [
      -47.372135,
      -21.631799
     ],
     [
      -47.372527,
      -21.631481
     ],
     [
      -47.372984,
      -21.63102
     ],
     [
      -47.373384,
      -21.630651
     ],
     [
      -47.373987,
      -21.63016
     ],
     [
      -47.377374,
      -21.627429
     ],
     [
      -47.378007,
      -21.6269
     ],
     [
      -47.378631,
      -21.626297
     ],
     [
      -47.379079,
      -21.625826
     ],
     [
      -47.379678,
      -21.625035
     ],
     [
      -47.380031,
      -21.624499
     ],
     [
      -47.380445,
      -21.623791
     ],
     [
      -47.380723,
      -21.623137
     ],
     [
      -47.381005,
      -21.622433
     ],
     [
      -47.381216,
      -21.62168
     ],
     [
      -47.381344,
      -21.621023
     ],
     [
      -47.381451,
      -21.620262
     ],
     [
      -47.381478,
      -21.619763
     ],
     [
      -47.381491,
      -21.619202
     ],
     [
      -47.381469,
      -21.618568
     ],
     [
      -47.381378,
      -21.617206
     ],
     [
      -47.381319,
      -21.616348
     ],
     [
      -47.381278,
      -21.615441
     ],
     [
      -47.381266,
      -21.614742
     ],
     [
      -47.381325,
      -21.614117
     ],
     [
      -47.381406,
      -21.613489
     ],
     [
      -47.381566,
      -21.612753
     ],
     [
      -47.381735,
      -21.612159
     ],
     [
      -47.381942,
      -21.611589
     ],
     [
      -47.382179,
      -21.611033
     ],
     [
      -47.382389,
      -21.610603
     ],
     [
      -47.382743,
      -21.609974
     ],
     [
      -47.383234,
      -21.609186
     ],
     [
      -47.384079,
      -21.607854
     ],
     [
      -47.389553,
      -21.599212
     ],
     [
      -47.393402,
      -21.593091
     ],
     [
      -47.393869,
      -21.592379
     ],
     [
      -47.394343,
      -21.591671
     ],
     [
      -47.394921,
      -21.59096
     ],
     [
      -47.395428,
      -21.59041
     ],
     [
      -47.395815,
      -21.590029
     ],
     [
      -47.396388,
      -21.589549
     ],
     [
      -47.396914,
      -21.589153
     ],
     [
      -47.397509,
      -21.588754
     ],
     [
      -47.397991,
      -21.588481
     ],
     [
      -47.398613,
      -21.588193
     ],
     [
      -47.39973,
      -21.587742
     ],
     [
      -47.401063,
      -21.58725
     ],
     [
      -47.404571,
      -21.586025
     ],
     [
      -47.408717,
      -21.58455
     ],
     [
      -47.415311,
      -21.582259
     ],
     [
      -47.419294,
      -21.580804
     ],
     [
      -47.419968,
      -21.580556
     ],
     [
      -47.422436,
      -21.579646
     ],
     [
      -47.424038,
      -21.57909
     ],
     [
      -47.424717,
      -21.578834
     ],
     [
      -47.425495,
      -21.578565
     ],
     [
      -47.427208,
      -21.577973
     ],
     [
      -47.432352,
      -21.576178
     ],
     [
      -47.436445,
      -21.574729
     ],
     [
      -47.437737,
      -21.574272
     ],
     [
      -47.441307,
      -21.572968
     ],
     [
      -47.442365,
      -21.572584
     ],
     [
      -47.443166,
      -21.572223
     ],
     [
      -47.443933,
      -21.571819
     ],
     [
      -47.444602,
      -21.571385
     ],
     [
      -47.445425,
      -21.570797
     ],
     [
      -47.446145,
      -21.570157
     ],
     [
      -47.446736,
      -21.569555
     ],
     [
      -47.447234,
      -21.568967
     ],
     [
      -47.447725,
      -21.568321
     ],
     [
      -47.448079,
      -21.567756
     ],
     [
      -47.448401,
      -21.567154
     ],
     [
      -47.448726,
      -21.566467
     ],
     [
      -47.448961,
      -21.565839
     ],
     [
      -47.449962,
      -21.562391
     ],
     [
      -47.450902,
      -21.559159
     ],
     [
      -47.451612,
      -21.556767
     ],
     [
      -47.45187,
      -21.555836
     ],
     [
      -47.452029,
      -21.555323
     ],
     [
      -47.452231,
      -21.554765
     ],
     [
      -47.452684,
      -21.553774
     ],
     [
      -47.453051,
      -21.553148
     ],
     [
      -47.453345,
      -21.5527
     ],
     [
      -47.453676,
      -21.552236
     ],
     [
      -47.454163,
      -21.551692
     ],
     [
      -47.454582,
      -21.551239
     ],
     [
      -47.455048,
      -21.550807
     ],
     [
      -47.455544,
      -21.550391
     ],
     [
      -47.455942,
      -21.5501
     ],
     [
      -47.456435,
      -21.54977
     ],
     [
      -47.456854,
      -21.549517
     ],
     [
      -47.45731,
      -21.549263
     ],
     [
      -47.457751,
      -21.549058
     ],
     [
      -47.457917,
      -21.548996
     ],
     [
      -47.459319,
      -21.548474
     ],
     [
      -47.464693,
      -21.546515
     ],
     [
      -47.467578,
      -21.54548
     ],
     [
      -47.470813,
      -21.544319
     ],
     [
      -47.476199,
      -21.542385
     ],
     [
      -47.482102,
      -21.540301
     ],
     [
      -47.485724,
      -21.538939
     ],
     [
      -47.490639,
      -21.537131
     ],
     [
      -47.495243,
      -21.535517
     ],
     [
      -47.495498,
      -21.535428
     ],
     [
      -47.498303,
      -21.534425
     ],
     [
      -47.502127,
      -21.533038
     ],
     [
      -47.504438,
      -21.532189
     ],
     [
      -47.505424,
      -21.531828
     ],
     [
      -47.506248,
      -21.531529
     ],
     [
      -47.508048,
      -21.530908
     ],
     [
      -47.508909,
      -21.530592
     ],
     [
      -47.509628,
      -21.530307
     ],
     [
      -47.510397,
      -21.529973
     ],
     [
      -47.511227,
      -21.529569
     ],
     [
      -47.511894,
      -21.52923
     ],
     [
      -47.512485,
      -21.528891
     ],
     [
      -47.513045,
      -21.528544
     ],
     [
      -47.513664,
      -21.528136
     ],
     [
      -47.514442,
      -21.527575
     ],
     [
      -47.515127,
      -21.52708
     ],
     [
      -47.515841,
      -21.526476
     ],
     [
      -47.516597,
      -21.525755
     ],
     [
      -47.517219,
      -21.525089
     ],
     [
      -47.518091,
      -21.524097
     ],
     [
      -47.518633,
      -21.523385
     ],
     [
      -47.519218,
      -21.5225
     ],
     [
      -47.519745,
      -21.521599
     ],
     [
      -47.520121,
      -21.52095
     ],
     [
      -47.520326,
      -21.520517
     ],
     [
      -47.520724,
      -21.519665
     ],
     [
      -47.520911,
      -21.519204
     ],
     [
      -47.521217,
      -21.518432
     ],
     [
      -47.522066,
      -21.516196
     ],
     [
      -47.522892,
      -21.513983
     ],
     [
      -47.524099,
      -21.510818
     ],
     [
      -47.525115,
      -21.508177
     ],
     [
      -47.525789,
      -21.50642
     ],
     [
      -47.52596,
      -21.505987
     ],
     [
      -47.526141,
      -21.505642
     ],
     [
      -47.52641,
      -21.505152
     ],
     [
      -47.526668,
      -21.504742
     ],
     [
      -47.52705,
      -21.504186
     ],
     [
      -47.527418,
      -21.503719
     ],
     [
      -47.5278,
      -21.503278
     ],
     [
      -47.528217,
      -21.502827
     ],
     [
      -47.528621,
      -21.502457
     ],
     [
      -47.529034,
      -21.502115
     ],
     [
      -47.529503,
      -21.501751
     ],
     [
      -47.529987,
      -21.501412
     ],
     [
      -47.530464,
      -21.501115
     ],
     [
      -47.530917,
      -21.50085
     ],
     [
      -47.531358,
      -21.500625
     ],
     [
      -47.533397,
      -21.499623
     ],
     [
      -47.536701,
      -21.49797
     ],
     [
      -47.540636,
      -21.496062
     ],
     [
      -47.543422,
      -21.494677
     ],
     [
      -47.54596,
      -21.493475
     ],
     [
      -47.549014,
      -21.492012
     ],
     [
      -47.550866,
      -21.491109
     ],
     [
      -47.551953,
      -21.490579
     ],
     [
      -47.552878,
      -21.490109
     ],
     [
      -47.553346,
      -21.489884
     ],
     [
      -47.553729,
      -21.489668
     ],
     [
      -47.554176,
      -21.48938
     ],
     [
      -47.554684,
      -21.489004
     ],
     [
      -47.555027,
      -21.488682
     ],
     [
      -47.555444,
      -21.488269
     ],
     [
      -47.555768,
      -21.487893
     ],
     [
      -47.55595,
      -21.487631
     ],
     [
      -47.556231,
      -21.487207
     ],
     [
      -47.556748,
      -21.48636
     ],
     [
      -47.557824,
      -21.484683
     ],
     [
      -47.55799,
      -21.484416
     ],
     [
      -47.558662,
      -21.483343
     ],
     [
      -47.559415,
      -21.48212
     ],
     [
      -47.559605,
      -21.481833
     ],
     [
      -47.560487,
      -21.480394
     ],
     [
      -47.562789,
      -21.476755
     ],
     [
      -47.56443,
      -21.47412
     ],
     [
      -47.564807,
      -21.473553
     ],
     [
      -47.565076,
      -21.473148
     ],
     [
      -47.565474,
      -21.472624
     ],
     [
      -47.566047,
      -21.471954
     ],
     [
      -47.566684,
      -21.47127
     ],
     [
      -47.567186,
      -21.470785
     ],
     [
      -47.567633,
      -21.470398
     ],
     [
      -47.56865,
      -21.469589
     ],
     [
      -47.573255,
      -21.466152
     ],
     [
      -47.573566,
      -21.465924
     ],
     [
      -47.574474,
      -21.465258
     ],
     [
      -47.575166,
      -21.464807
     ],
     [
      -47.5759,
      -21.464374
     ],
     [
      -47.57729,
      -21.463719
     ],
     [
      -47.57887,
      -21.46304
     ],
     [
      -47.578935,
      -21.463012
     ],
     [
      -47.58458,
      -21.460665
     ]
    ]
   }
  },
  {
   "type": "Feature",
   "properties": {
    "id": "mog-variante-tambau-bento-quirino",
    "method": "osm-current",
    "osm_ways": [
     187869590,
     187869592,
     187869597,
     187869598,
     187869602,
     187869603,
     187869615,
     188066750,
     1548492627,
     1548492628,
     1548492629
    ],
    "bridged_gap_m": 0,
    "generated": "2026-10-05"
   },
   "geometry": {
    "type": "LineString",
    "coordinates": [
     [
      -47.271345,
      -21.697135
     ],
     [
      -47.272496,
      -21.697243
     ],
     [
      -47.273208,
      -21.697263
     ],
     [
      -47.273507,
      -21.697267
     ],
     [
      -47.275469,
      -21.697295
     ],
     [
      -47.278584,
      -21.69733
     ],
     [
      -47.28025,
      -21.697325
     ],
     [
      -47.280452,
      -21.697322
     ],
     [
      -47.280821,
      -21.697347
     ],
     [
      -47.281325,
      -21.697432
     ],
     [
      -47.28189,
      -21.697564
     ],
     [
      -47.28231,
      -21.697657
     ],
     [
      -47.282618,
      -21.697743
     ],
     [
      -47.282972,
      -21.697834
     ],
     [
      -47.283332,
      -21.697938
     ],
     [
      -47.283685,
      -21.698045
     ],
     [
      -47.28402,
      -21.698169
     ],
     [
      -47.284775,
      -21.698477
     ],
     [
      -47.286522,
      -21.699215
     ],
     [
      -47.287934,
      -21.699727
     ],
     [
      -47.288552,
      -21.699901
     ],
     [
      -47.288891,
      -21.699988
     ],
     [
      -47.289332,
      -21.700073
     ],
     [
      -47.289893,
      -21.700166
     ],
     [
      -47.290528,
      -21.700245
     ],
     [
      -47.291099,
      -21.700275
     ],
     [
      -47.291623,
      -21.700276
     ],
     [
      -47.292199,
      -21.700252
     ],
     [
      -47.292844,
      -21.700191
     ],
     [
      -47.293373,
      -21.70012
     ],
     [
      -47.293766,
      -21.700044
     ],
     [
      -47.294357,
      -21.699896
     ],
     [
      -47.295177,
      -21.69964
     ],
     [
      -47.296883,
      -21.699048
     ],
     [
      -47.298551,
      -21.698455
     ],
     [
      -47.300278,
      -21.697806
     ],
     [
      -47.301002,
      -21.697489
     ],
     [
      -47.301472,
      -21.697262
     ],
     [
      -47.302058,
      -21.696945
     ],
     [
      -47.302601,
      -21.696621
     ],
     [
      -47.303033,
      -21.696337
     ],
     [
      -47.303858,
      -21.695757
     ],
     [
      -47.304416,
      -21.695313
     ],
     [
      -47.304979,
      -21.694832
     ],
     [
      -47.305416,
      -21.694422
     ],
     [
      -47.305959,
      -21.693867
     ],
     [
      -47.306724,
      -21.692981
     ],
     [
      -47.307183,
      -21.692444
     ],
     [
      -47.307585,
      -21.691974
     ],
     [
      -47.308317,
      -21.691131
     ],
     [
      -47.309784,
      -21.689446
     ],
     [
      -47.309925,
      -21.689274
     ],
     [
      -47.310414,
      -21.688672
     ],
     [
      -47.310778,
      -21.688259
     ],
     [
      -47.311039,
      -21.687949
     ],
     [
      -47.311416,
      -21.687533
     ],
     [
      -47.311641,
      -21.6873
     ],
     [
      -47.31194,
      -21.687023
     ],
     [
      -47.312316,
      -21.686687
     ],
     [
      -47.312825,
      -21.686268
     ],
     [
      -47.313258,
      -21.685947
     ],
     [
      -47.313692,
      -21.685621
     ],
     [
      -47.3143,
      -21.685196
     ],
     [
      -47.314786,
      -21.684891
     ],
     [
      -47.315096,
      -21.684695
     ],
     [
      -47.315582,
      -21.68443
     ],
     [
      -47.316793,
      -21.683798
     ],
     [
      -47.318593,
      -21.682808
     ],
     [
      -47.320433,
      -21.681798
     ],
     [
      -47.322492,
      -21.680676
     ],
     [
      -47.323015,
      -21.680397
     ],
     [
      -47.324937,
      -21.679337
     ],
     [
      -47.326473,
      -21.678442
     ],
     [
      -47.328381,
      -21.677418
     ],
     [
      -47.33027,
      -21.676355
     ],
     [
      -47.332254,
      -21.675305
     ],
     [
      -47.333108,
      -21.67484
     ],
     [
      -47.333915,
      -21.674454
     ],
     [
      -47.336883,
      -21.672842
     ],
     [
      -47.338223,
      -21.672055
     ],
     [
      -47.338958,
      -21.671578
     ],
     [
      -47.339324,
      -21.671308
     ],
     [
      -47.339589,
      -21.671083
     ],
     [
      -47.340062,
      -21.670673
     ],
     [
      -47.340511,
      -21.67026
     ],
     [
      -47.341223,
      -21.669553
     ],
     [
      -47.341819,
      -21.668939
     ],
     [
      -47.342399,
      -21.668228
     ],
     [
      -47.342748,
      -21.667741
     ],
     [
      -47.343048,
      -21.667316
     ],
     [
      -47.343307,
      -21.666897
     ],
     [
      -47.343568,
      -21.666457
     ],
     [
      -47.343804,
      -21.666001
     ],
     [
      -47.344527,
      -21.664462
     ],
     [
      -47.345124,
      -21.663084
     ],
     [
      -47.345345,
      -21.662547
     ],
     [
      -47.345546,
      -21.662005
     ],
     [
      -47.345648,
      -21.661752
     ],
     [
      -47.345739,
      -21.661536
     ],
     [
      -47.34587,
      -21.661228
     ],
     [
      -47.345981,
      -21.660988
     ],
     [
      -47.346149,
      -21.660639
     ],
     [
      -47.346246,
      -21.660458
     ],
     [
      -47.346518,
      -21.659976
     ],
     [
      -47.34686,
      -21.659421
     ],
     [
      -47.347051,
      -21.659123
     ],
     [
      -47.347391,
      -21.658625
     ],
     [
      -47.347684,
      -21.658245
     ],
     [
      -47.347952,
      -21.657903
     ],
     [
      -47.34816,
      -21.657641
     ],
     [
      -47.348451,
      -21.657319
     ],
     [
      -47.348821,
      -21.656933
     ],
     [
      -47.34911,
      -21.656643
     ],
     [
      -47.349438,
      -21.656351
     ],
     [
      -47.349981,
      -21.655882
     ],
     [
      -47.351079,
      -21.654965
     ],
     [
      -47.352867,
      -21.653509
     ],
     [
      -47.354203,
      -21.652397
     ],
     [
      -47.354781,
      -21.651888
     ],
     [
      -47.355294,
      -21.651419
     ],
     [
      -47.355786,
      -21.650945
     ],
     [
      -47.35665,
      -21.650062
     ],
     [
      -47.358441,
      -21.647983
     ],
     [
      -47.358738,
      -21.647645
     ],
     [
      -47.359988,
      -21.646173
     ],
     [
      -47.360825,
      -21.645217
     ],
     [
      -47.362507,
      -21.643237
     ],
     [
      -47.363606,
      -21.641947
     ],
     [
      -47.364874,
      -21.640413
     ],
     [
      -47.366124,
      -21.638919
     ],
     [
      -47.36716,
      -21.63757
     ],
     [
      -47.36772,
      -21.636916
     ],
     [
      -47.368472,
      -21.63606
     ],
     [
      -47.369061,
      -21.635385
     ],
     [
      -47.370098,
      -21.634199
     ],
     [
      -47.370481,
      -21.633723
     ],
     [
      -47.370745,
      -21.633407
     ],
     [
      -47.370937,
      -21.633168
     ],
     [
      -47.371321,
      -21.632744
     ],
     [
      -47.372135,
      -21.631799
     ],
     [
      -47.372527,
      -21.631481
     ],
     [
      -47.372984,
      -21.63102
     ],
     [
      -47.373384,
      -21.630651
     ],
     [
      -47.373987,
      -21.63016
     ],
     [
      -47.377374,
      -21.627429
     ],
     [
      -47.378007,
      -21.6269
     ],
     [
      -47.378631,
      -21.626297
     ],
     [
      -47.379079,
      -21.625826
     ],
     [
      -47.379678,
      -21.625035
     ],
     [
      -47.380031,
      -21.624499
     ],
     [
      -47.380445,
      -21.623791
     ],
     [
      -47.380723,
      -21.623137
     ],
     [
      -47.381005,
      -21.622433
     ],
     [
      -47.381216,
      -21.62168
     ],
     [
      -47.381344,
      -21.621023
     ],
     [
      -47.381451,
      -21.620262
     ],
     [
      -47.381478,
      -21.619763
     ],
     [
      -47.381491,
      -21.619202
     ],
     [
      -47.381469,
      -21.618568
     ],
     [
      -47.381378,
      -21.617206
     ],
     [
      -47.381319,
      -21.616348
     ],
     [
      -47.381278,
      -21.615441
     ],
     [
      -47.381266,
      -21.614742
     ],
     [
      -47.381325,
      -21.614117
     ],
     [
      -47.381406,
      -21.613489
     ],
     [
      -47.381566,
      -21.612753
     ],
     [
      -47.381735,
      -21.612159
     ],
     [
      -47.381942,
      -21.611589
     ],
     [
      -47.382179,
      -21.611033
     ],
     [
      -47.382389,
      -21.610603
     ],
     [
      -47.382743,
      -21.609974
     ],
     [
      -47.383234,
      -21.609186
     ],
     [
      -47.384079,
      -21.607854
     ],
     [
      -47.389553,
      -21.599212
     ],
     [
      -47.393402,
      -21.593091
     ],
     [
      -47.393869,
      -21.592379
     ],
     [
      -47.394343,
      -21.591671
     ],
     [
      -47.394921,
      -21.59096
     ],
     [
      -47.395428,
      -21.59041
     ],
     [
      -47.395815,
      -21.590029
     ],
     [
      -47.396388,
      -21.589549
     ],
     [
      -47.396914,
      -21.589153
     ],
     [
      -47.397509,
      -21.588754
     ],
     [
      -47.397991,
      -21.588481
     ],
     [
      -47.398613,
      -21.588193
     ],
     [
      -47.39973,
      -21.587742
     ],
     [
      -47.401063,
      -21.58725
     ],
     [
      -47.404571,
      -21.586025
     ],
     [
      -47.408717,
      -21.58455
     ],
     [
      -47.415311,
      -21.582259
     ],
     [
      -47.419294,
      -21.580804
     ],
     [
      -47.419968,
      -21.580556
     ],
     [
      -47.422436,
      -21.579646
     ],
     [
      -47.424038,
      -21.57909
     ],
     [
      -47.424717,
      -21.578834
     ],
     [
      -47.425495,
      -21.578565
     ],
     [
      -47.427208,
      -21.577973
     ],
     [
      -47.432352,
      -21.576178
     ],
     [
      -47.436445,
      -21.574729
     ],
     [
      -47.437737,
      -21.574272
     ],
     [
      -47.441307,
      -21.572968
     ],
     [
      -47.442365,
      -21.572584
     ],
     [
      -47.443166,
      -21.572223
     ],
     [
      -47.443933,
      -21.571819
     ],
     [
      -47.444602,
      -21.571385
     ],
     [
      -47.445425,
      -21.570797
     ],
     [
      -47.446145,
      -21.570157
     ],
     [
      -47.446736,
      -21.569555
     ],
     [
      -47.447234,
      -21.568967
     ],
     [
      -47.447725,
      -21.568321
     ],
     [
      -47.448079,
      -21.567756
     ],
     [
      -47.448401,
      -21.567154
     ],
     [
      -47.448726,
      -21.566467
     ],
     [
      -47.448961,
      -21.565839
     ],
     [
      -47.449962,
      -21.562391
     ],
     [
      -47.450902,
      -21.559159
     ],
     [
      -47.451612,
      -21.556767
     ],
     [
      -47.45187,
      -21.555836
     ],
     [
      -47.452029,
      -21.555323
     ],
     [
      -47.452231,
      -21.554765
     ],
     [
      -47.452684,
      -21.553774
     ],
     [
      -47.453051,
      -21.553148
     ],
     [
      -47.453345,
      -21.5527
     ],
     [
      -47.453676,
      -21.552236
     ],
     [
      -47.454163,
      -21.551692
     ],
     [
      -47.454582,
      -21.551239
     ],
     [
      -47.455048,
      -21.550807
     ],
     [
      -47.455544,
      -21.550391
     ],
     [
      -47.455942,
      -21.5501
     ],
     [
      -47.456435,
      -21.54977
     ],
     [
      -47.456854,
      -21.549517
     ],
     [
      -47.45731,
      -21.549263
     ],
     [
      -47.457751,
      -21.549058
     ],
     [
      -47.457917,
      -21.548996
     ],
     [
      -47.459319,
      -21.548474
     ],
     [
      -47.464693,
      -21.546515
     ],
     [
      -47.467578,
      -21.54548
     ],
     [
      -47.470813,
      -21.544319
     ],
     [
      -47.476199,
      -21.542385
     ],
     [
      -47.482102,
      -21.540301
     ],
     [
      -47.485724,
      -21.538939
     ],
     [
      -47.490639,
      -21.537131
     ],
     [
      -47.495243,
      -21.535517
     ],
     [
      -47.495498,
      -21.535428
     ],
     [
      -47.498303,
      -21.534425
     ],
     [
      -47.502127,
      -21.533038
     ],
     [
      -47.504438,
      -21.532189
     ],
     [
      -47.505424,
      -21.531828
     ],
     [
      -47.506248,
      -21.531529
     ],
     [
      -47.508048,
      -21.530908
     ],
     [
      -47.508909,
      -21.530592
     ],
     [
      -47.509628,
      -21.530307
     ],
     [
      -47.510397,
      -21.529973
     ],
     [
      -47.511227,
      -21.529569
     ],
     [
      -47.511894,
      -21.52923
     ],
     [
      -47.512485,
      -21.528891
     ],
     [
      -47.513045,
      -21.528544
     ],
     [
      -47.513664,
      -21.528136
     ],
     [
      -47.514442,
      -21.527575
     ],
     [
      -47.515127,
      -21.52708
     ],
     [
      -47.515841,
      -21.526476
     ],
     [
      -47.516597,
      -21.525755
     ],
     [
      -47.517219,
      -21.525089
     ],
     [
      -47.518091,
      -21.524097
     ],
     [
      -47.518633,
      -21.523385
     ],
     [
      -47.519218,
      -21.5225
     ],
     [
      -47.519745,
      -21.521599
     ],
     [
      -47.520121,
      -21.52095
     ],
     [
      -47.520326,
      -21.520517
     ],
     [
      -47.520724,
      -21.519665
     ],
     [
      -47.520911,
      -21.519204
     ],
     [
      -47.521217,
      -21.518432
     ],
     [
      -47.522066,
      -21.516196
     ],
     [
      -47.522892,
      -21.513983
     ],
     [
      -47.524099,
      -21.510818
     ],
     [
      -47.525115,
      -21.508177
     ],
     [
      -47.525789,
      -21.50642
     ],
     [
      -47.52596,
      -21.505987
     ],
     [
      -47.526141,
      -21.505642
     ],
     [
      -47.52641,
      -21.505152
     ],
     [
      -47.526668,
      -21.504742
     ],
     [
      -47.52705,
      -21.504186
     ],
     [
      -47.527418,
      -21.503719
     ],
     [
      -47.5278,
      -21.503278
     ],
     [
      -47.528217,
      -21.502827
     ],
     [
      -47.528621,
      -21.502457
     ],
     [
      -47.529034,
      -21.502115
     ],
     [
      -47.529503,
      -21.501751
     ],
     [
      -47.529987,
      -21.501412
     ],
     [
      -47.530464,
      -21.501115
     ],
     [
      -47.530917,
      -21.50085
     ],
     [
      -47.531358,
      -21.500625
     ],
     [
      -47.533397,
      -21.499623
     ],
     [
      -47.536701,
      -21.49797
     ],
     [
      -47.540636,
      -21.496062
     ],
     [
      -47.543422,
      -21.494677
     ],
     [
      -47.54596,
      -21.493475
     ],
     [
      -47.549014,
      -21.492012
     ],
     [
      -47.550866,
      -21.491109
     ],
     [
      -47.551953,
      -21.490579
     ],
     [
      -47.552878,
      -21.490109
     ],
     [
      -47.553346,
      -21.489884
     ],
     [
      -47.553729,
      -21.489668
     ],
     [
      -47.554176,
      -21.48938
     ],
     [
      -47.554684,
      -21.489004
     ],
     [
      -47.555027,
      -21.488682
     ],
     [
      -47.555444,
      -21.488269
     ],
     [
      -47.555768,
      -21.487893
     ],
     [
      -47.55595,
      -21.487631
     ],
     [
      -47.556231,
      -21.487207
     ],
     [
      -47.556748,
      -21.48636
     ],
     [
      -47.557824,
      -21.484683
     ],
     [
      -47.55799,
      -21.484416
     ],
     [
      -47.558662,
      -21.483343
     ],
     [
      -47.559415,
      -21.48212
     ],
     [
      -47.559605,
      -21.481833
     ],
     [
      -47.560487,
      -21.480394
     ],
     [
      -47.562789,
      -21.476755
     ],
     [
      -47.56443,
      -21.47412
     ],
     [
      -47.564807,
      -21.473553
     ],
     [
      -47.565076,
      -21.473148
     ],
     [
      -47.565474,
      -21.472624
     ],
     [
      -47.566047,
      -21.471954
     ],
     [
      -47.566684,
      -21.47127
     ],
     [
      -47.567186,
      -21.470785
     ],
     [
      -47.567633,
      -21.470398
     ],
     [
      -47.56865,
      -21.469589
     ],
     [
      -47.573255,
      -21.466152
     ],
     [
      -47.573566,
      -21.465924
     ],
     [
      -47.574474,
      -21.465258
     ],
     [
      -47.575166,
      -21.464807
     ],
     [
      -47.5759,
      -21.464374
     ],
     [
      -47.57729,
      -21.463719
     ],
     [
      -47.57887,
      -21.46304
     ],
     [
      -47.578935,
      -21.463012
     ],
     [
      -47.58458,
      -21.460665
     ]
    ]
   }
  },
  {
   "type": "Feature",
   "properties": {
    "id": "mog-bento-quirino-ribeirao-original",
    "method": "osm-old",
    "osm_ways": [
     31589002,
     177599903,
     177719366,
     177719368,
     194353660,
     194852136,
     228389019,
     228389020,
     249847031,
     249847032,
     393525885,
     393525890,
     393525914,
     393525948,
     1479079321,
     1548492629,
     1548492630
    ],
    "bridged_gap_m": 0,
    "generated": "2026-10-05"
   },
   "geometry": {
    "type": "LineString",
    "coordinates": [
     [
      -47.58458,
      -21.460665
     ],
     [
      -47.593037,
      -21.457195
     ],
     [
      -47.599778,
      -21.454377
     ],
     [
      -47.602712,
      -21.452992
     ],
     [
      -47.605641,
      -21.450875
     ],
     [
      -47.608291,
      -21.448639
     ],
     [
      -47.610664,
      -21.446064
     ],
     [
      -47.611472,
      -21.444815
     ],
     [
      -47.611709,
      -21.444441
     ],
     [
      -47.612514,
      -21.443176
     ],
     [
      -47.614169,
      -21.439615
     ],
     [
      -47.615129,
      -21.436303
     ],
     [
      -47.616228,
      -21.431973
     ],
     [
      -47.617805,
      -21.4258
     ],
     [
      -47.618455,
      -21.424643
     ],
     [
      -47.618647,
      -21.424277
     ],
     [
      -47.619542,
      -21.423276
     ],
     [
      -47.620187,
      -21.422547
     ],
     [
      -47.620544,
      -21.422128
     ],
     [
      -47.620832,
      -21.421722
     ],
     [
      -47.621134,
      -21.421216
     ],
     [
      -47.621309,
      -21.420895
     ],
     [
      -47.621455,
      -21.420487
     ],
     [
      -47.621624,
      -21.419931
     ],
     [
      -47.621727,
      -21.419466
     ],
     [
      -47.621806,
      -21.418903
     ],
     [
      -47.621823,
      -21.418602
     ],
     [
      -47.621727,
      -21.415738
     ],
     [
      -47.621423,
      -21.408241
     ],
     [
      -47.621369,
      -21.407692
     ],
     [
      -47.621297,
      -21.40723
     ],
     [
      -47.621183,
      -21.40668
     ],
     [
      -47.620794,
      -21.405236
     ],
     [
      -47.620587,
      -21.404514
     ],
     [
      -47.620266,
      -21.403278
     ],
     [
      -47.619714,
      -21.401305
     ],
     [
      -47.619355,
      -21.399998
     ],
     [
      -47.618927,
      -21.398209
     ],
     [
      -47.618829,
      -21.39747
     ],
     [
      -47.618794,
      -21.396928
     ],
     [
      -47.618857,
      -21.396009
     ],
     [
      -47.618952,
      -21.395533
     ],
     [
      -47.619067,
      -21.395195
     ],
     [
      -47.621198,
      -21.3904
     ],
     [
      -47.624053,
      -21.384102
     ],
     [
      -47.625033,
      -21.382045
     ],
     [
      -47.62669,
      -21.378408
     ],
     [
      -47.628364,
      -21.374772
     ],
     [
      -47.629742,
      -21.371751
     ],
     [
      -47.631104,
      -21.36887
     ],
     [
      -47.631644,
      -21.36806
     ],
     [
      -47.632254,
      -21.367418
     ],
     [
      -47.633048,
      -21.366807
     ],
     [
      -47.634,
      -21.366235
     ],
     [
      -47.635237,
      -21.365601
     ],
     [
      -47.636116,
      -21.365156
     ],
     [
      -47.636539,
      -21.364926
     ],
     [
      -47.637011,
      -21.364634
     ],
     [
      -47.637544,
      -21.364233
     ],
     [
      -47.638076,
      -21.363754
     ],
     [
      -47.638547,
      -21.363217
     ],
     [
      -47.638808,
      -21.362872
     ],
     [
      -47.639083,
      -21.362446
     ],
     [
      -47.639481,
      -21.36157
     ],
     [
      -47.63975,
      -21.360579
     ],
     [
      -47.639849,
      -21.359485
     ],
     [
      -47.639685,
      -21.356842
     ],
     [
      -47.639562,
      -21.354958
     ],
     [
      -47.639793,
      -21.353504
     ],
     [
      -47.640125,
      -21.35239
     ],
     [
      -47.640585,
      -21.35145
     ],
     [
      -47.640741,
      -21.351196
     ],
     [
      -47.641744,
      -21.349716
     ],
     [
      -47.6427,
      -21.348778
     ],
     [
      -47.643365,
      -21.348273
     ],
     [
      -47.644319,
      -21.347687
     ],
     [
      -47.645457,
      -21.347134
     ],
     [
      -47.646605,
      -21.346554
     ],
     [
      -47.647394,
      -21.346145
     ],
     [
      -47.649532,
      -21.345014
     ],
     [
      -47.650599,
      -21.344452
     ],
     [
      -47.651153,
      -21.344161
     ],
     [
      -47.651689,
      -21.34385
     ],
     [
      -47.65188,
      -21.343734
     ],
     [
      -47.652065,
      -21.3436
     ],
     [
      -47.652349,
      -21.343368
     ],
     [
      -47.652599,
      -21.343144
     ],
     [
      -47.653568,
      -21.342033
     ],
     [
      -47.654217,
      -21.340784
     ],
     [
      -47.655635,
      -21.336682
     ],
     [
      -47.655746,
      -21.336361
     ],
     [
      -47.655969,
      -21.33565
     ],
     [
      -47.656133,
      -21.335095
     ],
     [
      -47.656242,
      -21.334601
     ],
     [
      -47.656383,
      -21.333625
     ],
     [
      -47.656367,
      -21.329321
     ],
     [
      -47.656716,
      -21.327557
     ],
     [
      -47.658858,
      -21.322065
     ],
     [
      -47.659537,
      -21.320288
     ],
     [
      -47.660949,
      -21.316597
     ],
     [
      -47.661524,
      -21.315084
     ],
     [
      -47.66165,
      -21.314609
     ],
     [
      -47.661741,
      -21.314219
     ],
     [
      -47.661848,
      -21.313502
     ],
     [
      -47.662017,
      -21.312108
     ],
     [
      -47.662185,
      -21.310647
     ],
     [
      -47.662441,
      -21.309619
     ],
     [
      -47.662985,
      -21.308449
     ],
     [
      -47.664101,
      -21.306249
     ],
     [
      -47.664418,
      -21.305325
     ],
     [
      -47.664482,
      -21.304983
     ],
     [
      -47.664503,
      -21.304899
     ],
     [
      -47.664601,
      -21.30409
     ],
     [
      -47.664584,
      -21.303581
     ],
     [
      -47.664541,
      -21.30307
     ],
     [
      -47.664447,
      -21.302569
     ],
     [
      -47.664303,
      -21.302015
     ],
     [
      -47.66403,
      -21.300905
     ],
     [
      -47.663917,
      -21.300298
     ],
     [
      -47.663085,
      -21.296131
     ],
     [
      -47.662932,
      -21.29512
     ],
     [
      -47.662851,
      -21.294712
     ],
     [
      -47.662701,
      -21.294228
     ],
     [
      -47.662511,
      -21.29376
     ],
     [
      -47.662361,
      -21.29345
     ],
     [
      -47.662161,
      -21.293117
     ],
     [
      -47.661859,
      -21.292688
     ],
     [
      -47.661642,
      -21.292441
     ],
     [
      -47.661389,
      -21.292209
     ],
     [
      -47.659624,
      -21.290663
     ],
     [
      -47.658286,
      -21.289497
     ],
     [
      -47.656941,
      -21.28832
     ],
     [
      -47.656425,
      -21.2878
     ],
     [
      -47.656141,
      -21.287487
     ],
     [
      -47.655861,
      -21.287097
     ],
     [
      -47.655524,
      -21.286553
     ],
     [
      -47.655368,
      -21.286263
     ],
     [
      -47.655255,
      -21.286007
     ],
     [
      -47.655027,
      -21.285373
     ],
     [
      -47.654853,
      -21.284652
     ],
     [
      -47.654266,
      -21.281646
     ],
     [
      -47.653965,
      -21.280104
     ],
     [
      -47.653847,
      -21.279404
     ],
     [
      -47.653763,
      -21.278781
     ],
     [
      -47.653758,
      -21.278106
     ],
     [
      -47.653819,
      -21.2774
     ],
     [
      -47.653925,
      -21.276626
     ],
     [
      -47.654665,
      -21.272608
     ],
     [
      -47.655151,
      -21.270128
     ],
     [
      -47.655581,
      -21.267693
     ],
     [
      -47.655778,
      -21.266802
     ],
     [
      -47.656092,
      -21.265966
     ],
     [
      -47.656949,
      -21.264163
     ],
     [
      -47.657384,
      -21.263264
     ],
     [
      -47.657605,
      -21.262814
     ],
     [
      -47.65776,
      -21.2624
     ],
     [
      -47.657867,
      -21.262033
     ],
     [
      -47.65797,
      -21.261619
     ],
     [
      -47.658057,
      -21.260823
     ],
     [
      -47.658029,
      -21.259998
     ],
     [
      -47.657949,
      -21.259425
     ],
     [
      -47.657807,
      -21.258839
     ],
     [
      -47.657589,
      -21.258266
     ],
     [
      -47.657031,
      -21.256882
     ],
     [
      -47.649802,
      -21.24214
     ],
     [
      -47.649368,
      -21.24098
     ],
     [
      -47.649082,
      -21.239575
     ],
     [
      -47.649014,
      -21.238127
     ],
     [
      -47.649322,
      -21.236434
     ],
     [
      -47.64987,
      -21.234987
     ],
     [
      -47.650441,
      -21.233933
     ],
     [
      -47.662981,
      -21.214354
     ],
     [
      -47.663735,
      -21.213375
     ],
     [
      -47.66458,
      -21.212545
     ],
     [
      -47.665768,
      -21.211789
     ],
     [
      -47.66675,
      -21.211352
     ],
     [
      -47.667835,
      -21.210969
     ],
     [
      -47.67286,
      -21.209436
     ],
     [
      -47.674025,
      -21.208914
     ],
     [
      -47.674653,
      -21.208531
     ],
     [
      -47.675441,
      -21.20786
     ],
     [
      -47.676401,
      -21.206784
     ],
     [
      -47.676983,
      -21.205528
     ],
     [
      -47.677394,
      -21.203973
     ],
     [
      -47.67744,
      -21.202611
     ],
     [
      -47.677143,
      -21.201088
     ],
     [
      -47.676109,
      -21.195876
     ],
     [
      -47.676117,
      -21.194618
     ],
     [
      -47.676222,
      -21.193301
     ],
     [
      -47.676545,
      -21.192141
     ],
     [
      -47.680558,
      -21.177352
     ],
     [
      -47.681229,
      -21.175917
     ],
     [
      -47.68202,
      -21.174652
     ],
     [
      -47.683345,
      -21.173462
     ],
     [
      -47.684976,
      -21.172559
     ],
     [
      -47.686623,
      -21.172047
     ],
     [
      -47.688884,
      -21.171836
     ],
     [
      -47.690823,
      -21.172137
     ],
     [
      -47.692357,
      -21.172694
     ],
     [
      -47.693827,
      -21.173658
     ],
     [
      -47.695361,
      -21.175119
     ],
     [
      -47.6999,
      -21.180601
     ],
     [
      -47.700419,
      -21.181106
     ],
     [
      -47.701046,
      -21.181716
     ],
     [
      -47.702452,
      -21.182649
     ],
     [
      -47.704454,
      -21.183462
     ],
     [
      -47.706199,
      -21.183673
     ],
     [
      -47.707238,
      -21.183659
     ],
     [
      -47.708255,
      -21.183573
     ],
     [
      -47.709162,
      -21.183351
     ],
     [
      -47.710043,
      -21.183056
     ],
     [
      -47.710853,
      -21.182694
     ],
     [
      -47.711618,
      -21.182232
     ],
     [
      -47.712146,
      -21.181849
     ],
     [
      -47.712536,
      -21.181509
     ],
     [
      -47.712939,
      -21.181116
     ],
     [
      -47.713322,
      -21.18065
     ],
     [
      -47.713712,
      -21.180108
     ],
     [
      -47.720099,
      -21.169194
     ],
     [
      -47.720296,
      -21.168849
     ],
     [
      -47.720366,
      -21.168733
     ],
     [
      -47.720384,
      -21.168699
     ],
     [
      -47.723915,
      -21.162665
     ],
     [
      -47.724492,
      -21.16186
     ],
     [
      -47.725347,
      -21.161017
     ],
     [
      -47.726018,
      -21.160512
     ],
     [
      -47.726595,
      -21.160116
     ],
     [
      -47.727311,
      -21.159682
     ],
     [
      -47.728598,
      -21.15907
     ],
     [
      -47.731631,
      -21.158049
     ],
     [
      -47.733487,
      -21.157439
     ],
     [
      -47.734807,
      -21.156969
     ],
     [
      -47.736051,
      -21.156641
     ],
     [
      -47.737108,
      -21.156458
     ],
     [
      -47.737977,
      -21.156388
     ],
     [
      -47.738771,
      -21.156398
     ],
     [
      -47.739651,
      -21.156478
     ],
     [
      -47.740214,
      -21.156583
     ],
     [
      -47.740831,
      -21.156738
     ],
     [
      -47.741674,
      -21.156999
     ],
     [
      -47.742618,
      -21.157389
     ],
     [
      -47.743078,
      -21.157631
     ],
     [
      -47.743663,
      -21.157987
     ],
     [
      -47.744329,
      -21.158464
     ],
     [
      -47.744935,
      -21.15897
     ],
     [
      -47.745804,
      -21.15981
     ],
     [
      -47.747199,
      -21.161156
     ],
     [
      -47.748422,
      -21.162337
     ],
     [
      -47.74905,
      -21.162832
     ],
     [
      -47.749677,
      -21.163252
     ],
     [
      -47.750364,
      -21.163662
     ],
     [
      -47.75097,
      -21.163927
     ],
     [
      -47.75148,
      -21.164142
     ],
     [
      -47.752054,
      -21.164318
     ],
     [
      -47.752676,
      -21.164453
     ],
     [
      -47.753314,
      -21.164523
     ],
     [
      -47.753963,
      -21.164558
     ],
     [
      -47.754537,
      -21.164548
     ],
     [
      -47.755542,
      -21.164512
     ],
     [
      -47.756951,
      -21.164442
     ],
     [
      -47.757674,
      -21.16439
     ],
     [
      -47.758083,
      -21.164348
     ],
     [
      -47.759886,
      -21.164102
     ],
     [
      -47.760937,
      -21.163942
     ],
     [
      -47.76193,
      -21.163677
     ],
     [
      -47.762997,
      -21.163267
     ],
     [
      -47.763635,
      -21.162962
     ],
     [
      -47.764199,
      -21.162647
     ],
     [
      -47.765555,
      -21.161684
     ],
     [
      -47.769029,
      -21.159368
     ],
     [
      -47.769831,
      -21.158834
     ],
     [
      -47.771232,
      -21.157859
     ],
     [
      -47.772159,
      -21.157216
     ],
     [
      -47.781603,
      -21.150646
     ],
     [
      -47.782101,
      -21.1503
     ],
     [
      -47.78392,
      -21.149035
     ],
     [
      -47.785199,
      -21.148184
     ],
     [
      -47.785546,
      -21.147953
     ],
     [
      -47.787001,
      -21.146984
     ],
     [
      -47.78858,
      -21.145897
     ],
     [
      -47.789157,
      -21.145476
     ],
     [
      -47.789294,
      -21.145382
     ],
     [
      -47.790212,
      -21.144739
     ],
     [
      -47.79115,
      -21.143941
     ],
     [
      -47.791831,
      -21.14319
     ],
     [
      -47.792361,
      -21.142386
     ],
     [
      -47.792705,
      -21.141689
     ],
     [
      -47.792861,
      -21.141184
     ],
     [
      -47.792963,
      -21.140859
     ],
     [
      -47.793065,
      -21.140273
     ],
     [
      -47.793108,
      -21.139848
     ],
     [
      -47.793108,
      -21.139468
     ],
     [
      -47.793086,
      -21.138882
     ],
     [
      -47.793049,
      -21.138482
     ],
     [
      -47.792977,
      -21.138213
     ],
     [
      -47.792877,
      -21.137837
     ],
     [
      -47.792443,
      -21.136421
     ],
     [
      -47.791862,
      -21.134686
     ],
     [
      -47.791314,
      -21.132909
     ],
     [
      -47.791108,
      -21.132272
     ],
     [
      -47.790969,
      -21.131737
     ],
     [
      -47.790699,
      -21.130864
     ],
     [
      -47.790116,
      -21.12901
     ],
     [
      -47.789696,
      -21.127631
     ],
     [
      -47.789658,
      -21.127372
     ],
     [
      -47.789655,
      -21.127087
     ],
     [
      -47.789686,
      -21.126728
     ],
     [
      -47.789748,
      -21.126453
     ],
     [
      -47.789873,
      -21.126113
     ],
     [
      -47.790036,
      -21.125764
     ],
     [
      -47.790199,
      -21.125444
     ],
     [
      -47.790362,
      -21.125227
     ],
     [
      -47.790605,
      -21.124974
     ],
     [
      -47.790896,
      -21.124793
     ],
     [
      -47.791264,
      -21.124654
     ],
     [
      -47.791667,
      -21.124547
     ],
     [
      -47.792898,
      -21.124262
     ],
     [
      -47.793172,
      -21.124224
     ],
     [
      -47.793474,
      -21.124224
     ],
     [
      -47.793765,
      -21.12425
     ],
     [
      -47.794074,
      -21.124314
     ],
     [
      -47.795927,
      -21.124954
     ],
     [
      -47.797269,
      -21.125418
     ],
     [
      -47.797588,
      -21.125563
     ],
     [
      -47.797873,
      -21.125741
     ],
     [
      -47.798081,
      -21.125922
     ],
     [
      -47.798234,
      -21.126162
     ],
     [
      -47.798393,
      -21.12644
     ],
     [
      -47.799049,
      -21.128037
     ],
     [
      -47.799367,
      -21.128798
     ],
     [
      -47.799465,
      -21.129036
     ],
     [
      -47.799568,
      -21.129334
     ],
     [
      -47.799625,
      -21.129585
     ],
     [
      -47.79964,
      -21.130024
     ],
     [
      -47.799706,
      -21.131098
     ],
     [
      -47.799752,
      -21.131429
     ],
     [
      -47.799858,
      -21.13176
     ],
     [
      -47.800025,
      -21.132134
     ],
     [
      -47.800624,
      -21.133378
     ],
     [
      -47.800903,
      -21.133912
     ],
     [
      -47.800994,
      -21.134111
     ],
     [
      -47.80108,
      -21.134356
     ],
     [
      -47.801105,
      -21.134536
     ],
     [
      -47.801116,
      -21.134971
     ],
     [
      -47.801109,
      -21.135686
     ],
     [
      -47.801168,
      -21.136021
     ],
     [
      -47.801263,
      -21.136286
     ],
     [
      -47.801445,
      -21.136556
     ],
     [
      -47.801638,
      -21.13675
     ],
     [
      -47.801896,
      -21.136891
     ],
     [
      -47.802226,
      -21.137005
     ],
     [
      -47.802642,
      -21.137062
     ],
     [
      -47.803543,
      -21.137113
     ],
     [
      -47.803684,
      -21.137127
     ],
     [
      -47.804416,
      -21.137208
     ],
     [
      -47.80466,
      -21.137312
     ],
     [
      -47.804879,
      -21.137461
     ],
     [
      -47.805096,
      -21.137633
     ],
     [
      -47.805213,
      -21.137763
     ],
     [
      -47.805361,
      -21.1381
     ],
     [
      -47.805676,
      -21.139682
     ],
     [
      -47.806206,
      -21.142028
     ],
     [
      -47.806266,
      -21.14241
     ],
     [
      -47.806755,
      -21.144034
     ],
     [
      -47.807121,
      -21.144928
     ],
     [
      -47.807539,
      -21.145666
     ],
     [
      -47.808577,
      -21.147555
     ],
     [
      -47.808693,
      -21.147773
     ],
     [
      -47.809588,
      -21.149453
     ],
     [
      -47.810332,
      -21.150897
     ],
     [
      -47.810617,
      -21.151392
     ],
     [
      -47.810838,
      -21.151706
     ],
     [
      -47.811061,
      -21.152079
     ],
     [
      -47.811111,
      -21.152156
     ],
     [
      -47.812155,
      -21.154099
     ],
     [
      -47.813007,
      -21.155472
     ],
     [
      -47.813178,
      -21.156231
     ],
     [
      -47.813168,
      -21.1565
     ],
     [
      -47.813151,
      -21.156777
     ],
     [
      -47.813041,
      -21.157246
     ],
     [
      -47.812911,
      -21.157586
     ],
     [
      -47.81287,
      -21.157942
     ],
     [
      -47.8129,
      -21.158262
     ],
     [
      -47.812992,
      -21.158557
     ],
     [
      -47.813139,
      -21.158759
     ],
     [
      -47.813571,
      -21.159095
     ],
     [
      -47.813956,
      -21.159307
     ],
     [
      -47.814296,
      -21.159493
     ],
     [
      -47.815585,
      -21.160187
     ]
    ]
   }
  },
  {
   "type": "Feature",
   "properties": {
    "id": "mog-variante-bento-quirino-entroncamento",
    "method": "osm-current",
    "osm_ways": [
     31589002,
     177719366,
     177719368,
     194353660,
     249847031,
     249847032,
     393525890,
     393525914,
     393525948,
     1548492629,
     1548492630
    ],
    "bridged_gap_m": 0,
    "generated": "2026-10-05"
   },
   "geometry": {
    "type": "LineString",
    "coordinates": [
     [
      -47.58458,
      -21.460665
     ],
     [
      -47.593037,
      -21.457195
     ],
     [
      -47.599778,
      -21.454377
     ],
     [
      -47.602712,
      -21.452992
     ],
     [
      -47.605641,
      -21.450875
     ],
     [
      -47.608291,
      -21.448639
     ],
     [
      -47.610664,
      -21.446064
     ],
     [
      -47.611472,
      -21.444815
     ],
     [
      -47.611709,
      -21.444441
     ],
     [
      -47.612514,
      -21.443176
     ],
     [
      -47.614169,
      -21.439615
     ],
     [
      -47.615129,
      -21.436303
     ],
     [
      -47.616228,
      -21.431973
     ],
     [
      -47.617805,
      -21.4258
     ],
     [
      -47.618455,
      -21.424643
     ],
     [
      -47.618647,
      -21.424277
     ],
     [
      -47.619542,
      -21.423276
     ],
     [
      -47.620187,
      -21.422547
     ],
     [
      -47.620544,
      -21.422128
     ],
     [
      -47.620832,
      -21.421722
     ],
     [
      -47.621134,
      -21.421216
     ],
     [
      -47.621309,
      -21.420895
     ],
     [
      -47.621455,
      -21.420487
     ],
     [
      -47.621624,
      -21.419931
     ],
     [
      -47.621727,
      -21.419466
     ],
     [
      -47.621806,
      -21.418903
     ],
     [
      -47.621823,
      -21.418602
     ],
     [
      -47.621727,
      -21.415738
     ],
     [
      -47.621423,
      -21.408241
     ],
     [
      -47.621369,
      -21.407692
     ],
     [
      -47.621297,
      -21.40723
     ],
     [
      -47.621183,
      -21.40668
     ],
     [
      -47.620794,
      -21.405236
     ],
     [
      -47.620587,
      -21.404514
     ],
     [
      -47.620266,
      -21.403278
     ],
     [
      -47.619714,
      -21.401305
     ],
     [
      -47.619355,
      -21.399998
     ],
     [
      -47.618927,
      -21.398209
     ],
     [
      -47.618829,
      -21.39747
     ],
     [
      -47.618794,
      -21.396928
     ],
     [
      -47.618857,
      -21.396009
     ],
     [
      -47.618952,
      -21.395533
     ],
     [
      -47.619067,
      -21.395195
     ],
     [
      -47.621198,
      -21.3904
     ],
     [
      -47.624053,
      -21.384102
     ],
     [
      -47.625033,
      -21.382045
     ],
     [
      -47.62669,
      -21.378408
     ],
     [
      -47.628364,
      -21.374772
     ],
     [
      -47.629742,
      -21.371751
     ],
     [
      -47.631104,
      -21.36887
     ],
     [
      -47.631644,
      -21.36806
     ],
     [
      -47.632254,
      -21.367418
     ],
     [
      -47.633048,
      -21.366807
     ],
     [
      -47.634,
      -21.366235
     ],
     [
      -47.635237,
      -21.365601
     ],
     [
      -47.636116,
      -21.365156
     ],
     [
      -47.636539,
      -21.364926
     ],
     [
      -47.637011,
      -21.364634
     ],
     [
      -47.637544,
      -21.364233
     ],
     [
      -47.638076,
      -21.363754
     ],
     [
      -47.638547,
      -21.363217
     ],
     [
      -47.638808,
      -21.362872
     ],
     [
      -47.639083,
      -21.362446
     ],
     [
      -47.639481,
      -21.36157
     ],
     [
      -47.63975,
      -21.360579
     ],
     [
      -47.639849,
      -21.359485
     ],
     [
      -47.639685,
      -21.356842
     ],
     [
      -47.639562,
      -21.354958
     ],
     [
      -47.639793,
      -21.353504
     ],
     [
      -47.640125,
      -21.35239
     ],
     [
      -47.640585,
      -21.35145
     ],
     [
      -47.640741,
      -21.351196
     ],
     [
      -47.641744,
      -21.349716
     ],
     [
      -47.6427,
      -21.348778
     ],
     [
      -47.643365,
      -21.348273
     ],
     [
      -47.644319,
      -21.347687
     ],
     [
      -47.645457,
      -21.347134
     ],
     [
      -47.646605,
      -21.346554
     ],
     [
      -47.647394,
      -21.346145
     ],
     [
      -47.649532,
      -21.345014
     ],
     [
      -47.650599,
      -21.344452
     ],
     [
      -47.651153,
      -21.344161
     ],
     [
      -47.651689,
      -21.34385
     ],
     [
      -47.65188,
      -21.343734
     ],
     [
      -47.652065,
      -21.3436
     ],
     [
      -47.652349,
      -21.343368
     ],
     [
      -47.652599,
      -21.343144
     ],
     [
      -47.653568,
      -21.342033
     ],
     [
      -47.654217,
      -21.340784
     ],
     [
      -47.655635,
      -21.336682
     ],
     [
      -47.655746,
      -21.336361
     ],
     [
      -47.655969,
      -21.33565
     ],
     [
      -47.656133,
      -21.335095
     ],
     [
      -47.656242,
      -21.334601
     ],
     [
      -47.656383,
      -21.333625
     ],
     [
      -47.656367,
      -21.329321
     ],
     [
      -47.656716,
      -21.327557
     ],
     [
      -47.658858,
      -21.322065
     ],
     [
      -47.659537,
      -21.320288
     ],
     [
      -47.660949,
      -21.316597
     ],
     [
      -47.661524,
      -21.315084
     ],
     [
      -47.66165,
      -21.314609
     ],
     [
      -47.661741,
      -21.314219
     ],
     [
      -47.661848,
      -21.313502
     ],
     [
      -47.662017,
      -21.312108
     ],
     [
      -47.662185,
      -21.310647
     ],
     [
      -47.662441,
      -21.309619
     ],
     [
      -47.662985,
      -21.308449
     ],
     [
      -47.664101,
      -21.306249
     ],
     [
      -47.664418,
      -21.305325
     ],
     [
      -47.664482,
      -21.304983
     ],
     [
      -47.664503,
      -21.304899
     ],
     [
      -47.664601,
      -21.30409
     ],
     [
      -47.664584,
      -21.303581
     ],
     [
      -47.664541,
      -21.30307
     ],
     [
      -47.664447,
      -21.302569
     ],
     [
      -47.664303,
      -21.302015
     ],
     [
      -47.66403,
      -21.300905
     ],
     [
      -47.663917,
      -21.300298
     ],
     [
      -47.663085,
      -21.296131
     ],
     [
      -47.662932,
      -21.29512
     ],
     [
      -47.662851,
      -21.294712
     ],
     [
      -47.662701,
      -21.294228
     ],
     [
      -47.662511,
      -21.29376
     ],
     [
      -47.662361,
      -21.29345
     ],
     [
      -47.662161,
      -21.293117
     ],
     [
      -47.661859,
      -21.292688
     ],
     [
      -47.661642,
      -21.292441
     ],
     [
      -47.661389,
      -21.292209
     ],
     [
      -47.659624,
      -21.290663
     ],
     [
      -47.658286,
      -21.289497
     ],
     [
      -47.656941,
      -21.28832
     ],
     [
      -47.656425,
      -21.2878
     ],
     [
      -47.656141,
      -21.287487
     ],
     [
      -47.655861,
      -21.287097
     ],
     [
      -47.655524,
      -21.286553
     ],
     [
      -47.655368,
      -21.286263
     ],
     [
      -47.655255,
      -21.286007
     ],
     [
      -47.655027,
      -21.285373
     ],
     [
      -47.654853,
      -21.284652
     ],
     [
      -47.654266,
      -21.281646
     ],
     [
      -47.653965,
      -21.280104
     ],
     [
      -47.653847,
      -21.279404
     ],
     [
      -47.653763,
      -21.278781
     ],
     [
      -47.653758,
      -21.278106
     ],
     [
      -47.653819,
      -21.2774
     ],
     [
      -47.653925,
      -21.276626
     ],
     [
      -47.654665,
      -21.272608
     ],
     [
      -47.655151,
      -21.270128
     ],
     [
      -47.655581,
      -21.267693
     ],
     [
      -47.655778,
      -21.266802
     ],
     [
      -47.656092,
      -21.265966
     ],
     [
      -47.656949,
      -21.264163
     ],
     [
      -47.657384,
      -21.263264
     ],
     [
      -47.657605,
      -21.262814
     ],
     [
      -47.65776,
      -21.2624
     ],
     [
      -47.657867,
      -21.262033
     ],
     [
      -47.65797,
      -21.261619
     ],
     [
      -47.658057,
      -21.260823
     ],
     [
      -47.658029,
      -21.259998
     ],
     [
      -47.657949,
      -21.259425
     ],
     [
      -47.657807,
      -21.258839
     ],
     [
      -47.657589,
      -21.258266
     ],
     [
      -47.657031,
      -21.256882
     ],
     [
      -47.649802,
      -21.24214
     ],
     [
      -47.649368,
      -21.24098
     ],
     [
      -47.649082,
      -21.239575
     ],
     [
      -47.649014,
      -21.238127
     ],
     [
      -47.649322,
      -21.236434
     ],
     [
      -47.64987,
      -21.234987
     ],
     [
      -47.650441,
      -21.233933
     ],
     [
      -47.662981,
      -21.214354
     ],
     [
      -47.663735,
      -21.213375
     ],
     [
      -47.66458,
      -21.212545
     ],
     [
      -47.665768,
      -21.211789
     ],
     [
      -47.66675,
      -21.211352
     ],
     [
      -47.667835,
      -21.210969
     ],
     [
      -47.67286,
      -21.209436
     ],
     [
      -47.674025,
      -21.208914
     ],
     [
      -47.674653,
      -21.208531
     ],
     [
      -47.675441,
      -21.20786
     ],
     [
      -47.676401,
      -21.206784
     ],
     [
      -47.676983,
      -21.205528
     ],
     [
      -47.677394,
      -21.203973
     ],
     [
      -47.67744,
      -21.202611
     ],
     [
      -47.677143,
      -21.201088
     ],
     [
      -47.676109,
      -21.195876
     ],
     [
      -47.676117,
      -21.194618
     ],
     [
      -47.676222,
      -21.193301
     ],
     [
      -47.676545,
      -21.192141
     ],
     [
      -47.680558,
      -21.177352
     ],
     [
      -47.681229,
      -21.175917
     ],
     [
      -47.68202,
      -21.174652
     ],
     [
      -47.683345,
      -21.173462
     ],
     [
      -47.684976,
      -21.172559
     ],
     [
      -47.686623,
      -21.172047
     ],
     [
      -47.688884,
      -21.171836
     ],
     [
      -47.690823,
      -21.172137
     ],
     [
      -47.692357,
      -21.172694
     ],
     [
      -47.693827,
      -21.173658
     ],
     [
      -47.695361,
      -21.175119
     ],
     [
      -47.6999,
      -21.180601
     ],
     [
      -47.700419,
      -21.181106
     ],
     [
      -47.701046,
      -21.181716
     ],
     [
      -47.702452,
      -21.182649
     ],
     [
      -47.704454,
      -21.183462
     ],
     [
      -47.706199,
      -21.183673
     ],
     [
      -47.707238,
      -21.183659
     ],
     [
      -47.708255,
      -21.183573
     ],
     [
      -47.709162,
      -21.183351
     ],
     [
      -47.710043,
      -21.183056
     ],
     [
      -47.710853,
      -21.182694
     ],
     [
      -47.711618,
      -21.182232
     ],
     [
      -47.712146,
      -21.181849
     ],
     [
      -47.712536,
      -21.181509
     ],
     [
      -47.712939,
      -21.181116
     ],
     [
      -47.713322,
      -21.18065
     ],
     [
      -47.713712,
      -21.180108
     ],
     [
      -47.720099,
      -21.169194
     ],
     [
      -47.720296,
      -21.168849
     ],
     [
      -47.720366,
      -21.168733
     ],
     [
      -47.720384,
      -21.168699
     ],
     [
      -47.723915,
      -21.162665
     ],
     [
      -47.724492,
      -21.16186
     ],
     [
      -47.725347,
      -21.161017
     ],
     [
      -47.726018,
      -21.160512
     ],
     [
      -47.726595,
      -21.160116
     ],
     [
      -47.727311,
      -21.159682
     ],
     [
      -47.728598,
      -21.15907
     ],
     [
      -47.731631,
      -21.158049
     ],
     [
      -47.733487,
      -21.157439
     ],
     [
      -47.734807,
      -21.156969
     ],
     [
      -47.736051,
      -21.156641
     ],
     [
      -47.737108,
      -21.156458
     ],
     [
      -47.737977,
      -21.156388
     ],
     [
      -47.738771,
      -21.156398
     ],
     [
      -47.739651,
      -21.156478
     ],
     [
      -47.740214,
      -21.156583
     ],
     [
      -47.740831,
      -21.156738
     ],
     [
      -47.741674,
      -21.156999
     ],
     [
      -47.742618,
      -21.157389
     ],
     [
      -47.743078,
      -21.157631
     ],
     [
      -47.743663,
      -21.157987
     ],
     [
      -47.744329,
      -21.158464
     ],
     [
      -47.744935,
      -21.15897
     ],
     [
      -47.745804,
      -21.15981
     ],
     [
      -47.747199,
      -21.161156
     ],
     [
      -47.748422,
      -21.162337
     ],
     [
      -47.74905,
      -21.162832
     ],
     [
      -47.749677,
      -21.163252
     ],
     [
      -47.750364,
      -21.163662
     ],
     [
      -47.75097,
      -21.163927
     ],
     [
      -47.75148,
      -21.164142
     ],
     [
      -47.752054,
      -21.164318
     ],
     [
      -47.752676,
      -21.164453
     ],
     [
      -47.753314,
      -21.164523
     ],
     [
      -47.753963,
      -21.164558
     ],
     [
      -47.754537,
      -21.164548
     ],
     [
      -47.755542,
      -21.164512
     ],
     [
      -47.756951,
      -21.164442
     ],
     [
      -47.757674,
      -21.16439
     ],
     [
      -47.758083,
      -21.164348
     ],
     [
      -47.759886,
      -21.164102
     ],
     [
      -47.760937,
      -21.163942
     ],
     [
      -47.76193,
      -21.163677
     ],
     [
      -47.762997,
      -21.163267
     ],
     [
      -47.763635,
      -21.162962
     ],
     [
      -47.764199,
      -21.162647
     ],
     [
      -47.765555,
      -21.161684
     ],
     [
      -47.769029,
      -21.159368
     ],
     [
      -47.769831,
      -21.158834
     ],
     [
      -47.771232,
      -21.157859
     ],
     [
      -47.772159,
      -21.157216
     ],
     [
      -47.781603,
      -21.150646
     ],
     [
      -47.782101,
      -21.1503
     ],
     [
      -47.78392,
      -21.149035
     ]
    ]
   }
  }
 ]
}
