{
 "type": "FeatureCollection",
 "attribution": "© OpenStreetMap contributors (ODbL 1.0) — geometria derivada; ver LICENSE-DATA.md",
 "features": [
  {
   "type": "Feature",
   "properties": {
    "id": "cp-jundiai-valinhos",
    "method": "osm-old",
    "osm_ways": [
     91584582,
     146834977,
     146834979,
     146834981,
     154769978,
     154769980,
     154769983,
     154769986,
     154769991,
     154770001,
     154772633,
     154773903,
     154773910,
     154773911,
     154773917,
     154773927,
     154773928,
     154774361,
     154774362,
     189115108,
     484595074,
     672127936,
     672127943,
     672127944,
     672127945,
     672127948,
     672127949,
     733445185,
     733445186,
     905261582,
     974791744,
     974791814,
     974791815,
     1232954822,
     1232954827,
     1232954828,
     1232971079,
     1232971080,
     1419290218,
     1419290226,
     1419290227,
     1419290228,
     1419290229,
     1419290230,
     1554665013,
     1554665017,
     1554665018,
     1554665019,
     1554665020,
     1554665021,
     1554665022,
     1554665023,
     1554665024,
     1554665025,
     1554665026,
     1554665027
    ],
    "bridged_gap_m": 41,
    "generated": "2026-10-03"
   },
   "geometry": {
    "type": "LineString",
    "coordinates": [
     [
      -46.878984,
      -23.185392
     ],
     [
      -46.878881,
      -23.185588
     ],
     [
      -46.87914,
      -23.185023
     ],
     [
      -46.879421,
      -23.184493
     ],
     [
      -46.879696,
      -23.183942
     ],
     [
      -46.879875,
      -23.183549
     ],
     [
      -46.880181,
      -23.182915
     ],
     [
      -46.880564,
      -23.182227
     ],
     [
      -46.880953,
      -23.181683
     ],
     [
      -46.881209,
      -23.181373
     ],
     [
      -46.881314,
      -23.181262
     ],
     [
      -46.881545,
      -23.181023
     ],
     [
      -46.881996,
      -23.180638
     ],
     [
      -46.882407,
      -23.180358
     ],
     [
      -46.88286,
      -23.180065
     ],
     [
      -46.883703,
      -23.179579
     ],
     [
      -46.884298,
      -23.179225
     ],
     [
      -46.884489,
      -23.179125
     ],
     [
      -46.884867,
      -23.178926
     ],
     [
      -46.885734,
      -23.178433
     ],
     [
      -46.88614,
      -23.178196
     ],
     [
      -46.886701,
      -23.177866
     ],
     [
      -46.88754,
      -23.177376
     ],
     [
      -46.888984,
      -23.176541
     ],
     [
      -46.890383,
      -23.175756
     ],
     [
      -46.890713,
      -23.175571
     ],
     [
      -46.890914,
      -23.175464
     ],
     [
      -46.89113,
      -23.175357
     ],
     [
      -46.891512,
      -23.175183
     ],
     [
      -46.891951,
      -23.175
     ],
     [
      -46.892444,
      -23.174822
     ],
     [
      -46.892748,
      -23.174724
     ],
     [
      -46.892923,
      -23.17467
     ],
     [
      -46.894628,
      -23.174162
     ],
     [
      -46.895458,
      -23.17392
     ],
     [
      -46.895872,
      -23.173796
     ],
     [
      -46.896072,
      -23.173729
     ],
     [
      -46.896342,
      -23.17361
     ],
     [
      -46.896582,
      -23.173485
     ],
     [
      -46.896821,
      -23.173349
     ],
     [
      -46.897052,
      -23.173199
     ],
     [
      -46.89725,
      -23.173026
     ],
     [
      -46.897522,
      -23.172724
     ],
     [
      -46.897863,
      -23.172293
     ],
     [
      -46.898043,
      -23.172074
     ],
     [
      -46.898467,
      -23.171513
     ],
     [
      -46.898645,
      -23.171243
     ],
     [
      -46.898951,
      -23.17083
     ],
     [
      -46.899363,
      -23.170264
     ],
     [
      -46.89972,
      -23.169768
     ],
     [
      -46.900177,
      -23.169124
     ],
     [
      -46.900551,
      -23.168625
     ],
     [
      -46.901266,
      -23.167643
     ],
     [
      -46.901442,
      -23.167405
     ],
     [
      -46.901608,
      -23.167135
     ],
     [
      -46.901772,
      -23.166834
     ],
     [
      -46.90186,
      -23.166657
     ],
     [
      -46.902046,
      -23.166222
     ],
     [
      -46.902235,
      -23.165734
     ],
     [
      -46.902841,
      -23.164236
     ],
     [
      -46.903,
      -23.16386
     ],
     [
      -46.903613,
      -23.162444
     ],
     [
      -46.903826,
      -23.161895
     ],
     [
      -46.903872,
      -23.161741
     ],
     [
      -46.903904,
      -23.161575
     ],
     [
      -46.903956,
      -23.161292
     ],
     [
      -46.903986,
      -23.161119
     ],
     [
      -46.904001,
      -23.160943
     ],
     [
      -46.904005,
      -23.160546
     ],
     [
      -46.903954,
      -23.160059
     ],
     [
      -46.903891,
      -23.159724
     ],
     [
      -46.903824,
      -23.159434
     ],
     [
      -46.903287,
      -23.157341
     ],
     [
      -46.902831,
      -23.155731
     ],
     [
      -46.9028,
      -23.155601
     ],
     [
      -46.90268,
      -23.155116
     ],
     [
      -46.902655,
      -23.154993
     ],
     [
      -46.902642,
      -23.154901
     ],
     [
      -46.902597,
      -23.154504
     ],
     [
      -46.902577,
      -23.154211
     ],
     [
      -46.902572,
      -23.154068
     ],
     [
      -46.902576,
      -23.153896
     ],
     [
      -46.902596,
      -23.153704
     ],
     [
      -46.902624,
      -23.153498
     ],
     [
      -46.902704,
      -23.153256
     ],
     [
      -46.902776,
      -23.153048
     ],
     [
      -46.902874,
      -23.15281
     ],
     [
      -46.902958,
      -23.152643
     ],
     [
      -46.903072,
      -23.152435
     ],
     [
      -46.903246,
      -23.152184
     ],
     [
      -46.903623,
      -23.151702
     ],
     [
      -46.9041,
      -23.151151
     ],
     [
      -46.904222,
      -23.150969
     ],
     [
      -46.904428,
      -23.150663
     ],
     [
      -46.90468,
      -23.150179
     ],
     [
      -46.905029,
      -23.149472
     ],
     [
      -46.905113,
      -23.149288
     ],
     [
      -46.905232,
      -23.148964
     ],
     [
      -46.905312,
      -23.148675
     ],
     [
      -46.905368,
      -23.148372
     ],
     [
      -46.905385,
      -23.148162
     ],
     [
      -46.905384,
      -23.147544
     ],
     [
      -46.905359,
      -23.146078
     ],
     [
      -46.905377,
      -23.145862
     ],
     [
      -46.905419,
      -23.145556
     ],
     [
      -46.905481,
      -23.145229
     ],
     [
      -46.905572,
      -23.144931
     ],
     [
      -46.905667,
      -23.144641
     ],
     [
      -46.905799,
      -23.144332
     ],
     [
      -46.906023,
      -23.143927
     ],
     [
      -46.906138,
      -23.143728
     ],
     [
      -46.906374,
      -23.143374
     ],
     [
      -46.90675,
      -23.142809
     ],
     [
      -46.907142,
      -23.142221
     ],
     [
      -46.907899,
      -23.141115
     ],
     [
      -46.908485,
      -23.140287
     ],
     [
      -46.908961,
      -23.139643
     ],
     [
      -46.909039,
      -23.139524
     ],
     [
      -46.909143,
      -23.139399
     ],
     [
      -46.909527,
      -23.138884
     ],
     [
      -46.909646,
      -23.138754
     ],
     [
      -46.909795,
      -23.138581
     ],
     [
      -46.910025,
      -23.13837
     ],
     [
      -46.910267,
      -23.13818
     ],
     [
      -46.910671,
      -23.137936
     ],
     [
      -46.911039,
      -23.137802
     ],
     [
      -46.911352,
      -23.137698
     ],
     [
      -46.911782,
      -23.137545
     ],
     [
      -46.912624,
      -23.137248
     ],
     [
      -46.912965,
      -23.137096
     ],
     [
      -46.91331,
      -23.136898
     ],
     [
      -46.913629,
      -23.136681
     ],
     [
      -46.913983,
      -23.136388
     ],
     [
      -46.914892,
      -23.135539
     ],
     [
      -46.915225,
      -23.135218
     ],
     [
      -46.915624,
      -23.134902
     ],
     [
      -46.915827,
      -23.134754
     ],
     [
      -46.916157,
      -23.13455
     ],
     [
      -46.916581,
      -23.134313
     ],
     [
      -46.917248,
      -23.133989
     ],
     [
      -46.917767,
      -23.133712
     ],
     [
      -46.918175,
      -23.133434
     ],
     [
      -46.918358,
      -23.133273
     ],
     [
      -46.918557,
      -23.133078
     ],
     [
      -46.918741,
      -23.132899
     ],
     [
      -46.918954,
      -23.132672
     ],
     [
      -46.919301,
      -23.132185
     ],
     [
      -46.91952,
      -23.131862
     ],
     [
      -46.919782,
      -23.131489
     ],
     [
      -46.919909,
      -23.131322
     ],
     [
      -46.920069,
      -23.131141
     ],
     [
      -46.920434,
      -23.130804
     ],
     [
      -46.920639,
      -23.130657
     ],
     [
      -46.921024,
      -23.130428
     ],
     [
      -46.921273,
      -23.13031
     ],
     [
      -46.921743,
      -23.130141
     ],
     [
      -46.922244,
      -23.129964
     ],
     [
      -46.922844,
      -23.129732
     ],
     [
      -46.923194,
      -23.129591
     ],
     [
      -46.923444,
      -23.129474
     ],
     [
      -46.923775,
      -23.129271
     ],
     [
      -46.924047,
      -23.129088
     ],
     [
      -46.924265,
      -23.128864
     ],
     [
      -46.924498,
      -23.128622
     ],
     [
      -46.924702,
      -23.128401
     ],
     [
      -46.924876,
      -23.128156
     ],
     [
      -46.925065,
      -23.127811
     ],
     [
      -46.925429,
      -23.126943
     ],
     [
      -46.925664,
      -23.126399
     ],
     [
      -46.925765,
      -23.126181
     ],
     [
      -46.925862,
      -23.126003
     ],
     [
      -46.925937,
      -23.125891
     ],
     [
      -46.926024,
      -23.125772
     ],
     [
      -46.926162,
      -23.125588
     ],
     [
      -46.926456,
      -23.125262
     ],
     [
      -46.926623,
      -23.125114
     ],
     [
      -46.926791,
      -23.12498
     ],
     [
      -46.927107,
      -23.124765
     ],
     [
      -46.927325,
      -23.124642
     ],
     [
      -46.927436,
      -23.124583
     ],
     [
      -46.927759,
      -23.124459
     ],
     [
      -46.928027,
      -23.124374
     ],
     [
      -46.928302,
      -23.124292
     ],
     [
      -46.928532,
      -23.124244
     ],
     [
      -46.928696,
      -23.124217
     ],
     [
      -46.929001,
      -23.124179
     ],
     [
      -46.929625,
      -23.12409
     ],
     [
      -46.929774,
      -23.124067
     ],
     [
      -46.93008,
      -23.124028
     ],
     [
      -46.930471,
      -23.123963
     ],
     [
      -46.930689,
      -23.123922
     ],
     [
      -46.930971,
      -23.123851
     ],
     [
      -46.931186,
      -23.123784
     ],
     [
      -46.93139,
      -23.123704
     ],
     [
      -46.931564,
      -23.123635
     ],
     [
      -46.931697,
      -23.123564
     ],
     [
      -46.931808,
      -23.1235
     ],
     [
      -46.932056,
      -23.123329
     ],
     [
      -46.932305,
      -23.123129
     ],
     [
      -46.932415,
      -23.123025
     ],
     [
      -46.932516,
      -23.122919
     ],
     [
      -46.932621,
      -23.122801
     ],
     [
      -46.932748,
      -23.122643
     ],
     [
      -46.932898,
      -23.12243
     ],
     [
      -46.933074,
      -23.122117
     ],
     [
      -46.933409,
      -23.121352
     ],
     [
      -46.933468,
      -23.121192
     ],
     [
      -46.933738,
      -23.120398
     ],
     [
      -46.933878,
      -23.119986
     ],
     [
      -46.933944,
      -23.119799
     ],
     [
      -46.934012,
      -23.119641
     ],
     [
      -46.934089,
      -23.119503
     ],
     [
      -46.934232,
      -23.119264
     ],
     [
      -46.934472,
      -23.118906
     ],
     [
      -46.934976,
      -23.118156
     ],
     [
      -46.935067,
      -23.118015
     ],
     [
      -46.935227,
      -23.117739
     ],
     [
      -46.935339,
      -23.117498
     ],
     [
      -46.935404,
      -23.117332
     ],
     [
      -46.935483,
      -23.117083
     ],
     [
      -46.935521,
      -23.116914
     ],
     [
      -46.935562,
      -23.116627
     ],
     [
      -46.935599,
      -23.116345
     ],
     [
      -46.935689,
      -23.115412
     ],
     [
      -46.935752,
      -23.114965
     ],
     [
      -46.935779,
      -23.114801
     ],
     [
      -46.935832,
      -23.11458
     ],
     [
      -46.935897,
      -23.114377
     ],
     [
      -46.935956,
      -23.114218
     ],
     [
      -46.936082,
      -23.113963
     ],
     [
      -46.93623,
      -23.113726
     ],
     [
      -46.936344,
      -23.113561
     ],
     [
      -46.93646,
      -23.113419
     ],
     [
      -46.936661,
      -23.113205
     ],
     [
      -46.936863,
      -23.113017
     ],
     [
      -46.937115,
      -23.112809
     ],
     [
      -46.93752,
      -23.112503
     ],
     [
      -46.938195,
      -23.112002
     ],
     [
      -46.938345,
      -23.111882
     ],
     [
      -46.939218,
      -23.111192
     ],
     [
      -46.940062,
      -23.110527
     ],
     [
      -46.940509,
      -23.11017
     ],
     [
      -46.940724,
      -23.109949
     ],
     [
      -46.940878,
      -23.109781
     ],
     [
      -46.940951,
      -23.109678
     ],
     [
      -46.941121,
      -23.109436
     ],
     [
      -46.941279,
      -23.109186
     ],
     [
      -46.941382,
      -23.108994
     ],
     [
      -46.941485,
      -23.10877
     ],
     [
      -46.941572,
      -23.108507
     ],
     [
      -46.941631,
      -23.108254
     ],
     [
      -46.94168,
      -23.107941
     ],
     [
      -46.941704,
      -23.107737
     ],
     [
      -46.941703,
      -23.107532
     ],
     [
      -46.941688,
      -23.107299
     ],
     [
      -46.941668,
      -23.107152
     ],
     [
      -46.941638,
      -23.106947
     ],
     [
      -46.941591,
      -23.106697
     ],
     [
      -46.941476,
      -23.106223
     ],
     [
      -46.941312,
      -23.105478
     ],
     [
      -46.941251,
      -23.105146
     ],
     [
      -46.941227,
      -23.104954
     ],
     [
      -46.941218,
      -23.104659
     ],
     [
      -46.941234,
      -23.104279
     ],
     [
      -46.941265,
      -23.103958
     ],
     [
      -46.941302,
      -23.103727
     ],
     [
      -46.941366,
      -23.103479
     ],
     [
      -46.941418,
      -23.103293
     ],
     [
      -46.941483,
      -23.10311
     ],
     [
      -46.941607,
      -23.102836
     ],
     [
      -46.941828,
      -23.102463
     ],
     [
      -46.94209,
      -23.10209
     ],
     [
      -46.942162,
      -23.102002
     ],
     [
      -46.942475,
      -23.10165
     ],
     [
      -46.942549,
      -23.101572
     ],
     [
      -46.942646,
      -23.101473
     ],
     [
      -46.942807,
      -23.10133
     ],
     [
      -46.942992,
      -23.101183
     ],
     [
      -46.943402,
      -23.10088
     ],
     [
      -46.943897,
      -23.100504
     ],
     [
      -46.944447,
      -23.10011
     ],
     [
      -46.945216,
      -23.09955
     ],
     [
      -46.945467,
      -23.099334
     ],
     [
      -46.945605,
      -23.099217
     ],
     [
      -46.945769,
      -23.099044
     ],
     [
      -46.945889,
      -23.098907
     ],
     [
      -46.946063,
      -23.098701
     ],
     [
      -46.946165,
      -23.098581
     ],
     [
      -46.946259,
      -23.098453
     ],
     [
      -46.946447,
      -23.098188
     ],
     [
      -46.946657,
      -23.097809
     ],
     [
      -46.946802,
      -23.097495
     ],
     [
      -46.946922,
      -23.097178
     ],
     [
      -46.946965,
      -23.097045
     ],
     [
      -46.947,
      -23.096909
     ],
     [
      -46.94709,
      -23.096472
     ],
     [
      -46.94713,
      -23.096245
     ],
     [
      -46.947163,
      -23.096012
     ],
     [
      -46.947188,
      -23.095781
     ],
     [
      -46.947194,
      -23.095651
     ],
     [
      -46.947224,
      -23.094887
     ],
     [
      -46.947237,
      -23.094654
     ],
     [
      -46.947273,
      -23.094354
     ],
     [
      -46.947296,
      -23.094234
     ],
     [
      -46.947356,
      -23.093983
     ],
     [
      -46.9474,
      -23.093819
     ],
     [
      -46.947475,
      -23.093558
     ],
     [
      -46.947543,
      -23.093353
     ],
     [
      -46.947641,
      -23.093098
     ],
     [
      -46.947712,
      -23.092938
     ],
     [
      -46.947798,
      -23.092771
     ],
     [
      -46.947955,
      -23.092514
     ],
     [
      -46.948084,
      -23.09232
     ],
     [
      -46.9483,
      -23.091997
     ],
     [
      -46.948535,
      -23.091657
     ],
     [
      -46.948764,
      -23.091299
     ],
     [
      -46.948901,
      -23.091058
     ],
     [
      -46.948961,
      -23.09094
     ],
     [
      -46.949011,
      -23.090822
     ],
     [
      -46.949076,
      -23.090671
     ],
     [
      -46.949123,
      -23.090561
     ],
     [
      -46.949217,
      -23.09033
     ],
     [
      -46.949249,
      -23.090242
     ],
     [
      -46.949285,
      -23.090111
     ],
     [
      -46.949355,
      -23.089808
     ],
     [
      -46.949378,
      -23.089668
     ],
     [
      -46.94942,
      -23.089348
     ],
     [
      -46.94943,
      -23.089201
     ],
     [
      -46.949448,
      -23.088893
     ],
     [
      -46.949451,
      -23.088586
     ],
     [
      -46.949429,
      -23.088308
     ],
     [
      -46.949368,
      -23.087776
     ],
     [
      -46.949183,
      -23.086041
     ],
     [
      -46.949178,
      -23.086008
     ],
     [
      -46.949177,
      -23.085997
     ],
     [
      -46.949154,
      -23.085849
     ],
     [
      -46.949145,
      -23.085768
     ],
     [
      -46.949019,
      -23.084612
     ],
     [
      -46.948989,
      -23.084294
     ],
     [
      -46.948987,
      -23.08428
     ],
     [
      -46.948932,
      -23.083689
     ],
     [
      -46.94891,
      -23.083451
     ],
     [
      -46.948897,
      -23.083299
     ],
     [
      -46.948885,
      -23.083162
     ],
     [
      -46.948767,
      -23.082197
     ],
     [
      -46.948697,
      -23.081624
     ],
     [
      -46.948544,
      -23.080183
     ],
     [
      -46.948437,
      -23.079093
     ],
     [
      -46.948374,
      -23.078471
     ],
     [
      -46.948359,
      -23.078352
     ],
     [
      -46.948315,
      -23.07798
     ],
     [
      -46.948295,
      -23.077839
     ],
     [
      -46.948209,
      -23.077509
     ],
     [
      -46.948122,
      -23.077207
     ],
     [
      -46.948078,
      -23.077079
     ],
     [
      -46.948047,
      -23.077007
     ],
     [
      -46.947902,
      -23.076692
     ],
     [
      -46.947801,
      -23.076506
     ],
     [
      -46.947591,
      -23.076204
     ],
     [
      -46.947444,
      -23.076023
     ],
     [
      -46.947177,
      -23.075761
     ],
     [
      -46.947032,
      -23.07562
     ],
     [
      -46.946949,
      -23.075539
     ],
     [
      -46.946859,
      -23.075453
     ],
     [
      -46.945564,
      -23.074298
     ],
     [
      -46.945336,
      -23.074066
     ],
     [
      -46.945173,
      -23.073896
     ],
     [
      -46.944947,
      -23.073622
     ],
     [
      -46.944793,
      -23.0734
     ],
     [
      -46.944688,
      -23.073234
     ],
     [
      -46.944517,
      -23.072911
     ],
     [
      -46.944302,
      -23.072422
     ],
     [
      -46.944221,
      -23.072146
     ],
     [
      -46.944159,
      -23.071868
     ],
     [
      -46.944103,
      -23.071601
     ],
     [
      -46.944084,
      -23.071322
     ],
     [
      -46.944076,
      -23.071053
     ],
     [
      -46.944097,
      -23.070779
     ],
     [
      -46.944121,
      -23.070518
     ],
     [
      -46.944138,
      -23.070396
     ],
     [
      -46.944146,
      -23.070337
     ],
     [
      -46.944227,
      -23.069886
     ],
     [
      -46.944356,
      -23.069251
     ],
     [
      -46.94464,
      -23.067901
     ],
     [
      -46.944782,
      -23.067226
     ],
     [
      -46.944826,
      -23.06696
     ],
     [
      -46.944866,
      -23.066695
     ],
     [
      -46.944883,
      -23.066553
     ],
     [
      -46.944892,
      -23.066402
     ],
     [
      -46.944902,
      -23.066254
     ],
     [
      -46.944904,
      -23.066172
     ],
     [
      -46.944899,
      -23.065925
     ],
     [
      -46.944898,
      -23.065624
     ],
     [
      -46.944894,
      -23.065537
     ],
     [
      -46.944875,
      -23.065336
     ],
     [
      -46.944766,
      -23.064551
     ],
     [
      -46.944665,
      -23.063832
     ],
     [
      -46.9446,
      -23.063304
     ],
     [
      -46.944575,
      -23.062823
     ],
     [
      -46.944565,
      -23.062541
     ],
     [
      -46.944559,
      -23.062315
     ],
     [
      -46.944567,
      -23.062092
     ],
     [
      -46.944594,
      -23.061887
     ],
     [
      -46.944675,
      -23.061577
     ],
     [
      -46.944775,
      -23.061269
     ],
     [
      -46.944907,
      -23.060987
     ],
     [
      -46.945066,
      -23.060709
     ],
     [
      -46.945192,
      -23.060486
     ],
     [
      -46.945316,
      -23.060323
     ],
     [
      -46.945551,
      -23.060065
     ],
     [
      -46.946453,
      -23.059232
     ],
     [
      -46.947282,
      -23.058457
     ],
     [
      -46.948241,
      -23.057532
     ],
     [
      -46.949181,
      -23.0566
     ],
     [
      -46.950154,
      -23.055601
     ],
     [
      -46.950908,
      -23.054734
     ],
     [
      -46.951555,
      -23.053906
     ],
     [
      -46.951977,
      -23.053403
     ],
     [
      -46.952177,
      -23.053115
     ],
     [
      -46.95271,
      -23.052394
     ],
     [
      -46.953252,
      -23.051614
     ],
     [
      -46.953389,
      -23.05144
     ],
     [
      -46.953602,
      -23.051222
     ],
     [
      -46.953798,
      -23.051043
     ],
     [
      -46.954016,
      -23.050875
     ],
     [
      -46.954264,
      -23.050709
     ],
     [
      -46.954421,
      -23.050627
     ],
     [
      -46.954582,
      -23.050548
     ],
     [
      -46.954825,
      -23.050461
     ],
     [
      -46.95515,
      -23.050374
     ],
     [
      -46.955396,
      -23.050335
     ],
     [
      -46.955571,
      -23.050312
     ],
     [
      -46.955813,
      -23.050297
     ],
     [
      -46.956093,
      -23.05028
     ],
     [
      -46.956225,
      -23.050278
     ],
     [
      -46.956478,
      -23.0503
     ],
     [
      -46.956745,
      -23.050332
     ],
     [
      -46.956958,
      -23.050377
     ],
     [
      -46.957343,
      -23.050473
     ],
     [
      -46.958159,
      -23.050699
     ],
     [
      -46.958563,
      -23.050796
     ],
     [
      -46.958948,
      -23.050875
     ],
     [
      -46.959086,
      -23.050882
     ],
     [
      -46.959484,
      -23.050867
     ],
     [
      -46.959805,
      -23.050843
     ],
     [
      -46.960228,
      -23.050749
     ],
     [
      -46.960522,
      -23.050659
     ],
     [
      -46.960697,
      -23.050587
     ],
     [
      -46.960961,
      -23.050444
     ],
     [
      -46.961235,
      -23.050278
     ],
     [
      -46.961524,
      -23.05005
     ],
     [
      -46.961806,
      -23.04975
     ],
     [
      -46.961995,
      -23.049524
     ],
     [
      -46.962183,
      -23.049249
     ],
     [
      -46.962458,
      -23.048733
     ],
     [
      -46.962572,
      -23.048459
     ],
     [
      -46.962679,
      -23.048146
     ],
     [
      -46.962872,
      -23.047523
     ],
     [
      -46.963319,
      -23.046144
     ],
     [
      -46.963516,
      -23.04548
     ],
     [
      -46.963551,
      -23.045367
     ],
     [
      -46.963635,
      -23.045113
     ],
     [
      -46.964027,
      -23.043808
     ],
     [
      -46.964303,
      -23.042884
     ],
     [
      -46.964809,
      -23.041162
     ],
     [
      -46.965404,
      -23.039257
     ],
     [
      -46.965673,
      -23.03837
     ],
     [
      -46.966007,
      -23.037274
     ],
     [
      -46.966066,
      -23.037063
     ],
     [
      -46.966336,
      -23.03637
     ],
     [
      -46.966585,
      -23.035882
     ],
     [
      -46.966716,
      -23.03563
     ],
     [
      -46.966866,
      -23.035395
     ],
     [
      -46.967365,
      -23.034679
     ],
     [
      -46.967551,
      -23.034426
     ],
     [
      -46.968103,
      -23.033651
     ],
     [
      -46.968875,
      -23.032629
     ],
     [
      -46.969432,
      -23.0319
     ],
     [
      -46.969941,
      -23.031204
     ],
     [
      -46.970065,
      -23.031036
     ],
     [
      -46.970443,
      -23.030536
     ],
     [
      -46.970506,
      -23.030449
     ],
     [
      -46.971324,
      -23.029318
     ],
     [
      -46.971382,
      -23.029453
     ],
     [
      -46.971324,
      -23.029318
     ],
     [
      -46.971411,
      -23.029204
     ],
     [
      -46.971494,
      -23.029095
     ],
     [
      -46.971799,
      -23.028574
     ],
     [
      -46.971957,
      -23.028386
     ],
     [
      -46.972362,
      -23.027953
     ],
     [
      -46.97264,
      -23.027685
     ],
     [
      -46.972853,
      -23.02751
     ],
     [
      -46.973211,
      -23.02723
     ],
     [
      -46.973541,
      -23.027006
     ],
     [
      -46.973588,
      -23.027077
     ],
     [
      -46.974,
      -23.026851
     ],
     [
      -46.97439,
      -23.026671
     ],
     [
      -46.97479,
      -23.02652
     ],
     [
      -46.975238,
      -23.026377
     ],
     [
      -46.975643,
      -23.026289
     ],
     [
      -46.976108,
      -23.026218
     ],
     [
      -46.97628,
      -23.026193
     ],
     [
      -46.976536,
      -23.026156
     ],
     [
      -46.976956,
      -23.0261
     ],
     [
      -46.977412,
      -23.026031
     ],
     [
      -46.977868,
      -23.025923
     ],
     [
      -46.978282,
      -23.025814
     ],
     [
      -46.978693,
      -23.025668
     ],
     [
      -46.97901,
      -23.025528
     ],
     [
      -46.979079,
      -23.025501
     ],
     [
      -46.979267,
      -23.025402
     ],
     [
      -46.979401,
      -23.025334
     ],
     [
      -46.979808,
      -23.025083
     ],
     [
      -46.980173,
      -23.024812
     ],
     [
      -46.980476,
      -23.024551
     ],
     [
      -46.980784,
      -23.024247
     ],
     [
      -46.981002,
      -23.024017
     ],
     [
      -46.9811,
      -23.023886
     ],
     [
      -46.981337,
      -23.023553
     ],
     [
      -46.981484,
      -23.023349
     ],
     [
      -46.981657,
      -23.023038
     ],
     [
      -46.981762,
      -23.022817
     ],
     [
      -46.981917,
      -23.022457
     ],
     [
      -46.982045,
      -23.022068
     ],
     [
      -46.982134,
      -23.021706
     ],
     [
      -46.982207,
      -23.021371
     ],
     [
      -46.982221,
      -23.02128
     ],
     [
      -46.982261,
      -23.020897
     ],
     [
      -46.982273,
      -23.020468
     ],
     [
      -46.982236,
      -23.020066
     ],
     [
      -46.982149,
      -23.019507
     ],
     [
      -46.98203,
      -23.018954
     ],
     [
      -46.981903,
      -23.018389
     ],
     [
      -46.981659,
      -23.017215
     ],
     [
      -46.981626,
      -23.017019
     ],
     [
      -46.981555,
      -23.016505
     ],
     [
      -46.981498,
      -23.016063
     ],
     [
      -46.981489,
      -23.015615
     ],
     [
      -46.981495,
      -23.015413
     ],
     [
      -46.981534,
      -23.015076
     ],
     [
      -46.981576,
      -23.014783
     ],
     [
      -46.981682,
      -23.014339
     ],
     [
      -46.981904,
      -23.013751
     ],
     [
      -46.982555,
      -23.012106
     ],
     [
      -46.982639,
      -23.011911
     ],
     [
      -46.982869,
      -23.011339
     ],
     [
      -46.98307,
      -23.010912
     ],
     [
      -46.983266,
      -23.010546
     ],
     [
      -46.983432,
      -23.01028
     ],
     [
      -46.983724,
      -23.009841
     ],
     [
      -46.983979,
      -23.009485
     ],
     [
      -46.984159,
      -23.009223
     ],
     [
      -46.984264,
      -23.009072
     ],
     [
      -46.984679,
      -23.008473
     ],
     [
      -46.985164,
      -23.007784
     ],
     [
      -46.986259,
      -23.006187
     ],
     [
      -46.987182,
      -23.004879
     ],
     [
      -46.987795,
      -23.00387
     ],
     [
      -46.988073,
      -23.00334
     ],
     [
      -46.98847,
      -23.002329
     ],
     [
      -46.988656,
      -23.001728
     ],
     [
      -46.988816,
      -23.001101
     ],
     [
      -46.988949,
      -23.000465
     ],
     [
      -46.989075,
      -22.999592
     ],
     [
      -46.989092,
      -22.999467
     ],
     [
      -46.989351,
      -22.997446
     ],
     [
      -46.989597,
      -22.995666
     ],
     [
      -46.989897,
      -22.993308
     ],
     [
      -46.990091,
      -22.991829
     ],
     [
      -46.990281,
      -22.990444
     ],
     [
      -46.990442,
      -22.989255
     ],
     [
      -46.990456,
      -22.989139
     ],
     [
      -46.990566,
      -22.988068
     ],
     [
      -46.990635,
      -22.987081
     ],
     [
      -46.990635,
      -22.986505
     ],
     [
      -46.990644,
      -22.985431
     ],
     [
      -46.990649,
      -22.984061
     ],
     [
      -46.990644,
      -22.983843
     ],
     [
      -46.990624,
      -22.983619
     ],
     [
      -46.99047,
      -22.982532
     ],
     [
      -46.990366,
      -22.98188
     ],
     [
      -46.990185,
      -22.980929
     ],
     [
      -46.989865,
      -22.97912
     ],
     [
      -46.9897,
      -22.978081
     ],
     [
      -46.989527,
      -22.977061
     ],
     [
      -46.989516,
      -22.976989
     ],
     [
      -46.989498,
      -22.976882
     ],
     [
      -46.989481,
      -22.976785
     ],
     [
      -46.989394,
      -22.976231
     ],
     [
      -46.989321,
      -22.975687
     ],
     [
      -46.989316,
      -22.975553
     ],
     [
      -46.989322,
      -22.975415
     ],
     [
      -46.989328,
      -22.97523
     ],
     [
      -46.989344,
      -22.975046
     ],
     [
      -46.989404,
      -22.974716
     ],
     [
      -46.989524,
      -22.974355
     ],
     [
      -46.989638,
      -22.974095
     ],
     [
      -46.989706,
      -22.973955
     ],
     [
      -46.989817,
      -22.973798
     ],
     [
      -46.990019,
      -22.973541
     ],
     [
      -46.99033,
      -22.973225
     ],
     [
      -46.991335,
      -22.972345
     ],
     [
      -46.99195,
      -22.971756
     ],
     [
      -46.992065,
      -22.971647
     ],
     [
      -46.992317,
      -22.971386
     ],
     [
      -46.992495,
      -22.9712
     ],
     [
      -46.992684,
      -22.970928
     ],
     [
      -46.992875,
      -22.970626
     ],
     [
      -46.993243,
      -22.969829
     ],
     [
      -46.993515,
      -22.969193
     ],
     [
      -46.993789,
      -22.968571
     ],
     [
      -46.994054,
      -22.967948
     ]
    ]
   }
  },
  {
   "type": "Feature",
   "properties": {
    "id": "cp-valinhos-samambaia",
    "method": "osm-old",
    "osm_ways": [
     146834975,
     146834976,
     146834979,
     146834980,
     146834982,
     146834983,
     146834984,
     220893635,
     220893642,
     672906176,
     672906177
    ],
    "bridged_gap_m": 0,
    "generated": "2026-10-03"
   },
   "geometry": {
    "type": "LineString",
    "coordinates": [
     [
      -46.994054,
      -22.967948
     ],
     [
      -46.994104,
      -22.967815
     ],
     [
      -46.994149,
      -22.967682
     ],
     [
      -46.994192,
      -22.967547
     ],
     [
      -46.994221,
      -22.967413
     ],
     [
      -46.994294,
      -22.967072
     ],
     [
      -46.994311,
      -22.966667
     ],
     [
      -46.994301,
      -22.966358
     ],
     [
      -46.994256,
      -22.965991
     ],
     [
      -46.994175,
      -22.965692
     ],
     [
      -46.994036,
      -22.965309
     ],
     [
      -46.993941,
      -22.965116
     ],
     [
      -46.993861,
      -22.964968
     ],
     [
      -46.993736,
      -22.964762
     ],
     [
      -46.993407,
      -22.964289
     ],
     [
      -46.992996,
      -22.963733
     ],
     [
      -46.992781,
      -22.963477
     ],
     [
      -46.99256,
      -22.963256
     ],
     [
      -46.992165,
      -22.962888
     ],
     [
      -46.991851,
      -22.962639
     ],
     [
      -46.991559,
      -22.962439
     ],
     [
      -46.990402,
      -22.961741
     ],
     [
      -46.989488,
      -22.961205
     ],
     [
      -46.989429,
      -22.961176
     ],
     [
      -46.989197,
      -22.961033
     ],
     [
      -46.989022,
      -22.960932
     ],
     [
      -46.988636,
      -22.960633
     ],
     [
      -46.988301,
      -22.960307
     ],
     [
      -46.987888,
      -22.959751
     ],
     [
      -46.987651,
      -22.959339
     ],
     [
      -46.987434,
      -22.958808
     ],
     [
      -46.987346,
      -22.958536
     ],
     [
      -46.987287,
      -22.958294
     ],
     [
      -46.987115,
      -22.957429
     ],
     [
      -46.987035,
      -22.956865
     ],
     [
      -46.986961,
      -22.956267
     ],
     [
      -46.986758,
      -22.954303
     ],
     [
      -46.986642,
      -22.953074
     ],
     [
      -46.986561,
      -22.952511
     ],
     [
      -46.986401,
      -22.951952
     ],
     [
      -46.986157,
      -22.951406
     ],
     [
      -46.985874,
      -22.950748
     ],
     [
      -46.985664,
      -22.950204
     ],
     [
      -46.985523,
      -22.949635
     ],
     [
      -46.985386,
      -22.948763
     ],
     [
      -46.98538,
      -22.948716
     ],
     [
      -46.985379,
      -22.948712
     ],
     [
      -46.985369,
      -22.948646
     ],
     [
      -46.985276,
      -22.948018
     ],
     [
      -46.985142,
      -22.946876
     ],
     [
      -46.98502,
      -22.945734
     ],
     [
      -46.98499,
      -22.945272
     ],
     [
      -46.985006,
      -22.945022
     ],
     [
      -46.985031,
      -22.944839
     ],
     [
      -46.985047,
      -22.94475
     ],
     [
      -46.985098,
      -22.944571
     ],
     [
      -46.985263,
      -22.944089
     ],
     [
      -46.985542,
      -22.943573
     ],
     [
      -46.985867,
      -22.943166
     ],
     [
      -46.986259,
      -22.942784
     ],
     [
      -46.986715,
      -22.942427
     ],
     [
      -46.987374,
      -22.942047
     ],
     [
      -46.988043,
      -22.941746
     ],
     [
      -46.988748,
      -22.941476
     ],
     [
      -46.989809,
      -22.941054
     ],
     [
      -46.990527,
      -22.940751
     ],
     [
      -46.99116,
      -22.940379
     ],
     [
      -46.991573,
      -22.940056
     ],
     [
      -46.991898,
      -22.939757
     ],
     [
      -46.992309,
      -22.939255
     ],
     [
      -46.993006,
      -22.938367
     ],
     [
      -46.993264,
      -22.938106
     ],
     [
      -46.993617,
      -22.937778
     ],
     [
      -46.994036,
      -22.937452
     ],
     [
      -46.994632,
      -22.937138
     ],
     [
      -46.995303,
      -22.93691
     ],
     [
      -46.996228,
      -22.936669
     ],
     [
      -46.996971,
      -22.936439
     ],
     [
      -46.997365,
      -22.936247
     ],
     [
      -46.997786,
      -22.935963
     ],
     [
      -46.998068,
      -22.935728
     ],
     [
      -46.998432,
      -22.935318
     ],
     [
      -46.99904,
      -22.93448
     ],
     [
      -46.999896,
      -22.933085
     ],
     [
      -47.000023,
      -22.932894
     ],
     [
      -47.000182,
      -22.932698
     ],
     [
      -47.000354,
      -22.932529
     ],
     [
      -47.000656,
      -22.932291
     ],
     [
      -47.001041,
      -22.932034
     ],
     [
      -47.001366,
      -22.931878
     ],
     [
      -47.001678,
      -22.931767
     ],
     [
      -47.00199,
      -22.931679
     ],
     [
      -47.002347,
      -22.931632
     ],
     [
      -47.002739,
      -22.931604
     ],
     [
      -47.00337,
      -22.931631
     ],
     [
      -47.004006,
      -22.931656
     ],
     [
      -47.004488,
      -22.931681
     ],
     [
      -47.004961,
      -22.931651
     ],
     [
      -47.006685,
      -22.931516
     ],
     [
      -47.006965,
      -22.931482
     ],
     [
      -47.00724,
      -22.931434
     ],
     [
      -47.007709,
      -22.931339
     ],
     [
      -47.008205,
      -22.931236
     ],
     [
      -47.008909,
      -22.931094
     ],
     [
      -47.009374,
      -22.931019
     ],
     [
      -47.010399,
      -22.930936
     ],
     [
      -47.010966,
      -22.9309
     ],
     [
      -47.011302,
      -22.930902
     ],
     [
      -47.011632,
      -22.930916
     ],
     [
      -47.011844,
      -22.930931
     ],
     [
      -47.01251,
      -22.931038
     ],
     [
      -47.013491,
      -22.931241
     ],
     [
      -47.014455,
      -22.931387
     ],
     [
      -47.014809,
      -22.931429
     ],
     [
      -47.015329,
      -22.931433
     ],
     [
      -47.016563,
      -22.931443
     ],
     [
      -47.017939,
      -22.931491
     ],
     [
      -47.018593,
      -22.931532
     ],
     [
      -47.019042,
      -22.931535
     ],
     [
      -47.019381,
      -22.931538
     ],
     [
      -47.019969,
      -22.931512
     ],
     [
      -47.020521,
      -22.931448
     ],
     [
      -47.020937,
      -22.931354
     ],
     [
      -47.021286,
      -22.931231
     ],
     [
      -47.021624,
      -22.931105
     ],
     [
      -47.02245,
      -22.930761
     ],
     [
      -47.023,
      -22.930593
     ],
     [
      -47.023563,
      -22.930499
     ],
     [
      -47.024169,
      -22.930386
     ],
     [
      -47.024991,
      -22.930239
     ],
     [
      -47.02524,
      -22.930215
     ],
     [
      -47.025431,
      -22.930204
     ],
     [
      -47.02565,
      -22.930213
     ],
     [
      -47.02598,
      -22.930249
     ],
     [
      -47.026256,
      -22.930285
     ],
     [
      -47.026586,
      -22.930364
     ],
     [
      -47.027853,
      -22.930794
     ],
     [
      -47.02834,
      -22.930939
     ],
     [
      -47.028778,
      -22.931056
     ],
     [
      -47.02926,
      -22.93109
     ],
     [
      -47.029746,
      -22.93108
     ]
    ]
   }
  },
  {
   "type": "Feature",
   "properties": {
    "id": "cp-samambaia-campinas",
    "method": "osm-old",
    "osm_ways": [
     151375635,
     220882499,
     220882500,
     220893642,
     254029526,
     254029528,
     746728422,
     746728423,
     746728426,
     746728427
    ],
    "bridged_gap_m": 104,
    "generated": "2026-10-03"
   },
   "geometry": {
    "type": "LineString",
    "coordinates": [
     [
      -47.029746,
      -22.93108
     ],
     [
      -47.030035,
      -22.931043
     ],
     [
      -47.030298,
      -22.930981
     ],
     [
      -47.030741,
      -22.930835
     ],
     [
      -47.031403,
      -22.930524
     ],
     [
      -47.031923,
      -22.930188
     ],
     [
      -47.032103,
      -22.930028
     ],
     [
      -47.032275,
      -22.929872
     ],
     [
      -47.032594,
      -22.929543
     ],
     [
      -47.03283,
      -22.929245
     ],
     [
      -47.033054,
      -22.928811
     ],
     [
      -47.033142,
      -22.928568
     ],
     [
      -47.033214,
      -22.92834
     ],
     [
      -47.033257,
      -22.92817
     ],
     [
      -47.033423,
      -22.927328
     ],
     [
      -47.033526,
      -22.926631
     ],
     [
      -47.033602,
      -22.92628
     ],
     [
      -47.033695,
      -22.925976
     ],
     [
      -47.033861,
      -22.925614
     ],
     [
      -47.033954,
      -22.925482
     ],
     [
      -47.034057,
      -22.925335
     ],
     [
      -47.034273,
      -22.925102
     ],
     [
      -47.03452,
      -22.924842
     ],
     [
      -47.034855,
      -22.924561
     ],
     [
      -47.035252,
      -22.924314
     ],
     [
      -47.035546,
      -22.924164
     ],
     [
      -47.0359,
      -22.924048
     ],
     [
      -47.036196,
      -22.923993
     ],
     [
      -47.03658,
      -22.923936
     ],
     [
      -47.037015,
      -22.923929
     ],
     [
      -47.037527,
      -22.923989
     ],
     [
      -47.037933,
      -22.924075
     ],
     [
      -47.038343,
      -22.924226
     ],
     [
      -47.038845,
      -22.924494
     ],
     [
      -47.039175,
      -22.924666
     ],
     [
      -47.03963,
      -22.924905
     ],
     [
      -47.040094,
      -22.925114
     ],
     [
      -47.04038,
      -22.925235
     ],
     [
      -47.040676,
      -22.925334
     ],
     [
      -47.041,
      -22.925409
     ],
     [
      -47.041202,
      -22.925446
     ],
     [
      -47.041413,
      -22.925458
     ],
     [
      -47.04204,
      -22.925467
     ],
     [
      -47.042469,
      -22.925414
     ],
     [
      -47.042774,
      -22.925356
     ],
     [
      -47.043038,
      -22.925287
     ],
     [
      -47.043414,
      -22.925139
     ],
     [
      -47.043847,
      -22.924923
     ],
     [
      -47.04444,
      -22.924542
     ],
     [
      -47.044798,
      -22.924325
     ],
     [
      -47.045425,
      -22.923946
     ],
     [
      -47.046053,
      -22.923555
     ],
     [
      -47.047394,
      -22.92271
     ],
     [
      -47.047731,
      -22.922499
     ],
     [
      -47.048057,
      -22.922271
     ],
     [
      -47.0483,
      -22.922075
     ],
     [
      -47.048563,
      -22.92181
     ],
     [
      -47.048808,
      -22.921468
     ],
     [
      -47.049007,
      -22.921154
     ],
     [
      -47.04913,
      -22.920877
     ],
     [
      -47.049205,
      -22.920635
     ],
     [
      -47.049277,
      -22.920346
     ],
     [
      -47.049355,
      -22.919768
     ],
     [
      -47.049477,
      -22.918808
     ],
     [
      -47.049553,
      -22.918493
     ],
     [
      -47.049746,
      -22.918
     ],
     [
      -47.050143,
      -22.917338
     ],
     [
      -47.050546,
      -22.916792
     ],
     [
      -47.050874,
      -22.916293
     ],
     [
      -47.051153,
      -22.915934
     ],
     [
      -47.051445,
      -22.915571
     ],
     [
      -47.051812,
      -22.915158
     ],
     [
      -47.052123,
      -22.914852
     ],
     [
      -47.052439,
      -22.91464
     ],
     [
      -47.052638,
      -22.914529
     ],
     [
      -47.053042,
      -22.914359
     ],
     [
      -47.053657,
      -22.914167
     ],
     [
      -47.054112,
      -22.914106
     ],
     [
      -47.055113,
      -22.914073
     ],
     [
      -47.055305,
      -22.914081
     ],
     [
      -47.055774,
      -22.914093
     ],
     [
      -47.056243,
      -22.914086
     ],
     [
      -47.056719,
      -22.91406
     ],
     [
      -47.05685,
      -22.914045
     ],
     [
      -47.057384,
      -22.91396
     ],
     [
      -47.057563,
      -22.913919
     ],
     [
      -47.057726,
      -22.91387
     ],
     [
      -47.057926,
      -22.913804
     ],
     [
      -47.058121,
      -22.913731
     ],
     [
      -47.058517,
      -22.913541
     ],
     [
      -47.0588,
      -22.913378
     ],
     [
      -47.059043,
      -22.91321
     ],
     [
      -47.05927,
      -22.913027
     ],
     [
      -47.059402,
      -22.912899
     ],
     [
      -47.059525,
      -22.912764
     ],
     [
      -47.059861,
      -22.912362
     ],
     [
      -47.060264,
      -22.911821
     ],
     [
      -47.060645,
      -22.911319
     ],
     [
      -47.060991,
      -22.910958
     ],
     [
      -47.061253,
      -22.910726
     ],
     [
      -47.061575,
      -22.910516
     ],
     [
      -47.061817,
      -22.910386
     ],
     [
      -47.06207,
      -22.910277
     ],
     [
      -47.062442,
      -22.910156
     ],
     [
      -47.062786,
      -22.910058
     ],
     [
      -47.063646,
      -22.909783
     ],
     [
      -47.064012,
      -22.909674
     ],
     [
      -47.06467,
      -22.909498
     ],
     [
      -47.065497,
      -22.909268
     ],
     [
      -47.066318,
      -22.90905
     ],
     [
      -47.068202,
      -22.90854
     ],
     [
      -47.068286,
      -22.908944
     ],
     [
      -47.068168,
      -22.908432
     ],
     [
      -47.066284,
      -22.908943
     ]
    ]
   }
  },
  {
   "type": "Feature",
   "properties": {
    "id": "cp-campinas-santa-barbara",
    "method": "osm-old",
    "osm_ways": [
     151301320,
     151301321,
     151301323,
     151375620,
     151375624,
     151375631,
     192355360,
     192355365,
     192355367,
     220893626,
     220893637,
     411006569,
     411006570,
     411006571,
     411006572,
     422535117,
     534613387,
     534613388,
     669075185,
     669075189,
     692781277,
     692781281,
     692782529,
     692782530,
     712328769,
     712328770,
     712561181,
     712561184,
     712564447,
     712564448,
     712564449,
     712564450,
     746728427,
     748804148,
     748804149,
     748804150,
     748804155,
     748827733,
     1238708002,
     1447821358,
     1447821359,
     1554912376
    ],
    "bridged_gap_m": 109,
    "generated": "2026-10-03"
   },
   "geometry": {
    "type": "LineString",
    "coordinates": [
     [
      -47.066284,
      -22.908943
     ],
     [
      -47.068168,
      -22.908432
     ],
     [
      -47.068286,
      -22.908944
     ],
     [
      -47.06977,
      -22.908556
     ],
     [
      -47.070158,
      -22.908444
     ],
     [
      -47.070282,
      -22.908408
     ],
     [
      -47.071113,
      -22.908154
     ],
     [
      -47.0718,
      -22.907977
     ],
     [
      -47.071546,
      -22.907582
     ],
     [
      -47.072617,
      -22.907259
     ],
     [
      -47.0737,
      -22.906958
     ],
     [
      -47.074574,
      -22.906709
     ],
     [
      -47.075058,
      -22.906536
     ],
     [
      -47.075537,
      -22.90631
     ],
     [
      -47.075831,
      -22.906146
     ],
     [
      -47.076573,
      -22.905697
     ],
     [
      -47.077152,
      -22.905351
     ],
     [
      -47.07756,
      -22.905106
     ],
     [
      -47.07804,
      -22.904827
     ],
     [
      -47.078441,
      -22.904586
     ],
     [
      -47.078846,
      -22.904333
     ],
     [
      -47.079295,
      -22.904071
     ],
     [
      -47.080115,
      -22.903567
     ],
     [
      -47.080251,
      -22.903484
     ],
     [
      -47.080386,
      -22.9034
     ],
     [
      -47.080622,
      -22.903256
     ],
     [
      -47.080939,
      -22.90306
     ],
     [
      -47.081577,
      -22.902663
     ],
     [
      -47.082083,
      -22.902352
     ],
     [
      -47.08274,
      -22.90195
     ],
     [
      -47.08323,
      -22.90166
     ],
     [
      -47.083944,
      -22.901243
     ],
     [
      -47.084563,
      -22.90088
     ],
     [
      -47.085142,
      -22.900573
     ],
     [
      -47.085477,
      -22.900401
     ],
     [
      -47.085854,
      -22.900253
     ],
     [
      -47.086321,
      -22.900093
     ],
     [
      -47.086713,
      -22.899985
     ],
     [
      -47.087139,
      -22.899892
     ],
     [
      -47.087539,
      -22.899833
     ],
     [
      -47.087905,
      -22.8998
     ],
     [
      -47.088698,
      -22.899754
     ],
     [
      -47.089377,
      -22.89974
     ],
     [
      -47.089601,
      -22.899732
     ],
     [
      -47.090034,
      -22.899716
     ],
     [
      -47.090792,
      -22.899697
     ],
     [
      -47.091591,
      -22.899694
     ],
     [
      -47.092407,
      -22.89968
     ],
     [
      -47.093605,
      -22.899648
     ],
     [
      -47.093959,
      -22.899622
     ],
     [
      -47.094637,
      -22.899499
     ],
     [
      -47.095137,
      -22.899362
     ],
     [
      -47.095667,
      -22.899186
     ],
     [
      -47.096248,
      -22.89896
     ],
     [
      -47.096863,
      -22.898711
     ],
     [
      -47.09718,
      -22.898574
     ],
     [
      -47.097514,
      -22.898447
     ],
     [
      -47.09786,
      -22.898316
     ],
     [
      -47.098332,
      -22.898174
     ],
     [
      -47.098777,
      -22.89806
     ],
     [
      -47.099157,
      -22.897988
     ],
     [
      -47.099663,
      -22.897924
     ],
     [
      -47.100273,
      -22.897887
     ],
     [
      -47.101107,
      -22.89789
     ],
     [
      -47.101781,
      -22.897954
     ],
     [
      -47.102302,
      -22.898056
     ],
     [
      -47.102835,
      -22.898192
     ],
     [
      -47.103576,
      -22.898415
     ],
     [
      -47.10432,
      -22.898658
     ],
     [
      -47.104929,
      -22.898867
     ],
     [
      -47.105883,
      -22.899177
     ],
     [
      -47.106459,
      -22.899359
     ],
     [
      -47.107199,
      -22.899594
     ],
     [
      -47.107737,
      -22.899732
     ],
     [
      -47.108264,
      -22.899844
     ],
     [
      -47.108848,
      -22.899921
     ],
     [
      -47.109197,
      -22.899948
     ],
     [
      -47.109403,
      -22.899964
     ],
     [
      -47.109898,
      -22.899979
     ],
     [
      -47.110031,
      -22.89998
     ],
     [
      -47.110751,
      -22.899984
     ],
     [
      -47.111671,
      -22.900048
     ],
     [
      -47.112184,
      -22.900094
     ],
     [
      -47.112835,
      -22.900189
     ],
     [
      -47.119948,
      -22.90174
     ],
     [
      -47.120753,
      -22.901676
     ],
     [
      -47.121359,
      -22.901513
     ],
     [
      -47.121992,
      -22.901256
     ],
     [
      -47.122625,
      -22.900856
     ],
     [
      -47.123103,
      -22.900391
     ],
     [
      -47.123516,
      -22.899857
     ],
     [
      -47.123854,
      -22.899106
     ],
     [
      -47.124712,
      -22.896398
     ],
     [
      -47.125677,
      -22.893695
     ],
     [
      -47.125894,
      -22.893239
     ],
     [
      -47.126031,
      -22.892949
     ],
     [
      -47.126369,
      -22.892544
     ],
     [
      -47.126801,
      -22.892136
     ],
     [
      -47.127332,
      -22.891773
     ],
     [
      -47.127912,
      -22.891513
     ],
     [
      -47.128392,
      -22.891353
     ],
     [
      -47.128818,
      -22.891283
     ],
     [
      -47.129255,
      -22.891261
     ],
     [
      -47.130833,
      -22.891293
     ],
     [
      -47.131696,
      -22.891246
     ],
     [
      -47.132139,
      -22.891177
     ],
     [
      -47.132643,
      -22.891054
     ],
     [
      -47.132984,
      -22.890962
     ],
     [
      -47.133362,
      -22.890809
     ],
     [
      -47.134719,
      -22.890028
     ],
     [
      -47.135279,
      -22.889705
     ],
     [
      -47.136233,
      -22.889155
     ],
     [
      -47.137511,
      -22.88841
     ],
     [
      -47.138954,
      -22.887597
     ],
     [
      -47.139396,
      -22.887403
     ],
     [
      -47.139912,
      -22.88723
     ],
     [
      -47.140247,
      -22.887133
     ],
     [
      -47.140928,
      -22.886985
     ],
     [
      -47.14148,
      -22.886866
     ],
     [
      -47.142743,
      -22.886625
     ],
     [
      -47.143204,
      -22.886538
     ],
     [
      -47.143992,
      -22.886388
     ],
     [
      -47.144121,
      -22.886363
     ],
     [
      -47.144257,
      -22.886336
     ],
     [
      -47.144533,
      -22.886282
     ],
     [
      -47.145256,
      -22.886138
     ],
     [
      -47.14879,
      -22.885435
     ],
     [
      -47.148843,
      -22.885425
     ],
     [
      -47.15156,
      -22.884889
     ],
     [
      -47.152228,
      -22.884766
     ],
     [
      -47.1528,
      -22.884676
     ],
     [
      -47.153204,
      -22.884631
     ],
     [
      -47.153574,
      -22.884596
     ],
     [
      -47.153941,
      -22.884581
     ],
     [
      -47.154322,
      -22.884579
     ],
     [
      -47.154813,
      -22.884609
     ],
     [
      -47.155306,
      -22.884632
     ],
     [
      -47.15585,
      -22.884689
     ],
     [
      -47.156352,
      -22.884768
     ],
     [
      -47.156836,
      -22.884859
     ],
     [
      -47.157286,
      -22.88496
     ],
     [
      -47.157684,
      -22.885064
     ],
     [
      -47.158079,
      -22.885179
     ],
     [
      -47.158451,
      -22.88532
     ],
     [
      -47.158863,
      -22.885474
     ],
     [
      -47.159296,
      -22.88566
     ],
     [
      -47.15964,
      -22.885827
     ],
     [
      -47.160048,
      -22.88605
     ],
     [
      -47.160617,
      -22.886373
     ],
     [
      -47.161072,
      -22.88666
     ],
     [
      -47.161519,
      -22.886964
     ],
     [
      -47.163489,
      -22.888345
     ],
     [
      -47.164587,
      -22.889106
     ],
     [
      -47.164604,
      -22.889118
     ],
     [
      -47.165501,
      -22.889718
     ],
     [
      -47.165785,
      -22.889897
     ],
     [
      -47.166096,
      -22.89008
     ],
     [
      -47.166414,
      -22.890251
     ],
     [
      -47.166729,
      -22.890401
     ],
     [
      -47.167102,
      -22.890575
     ],
     [
      -47.167443,
      -22.890721
     ],
     [
      -47.16774,
      -22.890833
     ],
     [
      -47.168108,
      -22.890961
     ],
     [
      -47.16836,
      -22.891046
     ],
     [
      -47.168737,
      -22.891155
     ],
     [
      -47.169046,
      -22.891236
     ],
     [
      -47.169345,
      -22.891303
     ],
     [
      -47.169831,
      -22.891395
     ],
     [
      -47.170275,
      -22.891463
     ],
     [
      -47.170681,
      -22.891507
     ],
     [
      -47.171163,
      -22.891541
     ],
     [
      -47.171584,
      -22.891556
     ],
     [
      -47.172215,
      -22.891545
     ],
     [
      -47.172723,
      -22.891511
     ],
     [
      -47.173166,
      -22.891465
     ],
     [
      -47.173623,
      -22.891395
     ],
     [
      -47.174053,
      -22.89132
     ],
     [
      -47.174542,
      -22.891212
     ],
     [
      -47.175052,
      -22.891073
     ],
     [
      -47.17554,
      -22.890923
     ],
     [
      -47.176056,
      -22.890725
     ],
     [
      -47.176491,
      -22.890544
     ],
     [
      -47.176873,
      -22.89036
     ],
     [
      -47.177252,
      -22.89017
     ],
     [
      -47.177745,
      -22.889885
     ],
     [
      -47.178149,
      -22.889626
     ],
     [
      -47.178485,
      -22.889391
     ],
     [
      -47.178776,
      -22.889182
     ],
     [
      -47.179453,
      -22.888684
     ],
     [
      -47.181221,
      -22.887357
     ],
     [
      -47.182133,
      -22.886672
     ],
     [
      -47.183962,
      -22.885281
     ],
     [
      -47.186213,
      -22.88357
     ],
     [
      -47.18641,
      -22.883442
     ],
     [
      -47.186795,
      -22.883126
     ],
     [
      -47.187207,
      -22.882771
     ],
     [
      -47.18836,
      -22.881733
     ],
     [
      -47.189531,
      -22.880608
     ],
     [
      -47.191005,
      -22.879027
     ],
     [
      -47.192451,
      -22.877416
     ],
     [
      -47.19355,
      -22.876239
     ],
     [
      -47.193783,
      -22.875992
     ],
     [
      -47.195058,
      -22.874644
     ],
     [
      -47.195856,
      -22.873833
     ],
     [
      -47.196696,
      -22.873052
     ],
     [
      -47.19752,
      -22.872329
     ],
     [
      -47.198376,
      -22.871638
     ],
     [
      -47.198809,
      -22.871311
     ],
     [
      -47.199256,
      -22.870994
     ],
     [
      -47.200048,
      -22.870416
     ],
     [
      -47.201796,
      -22.869173
     ],
     [
      -47.202788,
      -22.868432
     ],
     [
      -47.203777,
      -22.867723
     ],
     [
      -47.204801,
      -22.866989
     ],
     [
      -47.206835,
      -22.865512
     ],
     [
      -47.20718,
      -22.86527
     ],
     [
      -47.207582,
      -22.86498
     ],
     [
      -47.208342,
      -22.864433
     ],
     [
      -47.209798,
      -22.863378
     ],
     [
      -47.210979,
      -22.862538
     ],
     [
      -47.212384,
      -22.861522
     ],
     [
      -47.212469,
      -22.861457
     ],
     [
      -47.21252,
      -22.861419
     ],
     [
      -47.212574,
      -22.861377
     ],
     [
      -47.212839,
      -22.861201
     ],
     [
      -47.213135,
      -22.860995
     ],
     [
      -47.213445,
      -22.860814
     ],
     [
      -47.21358,
      -22.860739
     ],
     [
      -47.213749,
      -22.860644
     ],
     [
      -47.214031,
      -22.860521
     ],
     [
      -47.214386,
      -22.86038
     ],
     [
      -47.214836,
      -22.860247
     ],
     [
      -47.215252,
      -22.86015
     ],
     [
      -47.215632,
      -22.860091
     ],
     [
      -47.216012,
      -22.860056
     ],
     [
      -47.216368,
      -22.86005
     ],
     [
      -47.216732,
      -22.860056
     ],
     [
      -47.217109,
      -22.860082
     ],
     [
      -47.217598,
      -22.860133
     ],
     [
      -47.220536,
      -22.860441
     ],
     [
      -47.221331,
      -22.860536
     ],
     [
      -47.22142,
      -22.86055
     ],
     [
      -47.221499,
      -22.860555
     ],
     [
      -47.221993,
      -22.860568
     ],
     [
      -47.222289,
      -22.860561
     ],
     [
      -47.222536,
      -22.860537
     ],
     [
      -47.222779,
      -22.860499
     ],
     [
      -47.22302,
      -22.860438
     ],
     [
      -47.223262,
      -22.86037
     ],
     [
      -47.223525,
      -22.860271
     ],
     [
      -47.223818,
      -22.860126
     ],
     [
      -47.224129,
      -22.859943
     ],
     [
      -47.224367,
      -22.859774
     ],
     [
      -47.224614,
      -22.859574
     ],
     [
      -47.224937,
      -22.859296
     ],
     [
      -47.22642,
      -22.857967
     ],
     [
      -47.226796,
      -22.857614
     ],
     [
      -47.227138,
      -22.857318
     ],
     [
      -47.227783,
      -22.856823
     ],
     [
      -47.227999,
      -22.856668
     ],
     [
      -47.228238,
      -22.856533
     ],
     [
      -47.228437,
      -22.856432
     ],
     [
      -47.228662,
      -22.856332
     ],
     [
      -47.228885,
      -22.856238
     ],
     [
      -47.229122,
      -22.856152
     ],
     [
      -47.229506,
      -22.856015
     ],
     [
      -47.230335,
      -22.855737
     ],
     [
      -47.233977,
      -22.854525
     ],
     [
      -47.234924,
      -22.8542
     ],
     [
      -47.235223,
      -22.85408
     ],
     [
      -47.235419,
      -22.853986
     ],
     [
      -47.235659,
      -22.85385
     ],
     [
      -47.235897,
      -22.853693
     ],
     [
      -47.236544,
      -22.853224
     ],
     [
      -47.236794,
      -22.853047
     ],
     [
      -47.237021,
      -22.852907
     ],
     [
      -47.237283,
      -22.852793
     ],
     [
      -47.237599,
      -22.8527
     ],
     [
      -47.237967,
      -22.852616
     ],
     [
      -47.238241,
      -22.852572
     ],
     [
      -47.239106,
      -22.852452
     ],
     [
      -47.239686,
      -22.85237
     ],
     [
      -47.241161,
      -22.852161
     ],
     [
      -47.242414,
      -22.851985
     ],
     [
      -47.242698,
      -22.851945
     ],
     [
      -47.242969,
      -22.851933
     ],
     [
      -47.243267,
      -22.851932
     ],
     [
      -47.243527,
      -22.851951
     ],
     [
      -47.24384,
      -22.851988
     ],
     [
      -47.244131,
      -22.85203
     ],
     [
      -47.244489,
      -22.852084
     ],
     [
      -47.244813,
      -22.852131
     ],
     [
      -47.245105,
      -22.852155
     ],
     [
      -47.24539,
      -22.852167
     ],
     [
      -47.245736,
      -22.852153
     ],
     [
      -47.24611,
      -22.8521
     ],
     [
      -47.246505,
      -22.852012
     ],
     [
      -47.246851,
      -22.851912
     ],
     [
      -47.24708,
      -22.851815
     ],
     [
      -47.247403,
      -22.851663
     ],
     [
      -47.247682,
      -22.85149
     ],
     [
      -47.247934,
      -22.851304
     ],
     [
      -47.248101,
      -22.851167
     ],
     [
      -47.24826,
      -22.85103
     ],
     [
      -47.248424,
      -22.85088
     ],
     [
      -47.248572,
      -22.85073
     ],
     [
      -47.249534,
      -22.849643
     ],
     [
      -47.250619,
      -22.848338
     ],
     [
      -47.251014,
      -22.847825
     ],
     [
      -47.251194,
      -22.847554
     ],
     [
      -47.251327,
      -22.847331
     ],
     [
      -47.251445,
      -22.847113
     ],
     [
      -47.251548,
      -22.846859
     ],
     [
      -47.251628,
      -22.846592
     ],
     [
      -47.252205,
      -22.844089
     ],
     [
      -47.252511,
      -22.842788
     ],
     [
      -47.252657,
      -22.841994
     ],
     [
      -47.252677,
      -22.841931
     ],
     [
      -47.252974,
      -22.841013
     ],
     [
      -47.253363,
      -22.840316
     ],
     [
      -47.253962,
      -22.839574
     ],
     [
      -47.254763,
      -22.838726
     ],
     [
      -47.255893,
      -22.837516
     ],
     [
      -47.256359,
      -22.836894
     ],
     [
      -47.256755,
      -22.836381
     ],
     [
      -47.257123,
      -22.835847
     ],
     [
      -47.257524,
      -22.835204
     ],
     [
      -47.257819,
      -22.834689
     ],
     [
      -47.258181,
      -22.834012
     ],
     [
      -47.258607,
      -22.833131
     ],
     [
      -47.258859,
      -22.832558
     ],
     [
      -47.259103,
      -22.831973
     ],
     [
      -47.259446,
      -22.831087
     ],
     [
      -47.259627,
      -22.830572
     ],
     [
      -47.259939,
      -22.829597
     ],
     [
      -47.260371,
      -22.828229
     ],
     [
      -47.260764,
      -22.827045
     ],
     [
      -47.261096,
      -22.826015
     ],
     [
      -47.261292,
      -22.825442
     ],
     [
      -47.261365,
      -22.825211
     ],
     [
      -47.261448,
      -22.824983
     ],
     [
      -47.261507,
      -22.824819
     ],
     [
      -47.261604,
      -22.824628
     ],
     [
      -47.261698,
      -22.824456
     ],
     [
      -47.261796,
      -22.824283
     ],
     [
      -47.26191,
      -22.82411
     ],
     [
      -47.262057,
      -22.823904
     ],
     [
      -47.262984,
      -22.822688
     ],
     [
      -47.263416,
      -22.822122
     ],
     [
      -47.264221,
      -22.821064
     ],
     [
      -47.264743,
      -22.820382
     ],
     [
      -47.264968,
      -22.820088
     ],
     [
      -47.265337,
      -22.81961
     ],
     [
      -47.265601,
      -22.819255
     ],
     [
      -47.265924,
      -22.818862
     ],
     [
      -47.26611,
      -22.818621
     ],
     [
      -47.266184,
      -22.818539
     ],
     [
      -47.266414,
      -22.818319
     ],
     [
      -47.266731,
      -22.818019
     ],
     [
      -47.266897,
      -22.817879
     ],
     [
      -47.267095,
      -22.817721
     ],
     [
      -47.267259,
      -22.817599
     ],
     [
      -47.267427,
      -22.817481
     ],
     [
      -47.267652,
      -22.817328
     ],
     [
      -47.268143,
      -22.817009
     ],
     [
      -47.268938,
      -22.816493
     ],
     [
      -47.270657,
      -22.815383
     ],
     [
      -47.271069,
      -22.815119
     ],
     [
      -47.271117,
      -22.815084
     ],
     [
      -47.272934,
      -22.813914
     ],
     [
      -47.275258,
      -22.812411
     ],
     [
      -47.27683,
      -22.811393
     ],
     [
      -47.276926,
      -22.811331
     ],
     [
      -47.277541,
      -22.810904
     ],
     [
      -47.278019,
      -22.810512
     ],
     [
      -47.278478,
      -22.809996
     ],
     [
      -47.278889,
      -22.809463
     ],
     [
      -47.279199,
      -22.808847
     ],
     [
      -47.279704,
      -22.807809
     ],
     [
      -47.281365,
      -22.804194
     ],
     [
      -47.281988,
      -22.802758
     ],
     [
      -47.282547,
      -22.801546
     ],
     [
      -47.282646,
      -22.80133
     ],
     [
      -47.282869,
      -22.800873
     ],
     [
      -47.285517,
      -22.795096
     ],
     [
      -47.28556,
      -22.79501
     ],
     [
      -47.285919,
      -22.794229
     ],
     [
      -47.285984,
      -22.794088
     ],
     [
      -47.286052,
      -22.793934
     ],
     [
      -47.286135,
      -22.79372
     ],
     [
      -47.286204,
      -22.793524
     ],
     [
      -47.286258,
      -22.793367
     ],
     [
      -47.286306,
      -22.793201
     ],
     [
      -47.286333,
      -22.793077
     ],
     [
      -47.286357,
      -22.792911
     ],
     [
      -47.286373,
      -22.792746
     ],
     [
      -47.286378,
      -22.792594
     ],
     [
      -47.286377,
      -22.79245
     ],
     [
      -47.286366,
      -22.792284
     ],
     [
      -47.286355,
      -22.79211
     ],
     [
      -47.286188,
      -22.790937
     ],
     [
      -47.286179,
      -22.79088
     ],
     [
      -47.285985,
      -22.789528
     ],
     [
      -47.285967,
      -22.789308
     ],
     [
      -47.285961,
      -22.789105
     ],
     [
      -47.285963,
      -22.788924
     ],
     [
      -47.285981,
      -22.788739
     ],
     [
      -47.286006,
      -22.788562
     ],
     [
      -47.286041,
      -22.788386
     ],
     [
      -47.286086,
      -22.788201
     ],
     [
      -47.286145,
      -22.788007
     ],
     [
      -47.286221,
      -22.787798
     ],
     [
      -47.286299,
      -22.787624
     ],
     [
      -47.286397,
      -22.787438
     ],
     [
      -47.286521,
      -22.787236
     ],
     [
      -47.28667,
      -22.787027
     ],
     [
      -47.28695,
      -22.786663
     ],
     [
      -47.287214,
      -22.786387
     ],
     [
      -47.287419,
      -22.786173
     ],
     [
      -47.288781,
      -22.784879
     ],
     [
      -47.289354,
      -22.784208
     ],
     [
      -47.289676,
      -22.783705
     ],
     [
      -47.289969,
      -22.783076
     ],
     [
      -47.290064,
      -22.782771
     ],
     [
      -47.29015,
      -22.782469
     ],
     [
      -47.290684,
      -22.780163
     ],
     [
      -47.291214,
      -22.777837
     ],
     [
      -47.291288,
      -22.777511
     ],
     [
      -47.291349,
      -22.777254
     ],
     [
      -47.291582,
      -22.776202
     ],
     [
      -47.291736,
      -22.775476
     ],
     [
      -47.291925,
      -22.774627
     ],
     [
      -47.292032,
      -22.774158
     ],
     [
      -47.292069,
      -22.774027
     ],
     [
      -47.292114,
      -22.773892
     ],
     [
      -47.292223,
      -22.773611
     ],
     [
      -47.292281,
      -22.773459
     ],
     [
      -47.292343,
      -22.77335
     ],
     [
      -47.292407,
      -22.773243
     ],
     [
      -47.292481,
      -22.773136
     ],
     [
      -47.292566,
      -22.773015
     ],
     [
      -47.292667,
      -22.772873
     ],
     [
      -47.292804,
      -22.772694
     ],
     [
      -47.292915,
      -22.77255
     ],
     [
      -47.293037,
      -22.772428
     ],
     [
      -47.293179,
      -22.772295
     ],
     [
      -47.293338,
      -22.77216
     ],
     [
      -47.293503,
      -22.772032
     ],
     [
      -47.293702,
      -22.771897
     ],
     [
      -47.2939,
      -22.771779
     ],
     [
      -47.294142,
      -22.771652
     ],
     [
      -47.294487,
      -22.771494
     ],
     [
      -47.30019,
      -22.769174
     ],
     [
      -47.302813,
      -22.768103
     ],
     [
      -47.304922,
      -22.76724
     ],
     [
      -47.305123,
      -22.767164
     ],
     [
      -47.305321,
      -22.767099
     ],
     [
      -47.305569,
      -22.767024
     ],
     [
      -47.305783,
      -22.766973
     ],
     [
      -47.306004,
      -22.766934
     ],
     [
      -47.306204,
      -22.766908
     ],
     [
      -47.306412,
      -22.766891
     ],
     [
      -47.306641,
      -22.766883
     ],
     [
      -47.306868,
      -22.766888
     ],
     [
      -47.307114,
      -22.766903
     ],
     [
      -47.307316,
      -22.766928
     ],
     [
      -47.307511,
      -22.766956
     ],
     [
      -47.307716,
      -22.766992
     ],
     [
      -47.3079,
      -22.767039
     ],
     [
      -47.30806,
      -22.76709
     ],
     [
      -47.309518,
      -22.767618
     ],
     [
      -47.309695,
      -22.767672
     ],
     [
      -47.309874,
      -22.76772
     ],
     [
      -47.310096,
      -22.767767
     ],
     [
      -47.310311,
      -22.767799
     ],
     [
      -47.310512,
      -22.767815
     ],
     [
      -47.31073,
      -22.767823
     ],
     [
      -47.310936,
      -22.767816
     ],
     [
      -47.311146,
      -22.767795
     ],
     [
      -47.311361,
      -22.767762
     ],
     [
      -47.311586,
      -22.767713
     ],
     [
      -47.311795,
      -22.767653
     ],
     [
      -47.311987,
      -22.767588
     ],
     [
      -47.312214,
      -22.767495
     ],
     [
      -47.312489,
      -22.76737
     ],
     [
      -47.31271,
      -22.76726
     ],
     [
      -47.314061,
      -22.766564
     ],
     [
      -47.314653,
      -22.766254
     ],
     [
      -47.314835,
      -22.766147
     ],
     [
      -47.315015,
      -22.766029
     ],
     [
      -47.315187,
      -22.7659
     ],
     [
      -47.315369,
      -22.765742
     ],
     [
      -47.315544,
      -22.765574
     ],
     [
      -47.315692,
      -22.765416
     ],
     [
      -47.315833,
      -22.765244
     ],
     [
      -47.315953,
      -22.765082
     ],
     [
      -47.316067,
      -22.764909
     ],
     [
      -47.316182,
      -22.764716
     ],
     [
      -47.316278,
      -22.76453
     ],
     [
      -47.316363,
      -22.764343
     ],
     [
      -47.316432,
      -22.764152
     ],
     [
      -47.316498,
      -22.763921
     ],
     [
      -47.31655,
      -22.763736
     ],
     [
      -47.316602,
      -22.763478
     ],
     [
      -47.316891,
      -22.761779
     ],
     [
      -47.316908,
      -22.761675
     ],
     [
      -47.317641,
      -22.757573
     ],
     [
      -47.317807,
      -22.756695
     ],
     [
      -47.317933,
      -22.756138
     ],
     [
      -47.318072,
      -22.75546
     ],
     [
      -47.318244,
      -22.754723
     ],
     [
      -47.318416,
      -22.75415
     ],
     [
      -47.318663,
      -22.753482
     ],
     [
      -47.318896,
      -22.752883
     ],
     [
      -47.319317,
      -22.751943
     ],
     [
      -47.319588,
      -22.751447
     ],
     [
      -47.320014,
      -22.750667
     ],
     [
      -47.322635,
      -22.745992
     ],
     [
      -47.323384,
      -22.744695
     ],
     [
      -47.323603,
      -22.744382
     ],
     [
      -47.323807,
      -22.744168
     ],
     [
      -47.323964,
      -22.744035
     ],
     [
      -47.324166,
      -22.743879
     ],
     [
      -47.324399,
      -22.743724
     ],
     [
      -47.325544,
      -22.743113
     ],
     [
      -47.325759,
      -22.742973
     ],
     [
      -47.325973,
      -22.742802
     ],
     [
      -47.326207,
      -22.742565
     ],
     [
      -47.326438,
      -22.742281
     ],
     [
      -47.326552,
      -22.742089
     ],
     [
      -47.326602,
      -22.741995
     ],
     [
      -47.326735,
      -22.741724
     ],
     [
      -47.327692,
      -22.73922
     ],
     [
      -47.328084,
      -22.738194
     ]
    ]
   }
  },
  {
   "type": "Feature",
   "properties": {
    "id": "cp-santa-barbara-piracicaba",
    "method": "osm-old",
    "osm_ways": [
     156065803,
     156193376,
     189242780,
     692782528,
     710529544,
     710529545
    ],
    "bridged_gap_m": 0,
    "generated": "2026-10-03"
   },
   "geometry": {
    "type": "LineString",
    "coordinates": [
     [
      -47.328084,
      -22.738194
     ],
     [
      -47.328711,
      -22.736548
     ],
     [
      -47.328776,
      -22.736392
     ],
     [
      -47.328854,
      -22.736235
     ],
     [
      -47.328992,
      -22.735994
     ],
     [
      -47.329164,
      -22.73578
     ],
     [
      -47.329365,
      -22.735541
     ],
     [
      -47.331666,
      -22.733209
     ],
     [
      -47.331915,
      -22.73293
     ],
     [
      -47.33207,
      -22.732718
     ],
     [
      -47.332237,
      -22.73244
     ],
     [
      -47.332371,
      -22.732163
     ],
     [
      -47.332471,
      -22.731888
     ],
     [
      -47.33254,
      -22.731606
     ],
     [
      -47.332578,
      -22.731297
     ],
     [
      -47.332588,
      -22.730984
     ],
     [
      -47.332549,
      -22.730708
     ],
     [
      -47.332507,
      -22.730446
     ],
     [
      -47.332453,
      -22.730186
     ],
     [
      -47.332363,
      -22.729864
     ],
     [
      -47.332263,
      -22.72955
     ],
     [
      -47.332135,
      -22.729169
     ],
     [
      -47.3319,
      -22.728467
     ],
     [
      -47.331693,
      -22.727953
     ],
     [
      -47.331575,
      -22.727731
     ],
     [
      -47.331403,
      -22.727483
     ],
     [
      -47.331095,
      -22.727171
     ],
     [
      -47.330706,
      -22.726771
     ],
     [
      -47.330287,
      -22.72635
     ],
     [
      -47.33003,
      -22.726019
     ],
     [
      -47.329885,
      -22.725776
     ],
     [
      -47.329783,
      -22.725566
     ],
     [
      -47.329697,
      -22.725343
     ],
     [
      -47.32965,
      -22.72513
     ],
     [
      -47.329634,
      -22.724946
     ],
     [
      -47.329636,
      -22.72475
     ],
     [
      -47.329578,
      -22.71944
     ],
     [
      -47.329578,
      -22.71921
     ],
     [
      -47.329586,
      -22.718968
     ],
     [
      -47.329617,
      -22.71878
     ],
     [
      -47.329675,
      -22.718555
     ],
     [
      -47.329763,
      -22.718315
     ],
     [
      -47.329862,
      -22.718109
     ],
     [
      -47.329972,
      -22.717912
     ],
     [
      -47.330121,
      -22.7177
     ],
     [
      -47.330265,
      -22.717534
     ],
     [
      -47.330451,
      -22.717349
     ],
     [
      -47.330631,
      -22.717201
     ],
     [
      -47.330856,
      -22.717055
     ],
     [
      -47.331092,
      -22.716928
     ],
     [
      -47.331336,
      -22.716819
     ],
     [
      -47.331584,
      -22.716728
     ],
     [
      -47.331809,
      -22.716665
     ],
     [
      -47.332098,
      -22.716617
     ],
     [
      -47.332435,
      -22.716599
     ],
     [
      -47.332776,
      -22.716602
     ],
     [
      -47.333622,
      -22.716632
     ],
     [
      -47.333978,
      -22.716642
     ],
     [
      -47.334359,
      -22.716593
     ],
     [
      -47.33471,
      -22.716483
     ],
     [
      -47.335054,
      -22.71634
     ],
     [
      -47.335373,
      -22.716147
     ],
     [
      -47.335633,
      -22.715964
     ],
     [
      -47.335917,
      -22.715721
     ],
     [
      -47.336121,
      -22.715484
     ],
     [
      -47.336304,
      -22.715211
     ],
     [
      -47.336644,
      -22.714574
     ],
     [
      -47.337087,
      -22.713757
     ],
     [
      -47.337293,
      -22.713346
     ],
     [
      -47.337516,
      -22.712886
     ],
     [
      -47.337698,
      -22.712544
     ],
     [
      -47.33794,
      -22.712188
     ],
     [
      -47.338248,
      -22.711812
     ],
     [
      -47.338457,
      -22.711619
     ],
     [
      -47.338659,
      -22.711436
     ],
     [
      -47.338919,
      -22.711233
     ],
     [
      -47.339181,
      -22.7111
     ],
     [
      -47.339581,
      -22.710911
     ],
     [
      -47.340118,
      -22.710738
     ],
     [
      -47.340408,
      -22.710669
     ],
     [
      -47.341392,
      -22.710476
     ],
     [
      -47.342022,
      -22.710352
     ],
     [
      -47.342475,
      -22.710249
     ],
     [
      -47.342797,
      -22.71015
     ],
     [
      -47.343047,
      -22.710026
     ],
     [
      -47.343374,
      -22.709818
     ],
     [
      -47.343728,
      -22.70956
     ],
     [
      -47.343975,
      -22.709274
     ],
     [
      -47.344398,
      -22.708808
     ],
     [
      -47.344768,
      -22.708379
     ],
     [
      -47.345171,
      -22.707957
     ],
     [
      -47.345588,
      -22.707499
     ],
     [
      -47.347092,
      -22.705808
     ],
     [
      -47.347473,
      -22.705254
     ],
     [
      -47.347778,
      -22.704606
     ],
     [
      -47.348029,
      -22.703903
     ],
     [
      -47.348319,
      -22.702961
     ],
     [
      -47.349082,
      -22.700532
     ],
     [
      -47.349471,
      -22.699304
     ],
     [
      -47.349994,
      -22.698138
     ],
     [
      -47.350952,
      -22.696649
     ],
     [
      -47.353654,
      -22.694335
     ],
     [
      -47.355655,
      -22.692779
     ],
     [
      -47.356834,
      -22.691746
     ],
     [
      -47.359357,
      -22.689762
     ],
     [
      -47.361268,
      -22.687792
     ],
     [
      -47.361716,
      -22.687035
     ],
     [
      -47.361985,
      -22.686126
     ],
     [
      -47.362269,
      -22.684211
     ],
     [
      -47.362806,
      -22.681282
     ],
     [
      -47.362863,
      -22.680775
     ],
     [
      -47.362968,
      -22.680132
     ],
     [
      -47.362994,
      -22.679913
     ],
     [
      -47.363046,
      -22.679579
     ],
     [
      -47.363076,
      -22.679222
     ],
     [
      -47.363069,
      -22.678894
     ],
     [
      -47.363051,
      -22.678572
     ],
     [
      -47.362983,
      -22.67813
     ],
     [
      -47.362893,
      -22.677689
     ],
     [
      -47.36277,
      -22.677296
     ],
     [
      -47.362655,
      -22.676954
     ],
     [
      -47.362517,
      -22.676669
     ],
     [
      -47.362336,
      -22.676303
     ],
     [
      -47.36214,
      -22.676001
     ],
     [
      -47.361917,
      -22.675723
     ],
     [
      -47.361738,
      -22.675519
     ],
     [
      -47.361355,
      -22.675153
     ],
     [
      -47.360936,
      -22.674789
     ],
     [
      -47.360465,
      -22.674375
     ],
     [
      -47.360003,
      -22.673943
     ],
     [
      -47.35938,
      -22.673405
     ],
     [
      -47.358942,
      -22.67301
     ],
     [
      -47.358325,
      -22.672429
     ],
     [
      -47.356969,
      -22.671271
     ],
     [
      -47.356779,
      -22.671138
     ],
     [
      -47.356496,
      -22.670963
     ],
     [
      -47.356173,
      -22.670813
     ],
     [
      -47.356069,
      -22.670767
     ],
     [
      -47.354312,
      -22.670035
     ],
     [
      -47.353923,
      -22.669818
     ],
     [
      -47.353573,
      -22.669593
     ],
     [
      -47.353237,
      -22.669293
     ],
     [
      -47.352954,
      -22.668948
     ],
     [
      -47.352729,
      -22.66859
     ],
     [
      -47.352597,
      -22.668313
     ],
     [
      -47.352475,
      -22.667991
     ],
     [
      -47.352396,
      -22.667565
     ],
     [
      -47.352384,
      -22.667205
     ],
     [
      -47.352415,
      -22.666205
     ],
     [
      -47.352433,
      -22.664352
     ]
    ]
   }
  },
  {
   "type": "Feature",
   "properties": {
    "id": "cp-piracicaba-limeira",
    "method": "osm-old",
    "osm_ways": [
     156064981,
     156065170,
     189242788,
     692782523,
     692782524,
     692782525,
     692782526,
     692782527,
     710529542,
     710529543,
     710529550,
     710529551,
     710534060,
     710534061,
     710534062,
     710534063
    ],
    "bridged_gap_m": 0,
    "generated": "2026-10-03"
   },
   "geometry": {
    "type": "LineString",
    "coordinates": [
     [
      -47.352433,
      -22.664352
     ],
     [
      -47.352433,
      -22.663978
     ],
     [
      -47.352461,
      -22.661436
     ],
     [
      -47.352462,
      -22.661271
     ],
     [
      -47.352465,
      -22.66076
     ],
     [
      -47.352466,
      -22.660571
     ],
     [
      -47.352471,
      -22.660153
     ],
     [
      -47.352472,
      -22.659973
     ],
     [
      -47.352506,
      -22.658309
     ],
     [
      -47.352498,
      -22.655809
     ],
     [
      -47.352448,
      -22.65512
     ],
     [
      -47.352369,
      -22.654433
     ],
     [
      -47.352136,
      -22.652855
     ],
     [
      -47.351894,
      -22.651052
     ],
     [
      -47.351668,
      -22.649437
     ],
     [
      -47.351629,
      -22.649185
     ],
     [
      -47.351288,
      -22.646616
     ],
     [
      -47.351229,
      -22.646192
     ],
     [
      -47.351212,
      -22.645737
     ],
     [
      -47.351229,
      -22.645406
     ],
     [
      -47.351302,
      -22.645114
     ],
     [
      -47.351389,
      -22.64487
     ],
     [
      -47.351505,
      -22.644627
     ],
     [
      -47.351643,
      -22.644406
     ],
     [
      -47.351827,
      -22.644124
     ],
     [
      -47.352144,
      -22.643639
     ],
     [
      -47.352366,
      -22.643323
     ],
     [
      -47.352522,
      -22.643092
     ],
     [
      -47.352637,
      -22.642872
     ],
     [
      -47.35274,
      -22.642649
     ],
     [
      -47.352814,
      -22.642442
     ],
     [
      -47.352857,
      -22.642251
     ],
     [
      -47.35288,
      -22.642129
     ],
     [
      -47.352896,
      -22.642004
     ],
     [
      -47.352904,
      -22.641791
     ],
     [
      -47.352896,
      -22.641564
     ],
     [
      -47.352869,
      -22.641359
     ],
     [
      -47.352813,
      -22.641131
     ],
     [
      -47.352743,
      -22.640903
     ],
     [
      -47.352669,
      -22.640677
     ],
     [
      -47.352593,
      -22.640425
     ],
     [
      -47.352534,
      -22.640192
     ],
     [
      -47.352485,
      -22.639956
     ],
     [
      -47.352463,
      -22.639691
     ],
     [
      -47.352465,
      -22.639448
     ],
     [
      -47.352481,
      -22.639223
     ],
     [
      -47.352531,
      -22.638995
     ],
     [
      -47.352602,
      -22.638733
     ],
     [
      -47.352698,
      -22.638462
     ],
     [
      -47.352918,
      -22.637841
     ],
     [
      -47.35297,
      -22.637685
     ],
     [
      -47.353034,
      -22.637461
     ],
     [
      -47.353087,
      -22.63721
     ],
     [
      -47.353127,
      -22.636989
     ],
     [
      -47.353147,
      -22.636772
     ],
     [
      -47.353156,
      -22.636539
     ],
     [
      -47.353152,
      -22.636311
     ],
     [
      -47.353135,
      -22.636074
     ],
     [
      -47.35305,
      -22.635128
     ],
     [
      -47.353037,
      -22.634999
     ],
     [
      -47.352542,
      -22.631005
     ],
     [
      -47.352155,
      -22.627548
     ],
     [
      -47.35209,
      -22.627065
     ],
     [
      -47.352055,
      -22.626584
     ],
     [
      -47.352113,
      -22.6261
     ],
     [
      -47.352197,
      -22.625733
     ],
     [
      -47.352309,
      -22.6254
     ],
     [
      -47.352476,
      -22.625014
     ],
     [
      -47.352612,
      -22.624768
     ],
     [
      -47.352785,
      -22.624522
     ],
     [
      -47.352905,
      -22.624365
     ],
     [
      -47.35313,
      -22.624126
     ],
     [
      -47.353375,
      -22.623906
     ],
     [
      -47.353656,
      -22.623694
     ],
     [
      -47.353886,
      -22.623544
     ],
     [
      -47.354148,
      -22.623407
     ],
     [
      -47.35446,
      -22.623272
     ],
     [
      -47.354793,
      -22.62315
     ],
     [
      -47.355193,
      -22.623044
     ],
     [
      -47.355558,
      -22.622976
     ],
     [
      -47.357022,
      -22.622725
     ],
     [
      -47.357396,
      -22.622656
     ],
     [
      -47.357743,
      -22.622557
     ],
     [
      -47.358089,
      -22.622412
     ],
     [
      -47.358293,
      -22.622312
     ],
     [
      -47.358539,
      -22.622159
     ],
     [
      -47.358763,
      -22.621981
     ],
     [
      -47.359092,
      -22.621651
     ],
     [
      -47.359357,
      -22.621235
     ],
     [
      -47.359634,
      -22.620768
     ],
     [
      -47.360222,
      -22.619721
     ],
     [
      -47.360498,
      -22.619283
     ],
     [
      -47.360824,
      -22.618799
     ],
     [
      -47.361197,
      -22.618431
     ],
     [
      -47.361469,
      -22.618206
     ],
     [
      -47.361853,
      -22.617999
     ],
     [
      -47.362283,
      -22.617824
     ],
     [
      -47.363667,
      -22.617461
     ],
     [
      -47.364222,
      -22.617288
     ],
     [
      -47.364641,
      -22.617081
     ],
     [
      -47.365049,
      -22.616774
     ],
     [
      -47.365399,
      -22.616422
     ],
     [
      -47.365595,
      -22.616145
     ],
     [
      -47.373722,
      -22.601673
     ],
     [
      -47.374091,
      -22.601074
     ],
     [
      -47.374277,
      -22.600815
     ],
     [
      -47.374585,
      -22.600506
     ],
     [
      -47.375032,
      -22.600162
     ],
     [
      -47.377978,
      -22.598197
     ],
     [
      -47.378548,
      -22.597825
     ],
     [
      -47.378834,
      -22.597626
     ],
     [
      -47.379069,
      -22.597451
     ],
     [
      -47.379302,
      -22.597245
     ],
     [
      -47.379458,
      -22.597088
     ],
     [
      -47.379634,
      -22.596878
     ],
     [
      -47.379836,
      -22.596599
     ],
     [
      -47.379948,
      -22.596401
     ],
     [
      -47.380031,
      -22.596248
     ],
     [
      -47.380348,
      -22.595504
     ],
     [
      -47.38358,
      -22.586775
     ],
     [
      -47.384006,
      -22.585653
     ],
     [
      -47.384173,
      -22.585236
     ],
     [
      -47.384319,
      -22.584924
     ],
     [
      -47.384477,
      -22.584627
     ],
     [
      -47.384651,
      -22.584342
     ],
     [
      -47.384805,
      -22.584106
     ],
     [
      -47.384986,
      -22.583869
     ],
     [
      -47.385453,
      -22.583281
     ],
     [
      -47.385596,
      -22.583119
     ],
     [
      -47.385985,
      -22.582627
     ],
     [
      -47.386342,
      -22.582178
     ],
     [
      -47.386449,
      -22.582043
     ],
     [
      -47.386876,
      -22.581554
     ],
     [
      -47.387899,
      -22.580195
     ],
     [
      -47.38812,
      -22.579878
     ],
     [
      -47.388295,
      -22.579577
     ],
     [
      -47.388432,
      -22.579315
     ],
     [
      -47.388537,
      -22.579083
     ],
     [
      -47.388912,
      -22.578089
     ],
     [
      -47.389216,
      -22.577348
     ],
     [
      -47.389356,
      -22.577054
     ],
     [
      -47.389557,
      -22.576733
     ],
     [
      -47.389791,
      -22.576398
     ],
     [
      -47.390023,
      -22.576134
     ],
     [
      -47.390176,
      -22.575973
     ],
     [
      -47.390384,
      -22.575777
     ],
     [
      -47.391273,
      -22.575054
     ],
     [
      -47.391599,
      -22.574795
     ],
     [
      -47.392295,
      -22.574244
     ],
     [
      -47.393697,
      -22.573114
     ],
     [
      -47.395759,
      -22.571451
     ],
     [
      -47.396291,
      -22.571018
     ],
     [
      -47.396486,
      -22.570841
     ],
     [
      -47.396659,
      -22.57067
     ],
     [
      -47.396785,
      -22.570528
     ],
     [
      -47.396888,
      -22.570384
     ],
     [
      -47.397001,
      -22.57023
     ],
     [
      -47.397105,
      -22.570079
     ],
     [
      -47.397222,
      -22.569882
     ],
     [
      -47.397319,
      -22.569684
     ],
     [
      -47.397397,
      -22.569503
     ],
     [
      -47.397453,
      -22.569337
     ],
     [
      -47.397512,
      -22.56915
     ],
     [
      -47.397562,
      -22.568962
     ],
     [
      -47.397593,
      -22.568791
     ],
     [
      -47.39762,
      -22.568617
     ],
     [
      -47.397635,
      -22.568425
     ],
     [
      -47.397646,
      -22.568241
     ],
     [
      -47.39767,
      -22.567522
     ],
     [
      -47.3977,
      -22.566734
     ],
     [
      -47.39774,
      -22.565993
     ],
     [
      -47.397774,
      -22.565324
     ],
     [
      -47.397809,
      -22.564206
     ]
    ]
   }
  },
  {
   "type": "Feature",
   "properties": {
    "id": "cp-limeira-rio-claro",
    "method": "osm-old",
    "osm_ways": [
     131745800,
     156066214,
     157851435,
     157852374,
     171489907,
     189242783,
     191984395,
     191984396,
     239833423,
     239834059,
     239834060,
     239834061,
     239834062,
     710534064,
     710534065,
     710534066,
     710534067,
     891893974,
     891893975,
     1161212193,
     1529981699,
     1529981700,
     1530030745,
     1530030747
    ],
    "bridged_gap_m": 531,
    "generated": "2026-10-03"
   },
   "geometry": {
    "type": "LineString",
    "coordinates": [
     [
      -47.397809,
      -22.564206
     ],
     [
      -47.39782,
      -22.563633
     ],
     [
      -47.397854,
      -22.562986
     ],
     [
      -47.397864,
      -22.562793
     ],
     [
      -47.39788,
      -22.562608
     ],
     [
      -47.397909,
      -22.562456
     ],
     [
      -47.397954,
      -22.562277
     ],
     [
      -47.398,
      -22.562118
     ],
     [
      -47.398052,
      -22.561965
     ],
     [
      -47.398133,
      -22.561769
     ],
     [
      -47.398235,
      -22.56151
     ],
     [
      -47.398374,
      -22.561224
     ],
     [
      -47.398909,
      -22.560249
     ],
     [
      -47.39914,
      -22.559847
     ],
     [
      -47.399316,
      -22.559526
     ],
     [
      -47.399829,
      -22.558397
     ],
     [
      -47.399939,
      -22.558056
     ],
     [
      -47.400024,
      -22.557725
     ],
     [
      -47.400272,
      -22.556742
     ],
     [
      -47.400497,
      -22.555784
     ],
     [
      -47.400593,
      -22.555436
     ],
     [
      -47.400695,
      -22.555153
     ],
     [
      -47.400833,
      -22.554822
     ],
     [
      -47.401015,
      -22.554468
     ],
     [
      -47.401381,
      -22.553845
     ],
     [
      -47.401782,
      -22.553194
     ],
     [
      -47.402085,
      -22.552792
     ],
     [
      -47.402406,
      -22.552394
     ],
     [
      -47.402816,
      -22.552023
     ],
     [
      -47.402842,
      -22.552002
     ],
     [
      -47.402882,
      -22.551972
     ],
     [
      -47.403355,
      -22.551624
     ],
     [
      -47.403703,
      -22.551416
     ],
     [
      -47.40404,
      -22.551235
     ],
     [
      -47.406481,
      -22.550289
     ],
     [
      -47.406588,
      -22.550247
     ],
     [
      -47.406915,
      -22.550102
     ],
     [
      -47.407221,
      -22.549953
     ],
     [
      -47.407539,
      -22.549754
     ],
     [
      -47.407833,
      -22.549517
     ],
     [
      -47.408101,
      -22.549252
     ],
     [
      -47.408347,
      -22.548973
     ],
     [
      -47.408534,
      -22.54866
     ],
     [
      -47.408709,
      -22.548351
     ],
     [
      -47.409464,
      -22.546376
     ],
     [
      -47.410823,
      -22.542948
     ],
     [
      -47.410956,
      -22.542586
     ],
     [
      -47.411348,
      -22.541607
     ],
     [
      -47.411478,
      -22.541284
     ],
     [
      -47.411677,
      -22.540916
     ],
     [
      -47.411834,
      -22.540664
     ],
     [
      -47.411991,
      -22.540432
     ],
     [
      -47.41231,
      -22.539947
     ],
     [
      -47.412677,
      -22.539495
     ],
     [
      -47.413321,
      -22.538766
     ],
     [
      -47.414191,
      -22.538087
     ],
     [
      -47.417048,
      -22.536377
     ],
     [
      -47.418149,
      -22.535713
     ],
     [
      -47.419138,
      -22.535033
     ],
     [
      -47.419819,
      -22.534431
     ],
     [
      -47.420529,
      -22.533789
     ],
     [
      -47.420676,
      -22.533638
     ],
     [
      -47.421567,
      -22.532658
     ],
     [
      -47.422657,
      -22.531148
     ],
     [
      -47.423455,
      -22.529408
     ],
     [
      -47.424373,
      -22.527818
     ],
     [
      -47.425446,
      -22.52655
     ],
     [
      -47.427592,
      -22.524885
     ],
     [
      -47.429351,
      -22.524013
     ],
     [
      -47.431615,
      -22.522833
     ],
     [
      -47.432372,
      -22.522353
     ],
     [
      -47.433224,
      -22.521657
     ],
     [
      -47.433775,
      -22.521117
     ],
     [
      -47.436165,
      -22.51884
     ],
     [
      -47.43729,
      -22.517711
     ],
     [
      -47.438407,
      -22.516663
     ],
     [
      -47.438773,
      -22.516267
     ],
     [
      -47.439743,
      -22.514997
     ],
     [
      -47.440188,
      -22.514201
     ],
     [
      -47.44069,
      -22.513104
     ],
     [
      -47.441067,
      -22.511924
     ],
     [
      -47.441307,
      -22.510632
     ],
     [
      -47.441352,
      -22.510238
     ],
     [
      -47.441472,
      -22.509388
     ],
     [
      -47.44178,
      -22.506626
     ],
     [
      -47.442165,
      -22.502682
     ],
     [
      -47.442399,
      -22.501528
     ],
     [
      -47.442773,
      -22.500454
     ],
     [
      -47.443316,
      -22.499316
     ],
     [
      -47.444437,
      -22.497589
     ],
     [
      -47.445293,
      -22.496406
     ],
     [
      -47.446175,
      -22.495251
     ],
     [
      -47.446798,
      -22.494251
     ],
     [
      -47.447473,
      -22.493324
     ],
     [
      -47.448415,
      -22.492018
     ],
     [
      -47.44961,
      -22.490432
     ],
     [
      -47.450155,
      -22.489645
     ],
     [
      -47.450991,
      -22.488673
     ],
     [
      -47.451924,
      -22.487893
     ],
     [
      -47.452634,
      -22.48724
     ],
     [
      -47.452797,
      -22.487057
     ],
     [
      -47.4529,
      -22.486937
     ],
     [
      -47.453266,
      -22.486214
     ],
     [
      -47.453346,
      -22.485952
     ],
     [
      -47.453396,
      -22.48567
     ],
     [
      -47.453465,
      -22.484848
     ],
     [
      -47.453496,
      -22.483541
     ],
     [
      -47.453519,
      -22.482495
     ],
     [
      -47.453576,
      -22.481181
     ],
     [
      -47.453519,
      -22.482495
     ],
     [
      -47.453567,
      -22.482172
     ],
     [
      -47.453632,
      -22.481922
     ],
     [
      -47.453725,
      -22.481673
     ],
     [
      -47.453837,
      -22.481424
     ],
     [
      -47.45399,
      -22.481174
     ],
     [
      -47.45416,
      -22.480938
     ],
     [
      -47.454336,
      -22.480737
     ],
     [
      -47.454588,
      -22.480505
     ],
     [
      -47.454822,
      -22.480328
     ],
     [
      -47.455018,
      -22.480203
     ],
     [
      -47.455188,
      -22.480103
     ],
     [
      -47.455367,
      -22.480012
     ],
     [
      -47.455827,
      -22.479827
     ],
     [
      -47.456362,
      -22.479621
     ],
     [
      -47.456902,
      -22.479409
     ],
     [
      -47.457449,
      -22.479197
     ],
     [
      -47.457859,
      -22.479035
     ],
     [
      -47.458205,
      -22.478893
     ],
     [
      -47.458432,
      -22.478798
     ],
     [
      -47.45864,
      -22.478699
     ],
     [
      -47.458808,
      -22.478614
     ],
     [
      -47.459002,
      -22.478505
     ],
     [
      -47.45928,
      -22.478339
     ],
     [
      -47.459559,
      -22.478145
     ],
     [
      -47.459794,
      -22.477954
     ],
     [
      -47.459931,
      -22.477835
     ],
     [
      -47.46013,
      -22.477644
     ],
     [
      -47.460322,
      -22.47745
     ],
     [
      -47.460444,
      -22.47731
     ],
     [
      -47.460566,
      -22.477162
     ],
     [
      -47.461116,
      -22.476446
     ],
     [
      -47.461462,
      -22.475988
     ],
     [
      -47.462106,
      -22.475106
     ],
     [
      -47.462506,
      -22.47462
     ],
     [
      -47.462608,
      -22.474505
     ],
     [
      -47.462703,
      -22.474406
     ],
     [
      -47.462801,
      -22.474311
     ],
     [
      -47.46292,
      -22.474206
     ],
     [
      -47.46335,
      -22.473857
     ],
     [
      -47.463659,
      -22.473606
     ],
     [
      -47.464267,
      -22.473218
     ],
     [
      -47.464921,
      -22.472867
     ],
     [
      -47.465724,
      -22.472538
     ],
     [
      -47.470144,
      -22.470916
     ],
     [
      -47.473417,
      -22.469667
     ],
     [
      -47.474696,
      -22.469209
     ],
     [
      -47.47526,
      -22.469025
     ],
     [
      -47.475823,
      -22.468906
     ],
     [
      -47.476445,
      -22.468874
     ],
     [
      -47.476923,
      -22.468908
     ],
     [
      -47.477428,
      -22.469007
     ],
     [
      -47.48227,
      -22.470404
     ],
     [
      -47.484119,
      -22.470938
     ],
     [
      -47.484463,
      -22.471009
     ],
     [
      -47.484915,
      -22.471056
     ],
     [
      -47.485393,
      -22.471051
     ],
     [
      -47.485861,
      -22.470997
     ],
     [
      -47.486231,
      -22.470918
     ],
     [
      -47.486534,
      -22.470816
     ],
     [
      -47.486976,
      -22.470611
     ],
     [
      -47.487377,
      -22.470392
     ],
     [
      -47.487747,
      -22.470102
     ],
     [
      -47.488024,
      -22.469835
     ],
     [
      -47.488333,
      -22.469465
     ],
     [
      -47.488615,
      -22.469025
     ],
     [
      -47.48884,
      -22.468555
     ],
     [
      -47.489405,
      -22.467517
     ],
     [
      -47.489691,
      -22.467092
     ],
     [
      -47.489888,
      -22.466887
     ],
     [
      -47.4901,
      -22.466685
     ],
     [
      -47.491954,
      -22.465475
     ],
     [
      -47.510877,
      -22.45355
     ],
     [
      -47.511262,
      -22.453332
     ],
     [
      -47.511643,
      -22.453144
     ],
     [
      -47.512333,
      -22.452891
     ],
     [
      -47.512934,
      -22.452751
     ],
     [
      -47.513563,
      -22.452648
     ],
     [
      -47.514163,
      -22.452623
     ],
     [
      -47.514781,
      -22.452655
     ],
     [
      -47.515342,
      -22.452741
     ],
     [
      -47.516762,
      -22.453132
     ],
     [
      -47.51978,
      -22.454029
     ],
     [
      -47.520916,
      -22.454338
     ],
     [
      -47.521628,
      -22.45445
     ],
     [
      -47.521985,
      -22.454492
     ],
     [
      -47.522335,
      -22.454508
     ],
     [
      -47.522674,
      -22.454512
     ],
     [
      -47.52302,
      -22.45449
     ],
     [
      -47.523691,
      -22.454429
     ],
     [
      -47.52416,
      -22.454366
     ],
     [
      -47.524624,
      -22.454276
     ],
     [
      -47.525127,
      -22.454153
     ],
     [
      -47.525604,
      -22.453998
     ],
     [
      -47.533025,
      -22.451544
     ],
     [
      -47.534053,
      -22.451216
     ],
     [
      -47.534279,
      -22.451166
     ],
     [
      -47.535092,
      -22.451084
     ],
     [
      -47.535976,
      -22.451039
     ],
     [
      -47.537707,
      -22.450993
     ],
     [
      -47.539426,
      -22.450936
     ],
     [
      -47.541011,
      -22.450902
     ],
     [
      -47.542572,
      -22.45078
     ],
     [
      -47.543512,
      -22.450663
     ],
     [
      -47.544768,
      -22.450409
     ],
     [
      -47.546415,
      -22.450009
     ],
     [
      -47.546917,
      -22.449927
     ],
     [
      -47.547418,
      -22.449892
     ],
     [
      -47.547872,
      -22.449915
     ],
     [
      -47.548305,
      -22.44999
     ],
     [
      -47.548805,
      -22.450108
     ],
     [
      -47.549244,
      -22.450263
     ],
     [
      -47.549984,
      -22.450548
     ],
     [
      -47.550512,
      -22.450702
     ],
     [
      -47.551062,
      -22.450899
     ],
     [
      -47.551583,
      -22.451089
     ],
     [
      -47.551906,
      -22.451194
     ],
     [
      -47.552223,
      -22.451267
     ],
     [
      -47.552571,
      -22.451301
     ],
     [
      -47.55294,
      -22.451309
     ],
     [
      -47.553332,
      -22.451261
     ],
     [
      -47.55369,
      -22.451184
     ],
     [
      -47.554036,
      -22.451059
     ],
     [
      -47.554336,
      -22.45091
     ],
     [
      -47.554626,
      -22.450728
     ],
     [
      -47.554859,
      -22.450553
     ],
     [
      -47.55507,
      -22.450364
     ],
     [
      -47.555234,
      -22.450177
     ],
     [
      -47.555375,
      -22.44999
     ],
     [
      -47.555504,
      -22.449804
     ],
     [
      -47.555683,
      -22.449473
     ],
     [
      -47.555815,
      -22.449196
     ],
     [
      -47.555893,
      -22.448984
     ],
     [
      -47.555951,
      -22.448762
     ],
     [
      -47.555995,
      -22.448404
     ],
     [
      -47.555988,
      -22.448008
     ],
     [
      -47.555932,
      -22.447658
     ],
     [
      -47.555719,
      -22.446779
     ],
     [
      -47.555576,
      -22.4462
     ],
     [
      -47.555288,
      -22.445053
     ],
     [
      -47.555209,
      -22.444607
     ],
     [
      -47.555186,
      -22.444302
     ],
     [
      -47.555195,
      -22.444005
     ],
     [
      -47.555216,
      -22.443768
     ],
     [
      -47.555269,
      -22.443493
     ],
     [
      -47.55536,
      -22.443202
     ],
     [
      -47.555465,
      -22.442975
     ],
     [
      -47.555563,
      -22.442776
     ],
     [
      -47.555686,
      -22.44259
     ],
     [
      -47.556041,
      -22.442088
     ],
     [
      -47.55662,
      -22.441249
     ],
     [
      -47.556743,
      -22.441003
     ],
     [
      -47.556821,
      -22.440736
     ],
     [
      -47.556889,
      -22.440522
     ],
     [
      -47.556927,
      -22.440302
     ],
     [
      -47.556917,
      -22.439959
     ],
     [
      -47.556878,
      -22.439559
     ],
     [
      -47.556813,
      -22.439263
     ],
     [
      -47.556705,
      -22.43896
     ],
     [
      -47.556539,
      -22.438633
     ],
     [
      -47.556019,
      -22.437814
     ],
     [
      -47.555327,
      -22.436716
     ],
     [
      -47.554287,
      -22.435142
     ],
     [
      -47.553884,
      -22.434367
     ],
     [
      -47.553758,
      -22.434053
     ],
     [
      -47.553667,
      -22.433749
     ],
     [
      -47.553578,
      -22.433377
     ],
     [
      -47.553521,
      -22.433005
     ],
     [
      -47.553495,
      -22.432634
     ],
     [
      -47.553489,
      -22.432274
     ],
     [
      -47.553513,
      -22.431838
     ],
     [
      -47.553579,
      -22.431436
     ],
     [
      -47.553754,
      -22.430118
     ],
     [
      -47.553939,
      -22.428878
     ],
     [
      -47.55396,
      -22.428551
     ],
     [
      -47.553947,
      -22.428258
     ],
     [
      -47.553932,
      -22.427895
     ],
     [
      -47.553878,
      -22.427572
     ],
     [
      -47.5538,
      -22.427288
     ],
     [
      -47.553698,
      -22.427027
     ],
     [
      -47.553502,
      -22.426642
     ],
     [
      -47.553271,
      -22.426266
     ],
     [
      -47.552849,
      -22.425674
     ],
     [
      -47.552399,
      -22.425062
     ],
     [
      -47.552125,
      -22.424654
     ],
     [
      -47.551899,
      -22.424239
     ],
     [
      -47.551799,
      -22.42401
     ],
     [
      -47.551724,
      -22.423787
     ],
     [
      -47.551614,
      -22.423353
     ],
     [
      -47.551578,
      -22.422954
     ],
     [
      -47.551577,
      -22.422615
     ],
     [
      -47.551626,
      -22.422303
     ],
     [
      -47.551914,
      -22.421009
     ],
     [
      -47.552028,
      -22.420511
     ],
     [
      -47.552109,
      -22.420186
     ],
     [
      -47.552168,
      -22.419926
     ],
     [
      -47.55274,
      -22.417493
     ],
     [
      -47.55298,
      -22.416437
     ],
     [
      -47.55308,
      -22.416084
     ],
     [
      -47.553169,
      -22.415791
     ],
     [
      -47.553292,
      -22.415482
     ],
     [
      -47.553441,
      -22.415179
     ],
     [
      -47.553572,
      -22.414929
     ],
     [
      -47.553802,
      -22.414597
     ],
     [
      -47.554021,
      -22.414315
     ],
     [
      -47.554296,
      -22.414026
     ],
     [
      -47.554574,
      -22.413787
     ],
     [
      -47.554856,
      -22.413542
     ],
     [
      -47.555724,
      -22.412814
     ],
     [
      -47.556106,
      -22.41246
     ],
     [
      -47.556394,
      -22.412077
     ],
     [
      -47.556615,
      -22.411632
     ],
     [
      -47.556655,
      -22.411546
     ],
     [
      -47.55846,
      -22.407075
     ]
    ]
   }
  }
 ]
}
