{
 "type": "FeatureCollection",
 "attribution": "© OpenStreetMap contributors (ODbL 1.0) — geometria derivada; ver LICENSE-DATA.md",
 "features": [
  {
   "type": "Feature",
   "properties": {
    "id": "nob-bauru-presidente-alves",
    "method": "osm-current",
    "osm_ways": [
     169386735,
     169386737,
     169386738,
     169386739,
     169386740,
     169386741,
     169386742,
     394627053,
     394627126,
     394627144,
     394627155,
     642264803,
     746157317
    ],
    "bridged_gap_m": 0,
    "generated": "2026-10-03"
   },
   "geometry": {
    "type": "LineString",
    "coordinates": [
     [
      -49.069148,
      -22.315999
     ],
     [
      -49.071107,
      -22.316437
     ],
     [
      -49.071416,
      -22.316514
     ],
     [
      -49.07161,
      -22.316579
     ],
     [
      -49.071792,
      -22.316679
     ],
     [
      -49.072026,
      -22.316802
     ],
     [
      -49.072293,
      -22.316961
     ],
     [
      -49.072521,
      -22.31713
     ],
     [
      -49.073791,
      -22.318124
     ],
     [
      -49.074599,
      -22.318777
     ],
     [
      -49.075597,
      -22.319567
     ],
     [
      -49.076319,
      -22.320143
     ],
     [
      -49.076592,
      -22.32032
     ],
     [
      -49.076845,
      -22.32052
     ],
     [
      -49.077047,
      -22.320676
     ],
     [
      -49.077267,
      -22.320881
     ],
     [
      -49.077494,
      -22.321158
     ],
     [
      -49.077861,
      -22.321722
     ],
     [
      -49.079637,
      -22.324511
     ],
     [
      -49.079785,
      -22.324665
     ],
     [
      -49.079947,
      -22.324801
     ],
     [
      -49.080121,
      -22.324916
     ],
     [
      -49.080327,
      -22.325027
     ],
     [
      -49.080568,
      -22.325123
     ],
     [
      -49.080819,
      -22.32519
     ],
     [
      -49.081098,
      -22.325231
     ],
     [
      -49.081363,
      -22.325245
     ],
     [
      -49.081657,
      -22.32522
     ],
     [
      -49.081955,
      -22.325147
     ],
     [
      -49.082309,
      -22.325016
     ],
     [
      -49.085128,
      -22.323713
     ],
     [
      -49.085528,
      -22.323556
     ],
     [
      -49.08596,
      -22.323425
     ],
     [
      -49.086423,
      -22.323256
     ],
     [
      -49.090066,
      -22.321998
     ],
     [
      -49.090137,
      -22.321973
     ],
     [
      -49.091928,
      -22.321346
     ],
     [
      -49.09494,
      -22.320311
     ],
     [
      -49.095187,
      -22.320238
     ],
     [
      -49.095503,
      -22.320153
     ],
     [
      -49.095775,
      -22.320102
     ],
     [
      -49.096009,
      -22.320068
     ],
     [
      -49.096274,
      -22.32003
     ],
     [
      -49.096583,
      -22.320005
     ],
     [
      -49.09687,
      -22.319993
     ],
     [
      -49.097118,
      -22.319996
     ],
     [
      -49.097395,
      -22.320017
     ],
     [
      -49.097888,
      -22.320093
     ],
     [
      -49.098448,
      -22.320211
     ],
     [
      -49.098925,
      -22.320361
     ],
     [
      -49.099541,
      -22.320587
     ],
     [
      -49.100562,
      -22.321033
     ],
     [
      -49.100624,
      -22.321057
     ],
     [
      -49.101747,
      -22.321496
     ],
     [
      -49.103483,
      -22.322266
     ],
     [
      -49.103822,
      -22.322417
     ],
     [
      -49.104759,
      -22.322792
     ],
     [
      -49.106307,
      -22.323413
     ],
     [
      -49.107551,
      -22.323937
     ],
     [
      -49.108241,
      -22.324227
     ],
     [
      -49.108836,
      -22.324444
     ],
     [
      -49.10899,
      -22.324497
     ],
     [
      -49.109261,
      -22.324592
     ],
     [
      -49.109535,
      -22.324664
     ],
     [
      -49.109663,
      -22.324697
     ],
     [
      -49.110017,
      -22.324767
     ],
     [
      -49.110065,
      -22.324772
     ],
     [
      -49.110378,
      -22.324807
     ],
     [
      -49.110686,
      -22.324832
     ],
     [
      -49.11072,
      -22.324832
     ],
     [
      -49.111009,
      -22.324829
     ],
     [
      -49.111233,
      -22.324814
     ],
     [
      -49.111544,
      -22.324794
     ],
     [
      -49.112058,
      -22.324744
     ],
     [
      -49.113557,
      -22.324597
     ],
     [
      -49.114391,
      -22.324532
     ],
     [
      -49.114454,
      -22.324527
     ],
     [
      -49.114733,
      -22.324486
     ],
     [
      -49.115003,
      -22.324431
     ],
     [
      -49.115041,
      -22.324417
     ],
     [
      -49.115299,
      -22.324328
     ],
     [
      -49.115512,
      -22.324236
     ],
     [
      -49.115548,
      -22.32422
     ],
     [
      -49.115797,
      -22.324079
     ],
     [
      -49.115877,
      -22.324027
     ],
     [
      -49.116064,
      -22.323907
     ],
     [
      -49.116313,
      -22.323709
     ],
     [
      -49.116497,
      -22.323519
     ],
     [
      -49.116535,
      -22.323475
     ],
     [
      -49.116561,
      -22.323437
     ],
     [
      -49.116759,
      -22.323151
     ],
     [
      -49.116824,
      -22.32303
     ],
     [
      -49.117381,
      -22.321979
     ],
     [
      -49.117669,
      -22.321439
     ],
     [
      -49.117836,
      -22.32116
     ],
     [
      -49.118025,
      -22.320932
     ],
     [
      -49.118214,
      -22.320713
     ],
     [
      -49.118357,
      -22.320567
     ],
     [
      -49.118412,
      -22.320511
     ],
     [
      -49.118575,
      -22.320387
     ],
     [
      -49.11872,
      -22.320282
     ],
     [
      -49.118789,
      -22.320232
     ],
     [
      -49.11909,
      -22.320039
     ],
     [
      -49.119231,
      -22.31996
     ],
     [
      -49.119708,
      -22.319691
     ],
     [
      -49.12051,
      -22.31927
     ],
     [
      -49.121236,
      -22.318889
     ],
     [
      -49.121382,
      -22.31883
     ],
     [
      -49.121547,
      -22.318763
     ],
     [
      -49.121846,
      -22.318663
     ],
     [
      -49.121895,
      -22.318649
     ],
     [
      -49.122132,
      -22.318584
     ],
     [
      -49.122517,
      -22.318501
     ],
     [
      -49.122833,
      -22.318456
     ],
     [
      -49.12309,
      -22.318434
     ],
     [
      -49.123498,
      -22.318415
     ],
     [
      -49.123821,
      -22.3184
     ],
     [
      -49.123905,
      -22.318396
     ],
     [
      -49.124851,
      -22.318352
     ],
     [
      -49.125457,
      -22.318324
     ],
     [
      -49.12575,
      -22.31831
     ],
     [
      -49.125978,
      -22.318303
     ],
     [
      -49.126076,
      -22.318299
     ],
     [
      -49.126339,
      -22.318289
     ],
     [
      -49.126518,
      -22.318282
     ],
     [
      -49.126833,
      -22.318225
     ],
     [
      -49.1269,
      -22.318213
     ],
     [
      -49.127144,
      -22.318149
     ],
     [
      -49.127192,
      -22.318136
     ],
     [
      -49.127467,
      -22.31802
     ],
     [
      -49.127497,
      -22.318007
     ],
     [
      -49.127772,
      -22.317857
     ],
     [
      -49.127865,
      -22.317796
     ],
     [
      -49.128008,
      -22.317703
     ],
     [
      -49.128235,
      -22.317509
     ],
     [
      -49.129334,
      -22.316552
     ],
     [
      -49.129605,
      -22.316316
     ],
     [
      -49.129787,
      -22.31618
     ],
     [
      -49.129835,
      -22.316144
     ],
     [
      -49.130115,
      -22.315954
     ],
     [
      -49.130145,
      -22.315934
     ],
     [
      -49.130442,
      -22.315779
     ],
     [
      -49.130497,
      -22.315749
     ],
     [
      -49.130824,
      -22.315621
     ],
     [
      -49.13102,
      -22.315552
     ],
     [
      -49.131128,
      -22.315513
     ],
     [
      -49.131558,
      -22.315415
     ],
     [
      -49.131615,
      -22.315408
     ],
     [
      -49.132013,
      -22.315363
     ],
     [
      -49.132182,
      -22.315361
     ],
     [
      -49.132451,
      -22.315359
     ],
     [
      -49.132591,
      -22.315369
     ],
     [
      -49.132747,
      -22.31538
     ],
     [
      -49.133064,
      -22.31544
     ],
     [
      -49.133211,
      -22.315467
     ],
     [
      -49.133597,
      -22.315536
     ],
     [
      -49.133923,
      -22.315595
     ],
     [
      -49.134162,
      -22.31563
     ],
     [
      -49.134357,
      -22.315659
     ],
     [
      -49.134397,
      -22.315661
     ],
     [
      -49.134756,
      -22.315676
     ],
     [
      -49.134862,
      -22.315667
     ],
     [
      -49.135099,
      -22.315646
     ],
     [
      -49.135238,
      -22.31562
     ],
     [
      -49.135464,
      -22.315578
     ],
     [
      -49.135574,
      -22.315549
     ],
     [
      -49.135756,
      -22.3155
     ],
     [
      -49.135904,
      -22.315446
     ],
     [
      -49.136094,
      -22.315377
     ],
     [
      -49.136159,
      -22.315353
     ],
     [
      -49.136281,
      -22.315286
     ],
     [
      -49.136612,
      -22.315104
     ],
     [
      -49.136668,
      -22.315074
     ],
     [
      -49.136966,
      -22.314819
     ],
     [
      -49.137179,
      -22.314603
     ],
     [
      -49.13732,
      -22.31446
     ],
     [
      -49.13758,
      -22.314056
     ],
     [
      -49.137785,
      -22.313628
     ],
     [
      -49.13794,
      -22.313287
     ],
     [
      -49.138193,
      -22.312622
     ],
     [
      -49.138455,
      -22.311972
     ],
     [
      -49.138731,
      -22.311368
     ],
     [
      -49.138877,
      -22.311083
     ],
     [
      -49.139026,
      -22.310878
     ],
     [
      -49.139181,
      -22.310683
     ],
     [
      -49.139358,
      -22.310515
     ],
     [
      -49.13964,
      -22.310267
     ],
     [
      -49.139907,
      -22.310103
     ],
     [
      -49.140177,
      -22.309969
     ],
     [
      -49.140366,
      -22.309897
     ],
     [
      -49.140566,
      -22.309833
     ],
     [
      -49.140763,
      -22.309778
     ],
     [
      -49.14129,
      -22.309662
     ],
     [
      -49.14163,
      -22.309594
     ],
     [
      -49.141986,
      -22.309492
     ],
     [
      -49.142256,
      -22.309374
     ],
     [
      -49.142551,
      -22.309197
     ],
     [
      -49.142777,
      -22.309033
     ],
     [
      -49.142991,
      -22.308844
     ],
     [
      -49.143168,
      -22.308627
     ],
     [
      -49.143364,
      -22.308316
     ],
     [
      -49.143481,
      -22.308118
     ],
     [
      -49.144787,
      -22.305553
     ],
     [
      -49.147342,
      -22.30046
     ],
     [
      -49.147894,
      -22.299395
     ],
     [
      -49.148046,
      -22.299148
     ],
     [
      -49.148198,
      -22.298948
     ],
     [
      -49.148376,
      -22.29879
     ],
     [
      -49.148569,
      -22.298619
     ],
     [
      -49.149117,
      -22.298188
     ],
     [
      -49.151279,
      -22.296488
     ],
     [
      -49.15185,
      -22.296045
     ],
     [
      -49.15195,
      -22.295967
     ],
     [
      -49.152113,
      -22.295839
     ],
     [
      -49.152325,
      -22.295607
     ],
     [
      -49.152481,
      -22.295385
     ],
     [
      -49.152633,
      -22.29511
     ],
     [
      -49.152753,
      -22.294812
     ],
     [
      -49.152836,
      -22.294495
     ],
     [
      -49.152899,
      -22.293911
     ],
     [
      -49.152972,
      -22.293569
     ],
     [
      -49.15307,
      -22.293249
     ],
     [
      -49.153238,
      -22.2929
     ],
     [
      -49.1534,
      -22.292637
     ],
     [
      -49.153581,
      -22.292418
     ],
     [
      -49.153787,
      -22.292225
     ],
     [
      -49.154082,
      -22.29199
     ],
     [
      -49.154332,
      -22.291829
     ],
     [
      -49.154586,
      -22.291699
     ],
     [
      -49.154893,
      -22.291584
     ],
     [
      -49.155347,
      -22.29147
     ],
     [
      -49.155711,
      -22.291438
     ],
     [
      -49.156012,
      -22.291435
     ],
     [
      -49.156453,
      -22.291479
     ],
     [
      -49.15683,
      -22.291571
     ],
     [
      -49.158212,
      -22.291993
     ],
     [
      -49.160894,
      -22.292817
     ],
     [
      -49.161744,
      -22.293061
     ],
     [
      -49.162029,
      -22.293112
     ],
     [
      -49.162387,
      -22.293147
     ],
     [
      -49.162739,
      -22.293156
     ],
     [
      -49.163107,
      -22.293118
     ],
     [
      -49.163531,
      -22.293045
     ],
     [
      -49.163883,
      -22.292938
     ],
     [
      -49.164245,
      -22.292811
     ],
     [
      -49.164742,
      -22.29257
     ],
     [
      -49.164983,
      -22.292421
     ],
     [
      -49.165196,
      -22.292234
     ],
     [
      -49.16549,
      -22.291949
     ],
     [
      -49.165804,
      -22.291565
     ],
     [
      -49.166039,
      -22.291194
     ],
     [
      -49.166216,
      -22.290842
     ],
     [
      -49.166343,
      -22.290481
     ],
     [
      -49.166483,
      -22.289974
     ],
     [
      -49.166768,
      -22.28856
     ],
     [
      -49.167475,
      -22.285282
     ],
     [
      -49.16757,
      -22.284842
     ],
     [
      -49.16764,
      -22.284585
     ],
     [
      -49.167751,
      -22.284293
     ],
     [
      -49.16789,
      -22.283995
     ],
     [
      -49.168158,
      -22.283626
     ],
     [
      -49.168443,
      -22.283315
     ],
     [
      -49.16889,
      -22.282998
     ],
     [
      -49.169356,
      -22.282777
     ],
     [
      -49.169855,
      -22.282615
     ],
     [
      -49.170412,
      -22.282557
     ],
     [
      -49.174028,
      -22.282214
     ],
     [
      -49.176189,
      -22.282032
     ],
     [
      -49.176635,
      -22.281949
     ],
     [
      -49.176746,
      -22.281928
     ],
     [
      -49.177433,
      -22.281624
     ],
     [
      -49.177958,
      -22.281254
     ],
     [
      -49.178288,
      -22.280859
     ],
     [
      -49.17856,
      -22.280425
     ],
     [
      -49.178716,
      -22.279997
     ],
     [
      -49.17878,
      -22.279453
     ],
     [
      -49.178787,
      -22.278864
     ],
     [
      -49.178735,
      -22.277924
     ],
     [
      -49.178599,
      -22.276065
     ],
     [
      -49.178618,
      -22.275663
     ],
     [
      -49.178716,
      -22.275151
     ],
     [
      -49.178949,
      -22.274639
     ],
     [
      -49.179292,
      -22.274186
     ],
     [
      -49.179713,
      -22.273817
     ],
     [
      -49.18018,
      -22.273519
     ],
     [
      -49.180692,
      -22.273337
     ],
     [
      -49.181204,
      -22.273266
     ],
     [
      -49.185441,
      -22.272916
     ],
     [
      -49.189283,
      -22.272644
     ],
     [
      -49.189827,
      -22.272592
     ],
     [
      -49.190417,
      -22.272488
     ],
     [
      -49.191032,
      -22.272281
     ],
     [
      -49.19146,
      -22.272041
     ],
     [
      -49.191855,
      -22.271789
     ],
     [
      -49.195068,
      -22.26954
     ],
     [
      -49.195459,
      -22.269251
     ],
     [
      -49.195764,
      -22.268933
     ],
     [
      -49.195969,
      -22.268589
     ],
     [
      -49.196168,
      -22.268172
     ],
     [
      -49.19679,
      -22.266305
     ],
     [
      -49.198949,
      -22.25973
     ],
     [
      -49.199148,
      -22.259123
     ],
     [
      -49.199284,
      -22.258524
     ],
     [
      -49.199326,
      -22.257953
     ],
     [
      -49.199322,
      -22.257363
     ],
     [
      -49.19927,
      -22.256914
     ],
     [
      -49.199148,
      -22.256408
     ],
     [
      -49.198989,
      -22.25579
     ],
     [
      -49.198086,
      -22.252363
     ],
     [
      -49.197969,
      -22.251904
     ],
     [
      -49.197894,
      -22.251464
     ],
     [
      -49.197866,
      -22.251005
     ],
     [
      -49.197889,
      -22.250603
     ],
     [
      -49.197973,
      -22.250195
     ],
     [
      -49.198104,
      -22.249793
     ],
     [
      -49.198249,
      -22.249451
     ],
     [
      -49.198502,
      -22.249067
     ],
     [
      -49.19875,
      -22.248758
     ],
     [
      -49.199036,
      -22.248463
     ],
     [
      -49.199359,
      -22.248206
     ],
     [
      -49.199804,
      -22.247887
     ],
     [
      -49.203629,
      -22.245387
     ],
     [
      -49.208095,
      -22.242456
     ],
     [
      -49.211887,
      -22.239924
     ],
     [
      -49.214214,
      -22.238397
     ],
     [
      -49.214514,
      -22.238238
     ],
     [
      -49.214827,
      -22.238121
     ],
     [
      -49.215211,
      -22.238027
     ],
     [
      -49.215581,
      -22.237971
     ],
     [
      -49.215951,
      -22.237967
     ],
     [
      -49.216293,
      -22.237999
     ],
     [
      -49.216639,
      -22.238079
     ],
     [
      -49.217018,
      -22.238219
     ],
     [
      -49.217313,
      -22.238355
     ],
     [
      -49.217651,
      -22.238561
     ],
     [
      -49.21861,
      -22.239156
     ],
     [
      -49.218699,
      -22.239212
     ],
     [
      -49.219027,
      -22.239423
     ],
     [
      -49.219416,
      -22.239591
     ],
     [
      -49.21994,
      -22.239722
     ],
     [
      -49.220371,
      -22.239774
     ],
     [
      -49.22075,
      -22.239764
     ],
     [
      -49.221223,
      -22.239694
     ],
     [
      -49.222885,
      -22.239418
     ],
     [
      -49.223241,
      -22.239324
     ],
     [
      -49.223373,
      -22.23926
     ],
     [
      -49.22354,
      -22.239179
     ],
     [
      -49.223849,
      -22.238992
     ],
     [
      -49.224135,
      -22.238795
     ],
     [
      -49.225488,
      -22.237751
     ],
     [
      -49.226204,
      -22.237203
     ],
     [
      -49.226443,
      -22.236974
     ],
     [
      -49.226649,
      -22.236703
     ],
     [
      -49.226813,
      -22.236384
     ],
     [
      -49.226991,
      -22.235925
     ],
     [
      -49.227131,
      -22.235687
     ],
     [
      -49.227337,
      -22.23542
     ],
     [
      -49.229434,
      -22.232672
     ],
     [
      -49.229589,
      -22.232381
     ],
     [
      -49.229715,
      -22.232044
     ],
     [
      -49.229786,
      -22.231618
     ],
     [
      -49.229978,
      -22.230485
     ],
     [
      -49.230081,
      -22.2302
     ],
     [
      -49.230235,
      -22.229919
     ],
     [
      -49.230422,
      -22.229647
     ],
     [
      -49.230652,
      -22.229371
     ],
     [
      -49.230993,
      -22.229039
     ],
     [
      -49.231765,
      -22.228333
     ],
     [
      -49.232086,
      -22.228003
     ],
     [
      -49.23232,
      -22.227696
     ],
     [
      -49.232584,
      -22.227199
     ],
     [
      -49.233048,
      -22.226113
     ],
     [
      -49.23321,
      -22.225816
     ],
     [
      -49.233454,
      -22.225491
     ],
     [
      -49.233703,
      -22.225185
     ],
     [
      -49.234861,
      -22.223835
     ],
     [
      -49.235076,
      -22.223481
     ],
     [
      -49.235282,
      -22.223055
     ],
     [
      -49.235378,
      -22.222701
     ],
     [
      -49.235435,
      -22.222271
     ],
     [
      -49.235497,
      -22.221855
     ],
     [
      -49.235593,
      -22.221596
     ],
     [
      -49.235703,
      -22.221347
     ],
     [
      -49.235875,
      -22.221065
     ],
     [
      -49.237626,
      -22.218171
     ],
     [
      -49.238009,
      -22.217429
     ],
     [
      -49.238095,
      -22.217065
     ],
     [
      -49.238134,
      -22.216764
     ],
     [
      -49.2381,
      -22.21641
     ],
     [
      -49.238014,
      -22.21597
     ],
     [
      -49.237947,
      -22.215453
     ],
     [
      -49.237966,
      -22.215022
     ],
     [
      -49.238081,
      -22.214668
     ],
     [
      -49.23822,
      -22.214377
     ],
     [
      -49.238425,
      -22.214142
     ],
     [
      -49.238645,
      -22.213917
     ],
     [
      -49.238961,
      -22.213716
     ],
     [
      -49.240798,
      -22.212635
     ],
     [
      -49.241138,
      -22.212511
     ],
     [
      -49.241483,
      -22.212424
     ],
     [
      -49.241861,
      -22.21242
     ],
     [
      -49.242224,
      -22.212487
     ],
     [
      -49.242569,
      -22.212606
     ],
     [
      -49.242966,
      -22.212817
     ],
     [
      -49.244229,
      -22.213616
     ],
     [
      -49.244771,
      -22.213904
     ],
     [
      -49.245248,
      -22.21407
     ],
     [
      -49.245636,
      -22.214173
     ],
     [
      -49.246175,
      -22.214236
     ],
     [
      -49.248892,
      -22.214408
     ],
     [
      -49.251375,
      -22.214567
     ],
     [
      -49.251907,
      -22.214554
     ],
     [
      -49.252626,
      -22.214478
     ],
     [
      -49.254231,
      -22.214291
     ],
     [
      -49.255378,
      -22.214166
     ],
     [
      -49.255828,
      -22.214049
     ],
     [
      -49.256208,
      -22.2138
     ],
     [
      -49.256561,
      -22.213489
     ],
     [
      -49.25757,
      -22.212597
     ],
     [
      -49.257944,
      -22.212334
     ],
     [
      -49.258386,
      -22.212196
     ],
     [
      -49.258829,
      -22.21212
     ],
     [
      -49.259361,
      -22.212099
     ],
     [
      -49.262708,
      -22.212127
     ],
     [
      -49.26315,
      -22.212099
     ],
     [
      -49.263572,
      -22.212016
     ],
     [
      -49.263862,
      -22.211864
     ],
     [
      -49.264305,
      -22.211539
     ],
     [
      -49.26454,
      -22.211214
     ],
     [
      -49.264775,
      -22.210847
     ],
     [
      -49.266822,
      -22.207044
     ],
     [
      -49.267085,
      -22.206713
     ],
     [
      -49.267375,
      -22.206422
     ],
     [
      -49.267755,
      -22.206139
     ],
     [
      -49.26815,
      -22.205931
     ],
     [
      -49.268606,
      -22.205772
     ],
     [
      -49.269083,
      -22.205703
     ],
     [
      -49.270639,
      -22.205544
     ],
     [
      -49.271124,
      -22.205395
     ],
     [
      -49.271662,
      -22.205164
     ],
     [
      -49.272229,
      -22.204839
     ],
     [
      -49.276841,
      -22.201907
     ],
     [
      -49.277436,
      -22.201603
     ],
     [
      -49.277754,
      -22.201485
     ],
     [
      -49.277846,
      -22.201476
     ],
     [
      -49.278348,
      -22.201416
     ],
     [
      -49.278867,
      -22.201444
     ],
     [
      -49.279351,
      -22.201568
     ],
     [
      -49.280527,
      -22.201893
     ],
     [
      -49.280948,
      -22.201955
     ],
     [
      -49.281377,
      -22.201948
     ],
     [
      -49.281785,
      -22.201907
     ],
     [
      -49.282338,
      -22.201769
     ],
     [
      -49.282843,
      -22.201499
     ],
     [
      -49.283272,
      -22.201188
     ],
     [
      -49.283714,
      -22.200662
     ],
     [
      -49.28397,
      -22.200137
     ],
     [
      -49.284115,
      -22.199632
     ],
     [
      -49.284136,
      -22.199113
     ],
     [
      -49.284081,
      -22.198678
     ],
     [
      -49.283901,
      -22.198104
     ],
     [
      -49.283244,
      -22.196431
     ],
     [
      -49.283154,
      -22.195926
     ],
     [
      -49.28313,
      -22.195589
     ],
     [
      -49.283159,
      -22.195281
     ],
     [
      -49.283281,
      -22.19489
     ],
     [
      -49.283418,
      -22.194543
     ],
     [
      -49.283604,
      -22.194225
     ],
     [
      -49.284068,
      -22.193717
     ],
     [
      -49.284504,
      -22.193409
     ],
     [
      -49.284836,
      -22.193257
     ],
     [
      -49.285261,
      -22.193101
     ],
     [
      -49.285609,
      -22.193027
     ],
     [
      -49.285946,
      -22.192998
     ],
     [
      -49.286347,
      -22.193017
     ],
     [
      -49.286816,
      -22.193081
     ],
     [
      -49.287212,
      -22.193198
     ],
     [
      -49.28754,
      -22.19336
     ],
     [
      -49.287897,
      -22.193585
     ],
     [
      -49.28821,
      -22.193858
     ],
     [
      -49.289212,
      -22.194978
     ],
     [
      -49.289491,
      -22.195227
     ],
     [
      -49.289804,
      -22.195447
     ],
     [
      -49.290239,
      -22.195677
     ],
     [
      -49.290576,
      -22.19578
     ],
     [
      -49.290923,
      -22.195843
     ],
     [
      -49.292982,
      -22.196127
     ],
     [
      -49.298414,
      -22.196836
     ],
     [
      -49.299326,
      -22.196928
     ],
     [
      -49.300024,
      -22.196942
     ],
     [
      -49.302804,
      -22.196935
     ],
     [
      -49.303378,
      -22.196914
     ],
     [
      -49.303876,
      -22.196818
     ],
     [
      -49.304298,
      -22.196645
     ],
     [
      -49.304685,
      -22.196417
     ],
     [
      -49.305044,
      -22.196126
     ],
     [
      -49.305328,
      -22.19576
     ],
     [
      -49.30557,
      -22.195262
     ],
     [
      -49.305722,
      -22.194743
     ],
     [
      -49.305736,
      -22.194294
     ],
     [
      -49.305701,
      -22.19392
     ],
     [
      -49.30548,
      -22.193243
     ],
     [
      -49.305266,
      -22.192703
     ],
     [
      -49.305141,
      -22.192226
     ],
     [
      -49.305148,
      -22.191811
     ],
     [
      -49.305224,
      -22.19139
     ],
     [
      -49.305411,
      -22.190954
     ],
     [
      -49.305681,
      -22.190608
     ],
     [
      -49.306054,
      -22.190276
     ],
     [
      -49.306545,
      -22.189965
     ],
     [
      -49.306974,
      -22.189834
     ],
     [
      -49.30743,
      -22.189779
     ],
     [
      -49.307852,
      -22.189806
     ],
     [
      -49.308294,
      -22.189882
     ],
     [
      -49.308737,
      -22.190041
     ],
     [
      -49.309083,
      -22.190235
     ],
     [
      -49.309463,
      -22.190588
     ],
     [
      -49.309781,
      -22.191058
     ],
     [
      -49.309975,
      -22.191549
     ],
     [
      -49.310064,
      -22.192053
     ],
     [
      -49.31012,
      -22.193554
     ],
     [
      -49.310168,
      -22.19399
     ],
     [
      -49.310265,
      -22.194301
     ],
     [
      -49.310424,
      -22.194743
     ],
     [
      -49.310707,
      -22.195207
     ],
     [
      -49.311005,
      -22.195566
     ],
     [
      -49.311378,
      -22.195946
     ],
     [
      -49.311779,
      -22.196258
     ],
     [
      -49.312146,
      -22.196458
     ],
     [
      -49.312899,
      -22.196797
     ],
     [
      -49.313854,
      -22.197156
     ],
     [
      -49.314338,
      -22.197267
     ],
     [
      -49.314773,
      -22.197295
     ],
     [
      -49.315257,
      -22.19726
     ],
     [
      -49.315658,
      -22.197156
     ],
     [
      -49.316066,
      -22.197025
     ],
     [
      -49.316419,
      -22.196804
     ],
     [
      -49.316792,
      -22.196513
     ],
     [
      -49.317186,
      -22.196043
     ],
     [
      -49.319461,
      -22.192828
     ],
     [
      -49.322372,
      -22.188728
     ],
     [
      -49.322974,
      -22.188071
     ],
     [
      -49.323327,
      -22.187808
     ],
     [
      -49.323824,
      -22.187483
     ],
     [
      -49.324571,
      -22.187061
     ],
     [
      -49.325657,
      -22.186487
     ],
     [
      -49.325866,
      -22.186284
     ],
     [
      -49.326125,
      -22.185986
     ],
     [
      -49.326356,
      -22.185665
     ],
     [
      -49.326502,
      -22.185368
     ],
     [
      -49.326595,
      -22.185139
     ],
     [
      -49.326671,
      -22.184825
     ],
     [
      -49.326723,
      -22.184465
     ],
     [
      -49.326716,
      -22.184071
     ],
     [
      -49.326678,
      -22.183781
     ],
     [
      -49.326581,
      -22.18338
     ],
     [
      -49.326267,
      -22.18247
     ],
     [
      -49.326191,
      -22.182097
     ],
     [
      -49.326173,
      -22.18181
     ],
     [
      -49.326191,
      -22.181502
     ],
     [
      -49.326225,
      -22.181236
     ],
     [
      -49.326291,
      -22.180953
     ],
     [
      -49.326564,
      -22.179867
     ],
     [
      -49.326619,
      -22.179542
     ],
     [
      -49.326654,
      -22.179234
     ],
     [
      -49.326619,
      -22.178823
     ],
     [
      -49.32656,
      -22.17854
     ],
     [
      -49.32646,
      -22.178221
     ],
     [
      -49.326308,
      -22.177896
     ],
     [
      -49.326159,
      -22.177599
     ],
     [
      -49.325347,
      -22.176016
     ],
     [
      -49.325226,
      -22.175708
     ],
     [
      -49.325143,
      -22.175411
     ],
     [
      -49.325108,
      -22.17512
     ],
     [
      -49.325108,
      -22.174788
     ],
     [
      -49.325146,
      -22.17445
     ],
     [
      -49.32524,
      -22.174107
     ],
     [
      -49.325354,
      -22.173824
     ],
     [
      -49.325492,
      -22.173575
     ],
     [
      -49.325665,
      -22.173312
     ],
     [
      -49.325897,
      -22.172976
     ],
     [
      -49.326108,
      -22.172671
     ],
     [
      -49.326346,
      -22.172327
     ],
     [
      -49.32654,
      -22.172005
     ],
     [
      -49.326664,
      -22.171698
     ],
     [
      -49.326768,
      -22.171411
     ],
     [
      -49.326799,
      -22.171106
     ],
     [
      -49.327225,
      -22.167698
     ],
     [
      -49.327259,
      -22.167337
     ],
     [
      -49.327282,
      -22.166994
     ],
     [
      -49.327273,
      -22.166801
     ],
     [
      -49.327233,
      -22.166579
     ],
     [
      -49.327123,
      -22.16618
     ],
     [
      -49.327016,
      -22.165919
     ],
     [
      -49.326886,
      -22.165708
     ],
     [
      -49.326745,
      -22.165535
     ],
     [
      -49.32651,
      -22.165266
     ],
     [
      -49.32615,
      -22.164921
     ],
     [
      -49.324354,
      -22.163337
     ],
     [
      -49.324082,
      -22.163051
     ],
     [
      -49.323919,
      -22.162834
     ],
     [
      -49.323791,
      -22.162621
     ],
     [
      -49.323706,
      -22.16243
     ],
     [
      -49.32362,
      -22.162186
     ],
     [
      -49.323554,
      -22.161993
     ],
     [
      -49.323498,
      -22.161773
     ],
     [
      -49.3231,
      -22.160081
     ],
     [
      -49.322943,
      -22.159406
     ],
     [
      -49.322872,
      -22.159193
     ],
     [
      -49.322774,
      -22.158978
     ],
     [
      -49.322669,
      -22.158761
     ],
     [
      -49.322525,
      -22.158538
     ],
     [
      -49.322325,
      -22.158255
     ],
     [
      -49.322151,
      -22.158074
     ],
     [
      -49.321963,
      -22.157905
     ],
     [
      -49.32183,
      -22.157803
     ],
     [
      -49.321586,
      -22.157617
     ],
     [
      -49.321024,
      -22.157179
     ],
     [
      -49.320799,
      -22.156993
     ],
     [
      -49.320601,
      -22.156795
     ],
     [
      -49.320445,
      -22.156605
     ],
     [
      -49.320303,
      -22.156411
     ],
     [
      -49.3202,
      -22.156209
     ],
     [
      -49.320107,
      -22.155986
     ],
     [
      -49.320046,
      -22.155808
     ],
     [
      -49.319983,
      -22.155495
     ],
     [
      -49.319951,
      -22.15525
     ],
     [
      -49.319934,
      -22.155006
     ],
     [
      -49.319948,
      -22.154847
     ],
     [
      -49.319987,
      -22.154561
     ],
     [
      -49.320085,
      -22.154223
     ],
     [
      -49.320161,
      -22.154016
     ],
     [
      -49.320259,
      -22.153842
     ],
     [
      -49.320379,
      -22.153639
     ],
     [
      -49.320572,
      -22.153402
     ],
     [
      -49.320765,
      -22.153182
     ],
     [
      -49.321007,
      -22.152969
     ],
     [
      -49.321264,
      -22.152796
     ],
     [
      -49.321474,
      -22.152674
     ],
     [
      -49.321753,
      -22.152549
     ],
     [
      -49.322026,
      -22.152461
     ],
     [
      -49.322356,
      -22.152388
     ],
     [
      -49.322638,
      -22.152351
     ],
     [
      -49.322902,
      -22.152348
     ],
     [
      -49.323126,
      -22.152366
     ],
     [
      -49.323317,
      -22.15239
     ],
     [
      -49.323576,
      -22.152441
     ],
     [
      -49.323921,
      -22.152542
     ],
     [
      -49.324217,
      -22.152666
     ],
     [
      -49.324503,
      -22.15282
     ],
     [
      -49.32474,
      -22.152989
     ],
     [
      -49.324948,
      -22.153172
     ],
     [
      -49.325114,
      -22.15336
     ],
     [
      -49.325285,
      -22.153585
     ],
     [
      -49.32541,
      -22.153771
     ],
     [
      -49.325666,
      -22.154248
     ],
     [
      -49.325972,
      -22.154808
     ],
     [
      -49.326158,
      -22.155072
     ],
     [
      -49.326439,
      -22.155394
     ],
     [
      -49.326696,
      -22.155654
     ],
     [
      -49.327933,
      -22.156893
     ],
     [
      -49.329006,
      -22.157927
     ],
     [
      -49.329099,
      -22.158022
     ],
     [
      -49.329221,
      -22.158145
     ],
     [
      -49.329408,
      -22.158336
     ],
     [
      -49.329492,
      -22.158421
     ],
     [
      -49.329595,
      -22.158524
     ],
     [
      -49.329815,
      -22.158697
     ],
     [
      -49.330038,
      -22.158832
     ],
     [
      -49.330271,
      -22.158948
     ],
     [
      -49.330316,
      -22.158971
     ],
     [
      -49.330622,
      -22.159086
     ],
     [
      -49.331218,
      -22.159267
     ],
     [
      -49.332186,
      -22.159561
     ],
     [
      -49.332856,
      -22.159775
     ],
     [
      -49.333032,
      -22.159849
     ],
     [
      -49.333242,
      -22.159968
     ],
     [
      -49.333411,
      -22.160081
     ],
     [
      -49.333609,
      -22.160235
     ],
     [
      -49.333785,
      -22.160389
     ],
     [
      -49.334105,
      -22.160724
     ],
     [
      -49.334196,
      -22.160851
     ],
     [
      -49.334267,
      -22.160981
     ],
     [
      -49.334341,
      -22.161135
     ],
     [
      -49.334513,
      -22.161552
     ],
     [
      -49.334736,
      -22.162154
     ],
     [
      -49.334923,
      -22.162541
     ],
     [
      -49.335078,
      -22.162796
     ],
     [
      -49.335238,
      -22.163028
     ],
     [
      -49.335423,
      -22.163228
     ],
     [
      -49.335735,
      -22.163513
     ],
     [
      -49.336027,
      -22.163725
     ],
     [
      -49.336292,
      -22.16389
     ],
     [
      -49.336542,
      -22.164015
     ],
     [
      -49.336807,
      -22.16412
     ],
     [
      -49.337077,
      -22.164195
     ],
     [
      -49.337364,
      -22.164245
     ],
     [
      -49.337659,
      -22.164278
     ],
     [
      -49.337981,
      -22.164285
     ],
     [
      -49.338266,
      -22.164263
     ],
     [
      -49.338521,
      -22.164218
     ],
     [
      -49.338756,
      -22.164155
     ],
     [
      -49.338998,
      -22.16408
     ],
     [
      -49.339235,
      -22.163993
     ],
     [
      -49.339498,
      -22.16387
     ],
     [
      -49.34025,
      -22.163478
     ],
     [
      -49.340714,
      -22.163253
     ],
     [
      -49.341012,
      -22.16311
     ],
     [
      -49.341526,
      -22.162944
     ],
     [
      -49.341991,
      -22.162852
     ],
     [
      -49.342334,
      -22.162834
     ],
     [
      -49.342781,
      -22.162859
     ],
     [
      -49.343161,
      -22.16295
     ],
     [
      -49.343565,
      -22.163061
     ],
     [
      -49.343884,
      -22.163201
     ],
     [
      -49.344227,
      -22.16344
     ],
     [
      -49.344949,
      -22.163955
     ],
     [
      -49.345298,
      -22.164187
     ],
     [
      -49.345513,
      -22.164298
     ],
     [
      -49.345843,
      -22.164438
     ],
     [
      -49.346241,
      -22.16453
     ],
     [
      -49.346652,
      -22.164567
     ],
     [
      -49.346995,
      -22.164549
     ],
     [
      -49.352665,
      -22.163777
     ],
     [
      -49.35359,
      -22.163649
     ],
     [
      -49.354196,
      -22.163489
     ],
     [
      -49.354759,
      -22.163287
     ],
     [
      -49.357129,
      -22.162314
     ],
     [
      -49.357442,
      -22.162222
     ],
     [
      -49.357827,
      -22.162173
     ],
     [
      -49.358189,
      -22.16216
     ],
     [
      -49.358556,
      -22.162197
     ],
     [
      -49.359077,
      -22.162338
     ],
     [
      -49.359407,
      -22.162461
     ],
     [
      -49.359811,
      -22.162693
     ],
     [
      -49.360093,
      -22.162938
     ],
     [
      -49.360852,
      -22.163569
     ],
     [
      -49.361104,
      -22.163771
     ],
     [
      -49.361446,
      -22.163967
     ],
     [
      -49.361747,
      -22.164096
     ],
     [
      -49.362089,
      -22.164212
     ],
     [
      -49.36242,
      -22.164273
     ],
     [
      -49.362794,
      -22.164304
     ],
     [
      -49.363222,
      -22.164298
     ],
     [
      -49.363602,
      -22.164224
     ],
     [
      -49.363988,
      -22.164077
     ],
     [
      -49.364318,
      -22.16393
     ],
     [
      -49.365978,
      -22.163055
     ],
     [
      -49.366345,
      -22.162901
     ],
     [
      -49.366903,
      -22.16281
     ],
     [
      -49.36735,
      -22.162803
     ],
     [
      -49.367852,
      -22.162828
     ],
     [
      -49.370038,
      -22.162969
     ],
     [
      -49.370375,
      -22.162975
     ],
     [
      -49.37081,
      -22.162932
     ],
     [
      -49.371177,
      -22.162834
     ],
     [
      -49.371551,
      -22.162705
     ],
     [
      -49.37193,
      -22.16254
     ],
     [
      -49.372292,
      -22.162295
     ],
     [
      -49.372579,
      -22.161989
     ],
     [
      -49.372843,
      -22.161695
     ],
     [
      -49.373081,
      -22.161303
     ],
     [
      -49.373565,
      -22.159821
     ],
     [
      -49.37392,
      -22.159276
     ],
     [
      -49.374263,
      -22.158958
     ],
     [
      -49.374619,
      -22.158713
     ],
     [
      -49.375017,
      -22.158523
     ],
     [
      -49.375457,
      -22.158376
     ],
     [
      -49.375825,
      -22.158303
     ],
     [
      -49.376211,
      -22.158266
     ],
     [
      -49.376621,
      -22.15829
     ],
     [
      -49.377013,
      -22.158345
     ],
     [
      -49.377423,
      -22.158492
     ],
     [
      -49.377882,
      -22.158713
     ],
     [
      -49.379077,
      -22.159337
     ],
     [
      -49.379967,
      -22.159847
     ],
     [
      -49.380408,
      -22.160081
     ],
     [
      -49.380928,
      -22.160306
     ],
     [
      -49.386037,
      -22.162237
     ],
     [
      -49.386548,
      -22.162332
     ],
     [
      -49.387033,
      -22.16235
     ],
     [
      -49.387588,
      -22.162263
     ],
     [
      -49.388142,
      -22.162064
     ],
     [
      -49.388592,
      -22.161752
     ],
     [
      -49.390411,
      -22.159968
     ],
     [
      -49.390697,
      -22.15944
     ],
     [
      -49.390852,
      -22.158825
     ],
     [
      -49.391233,
      -22.15608
     ],
     [
      -49.391337,
      -22.155577
     ],
     [
      -49.391545,
      -22.154954
     ],
     [
      -49.393208,
      -22.150303
     ],
     [
      -49.393528,
      -22.149585
     ],
     [
      -49.393892,
      -22.149126
     ],
     [
      -49.394351,
      -22.14877
     ],
     [
      -49.394862,
      -22.148519
     ],
     [
      -49.395364,
      -22.148329
     ],
     [
      -49.395988,
      -22.148259
     ],
     [
      -49.398205,
      -22.148052
     ],
     [
      -49.398751,
      -22.147861
     ],
     [
      -49.399218,
      -22.147601
     ],
     [
      -49.399573,
      -22.147272
     ],
     [
      -49.399885,
      -22.146883
     ],
     [
      -49.400153,
      -22.146519
     ],
     [
      -49.401141,
      -22.144778
     ],
     [
      -49.401453,
      -22.144432
     ],
     [
      -49.401808,
      -22.144146
     ],
     [
      -49.402249,
      -22.143886
     ],
     [
      -49.402968,
      -22.143635
     ],
     [
      -49.403938,
      -22.143289
     ],
     [
      -49.404648,
      -22.143115
     ],
     [
      -49.406146,
      -22.142778
     ],
     [
      -49.408814,
      -22.142258
     ],
     [
      -49.409315,
      -22.142073
     ],
     [
      -49.409713,
      -22.141853
     ],
     [
      -49.410074,
      -22.141589
     ],
     [
      -49.410392,
      -22.141228
     ],
     [
      -49.411764,
      -22.139568
     ],
     [
      -49.411991,
      -22.139238
     ],
     [
      -49.41223,
      -22.138766
     ],
     [
      -49.41482,
      -22.133947
     ],
     [
      -49.415034,
      -22.133586
     ],
     [
      -49.415347,
      -22.13331
     ],
     [
      -49.415726,
      -22.133016
     ],
     [
      -49.416626,
      -22.132465
     ],
     [
      -49.418163,
      -22.131503
     ],
     [
      -49.4185,
      -22.131222
     ],
     [
      -49.418849,
      -22.130867
     ],
     [
      -49.419106,
      -22.130432
     ],
     [
      -49.41929,
      -22.129942
     ],
     [
      -49.421599,
      -22.122557
     ],
     [
      -49.421813,
      -22.122048
     ],
     [
      -49.422089,
      -22.12165
     ],
     [
      -49.422505,
      -22.121265
     ],
     [
      -49.423068,
      -22.120897
     ],
     [
      -49.42395,
      -22.120334
     ],
     [
      -49.425255,
      -22.119513
     ],
     [
      -49.425757,
      -22.11906
     ],
     [
      -49.426051,
      -22.118638
     ],
     [
      -49.426216,
      -22.118123
     ],
     [
      -49.427361,
      -22.115184
     ],
     [
      -49.427594,
      -22.114767
     ],
     [
      -49.427882,
      -22.114455
     ],
     [
      -49.428335,
      -22.114045
     ],
     [
      -49.42877,
      -22.113806
     ],
     [
      -49.429339,
      -22.113665
     ],
     [
      -49.43019,
      -22.113543
     ],
     [
      -49.43147,
      -22.113377
     ],
     [
      -49.431985,
      -22.113285
     ],
     [
      -49.432395,
      -22.113194
     ],
     [
      -49.432836,
      -22.113034
     ],
     [
      -49.432971,
      -22.112979
     ],
     [
      -49.43335,
      -22.112747
     ],
     [
      -49.433661,
      -22.112492
     ],
     [
      -49.433903,
      -22.112241
     ],
     [
      -49.434098,
      -22.111942
     ],
     [
      -49.435822,
      -22.109084
     ],
     [
      -49.436012,
      -22.108707
     ],
     [
      -49.436142,
      -22.108287
     ],
     [
      -49.436224,
      -22.107876
     ],
     [
      -49.436237,
      -22.107491
     ],
     [
      -49.436146,
      -22.105789
     ],
     [
      -49.436164,
      -22.105442
     ],
     [
      -49.436202,
      -22.105152
     ],
     [
      -49.436207,
      -22.105113
     ],
     [
      -49.436281,
      -22.10478
     ],
     [
      -49.436501,
      -22.103849
     ],
     [
      -49.43664,
      -22.103515
     ],
     [
      -49.436809,
      -22.103251
     ],
     [
      -49.43703,
      -22.103022
     ],
     [
      -49.437259,
      -22.102875
     ],
     [
      -49.437435,
      -22.102795
     ],
     [
      -49.437627,
      -22.102697
     ],
     [
      -49.43822,
      -22.102394
     ],
     [
      -49.438571,
      -22.102169
     ],
     [
      -49.438845,
      -22.101942
     ],
     [
      -49.440131,
      -22.100677
     ]
    ]
   }
  },
  {
   "type": "Feature",
   "properties": {
    "id": "nob-presidente-alves-lauro-muller",
    "method": "osm-current",
    "osm_ways": [
     169455843,
     200198574,
     200198575,
     200198587,
     200198588
    ],
    "bridged_gap_m": 0,
    "generated": "2026-10-03"
   },
   "geometry": {
    "type": "LineString",
    "coordinates": [
     [
      -49.440131,
      -22.100677
     ],
     [
      -49.440214,
      -22.100567
     ],
     [
      -49.441022,
      -22.099501
     ],
     [
      -49.441773,
      -22.098501
     ],
     [
      -49.442968,
      -22.096881
     ],
     [
      -49.443189,
      -22.096539
     ],
     [
      -49.443323,
      -22.096189
     ],
     [
      -49.443427,
      -22.095838
     ],
     [
      -49.443458,
      -22.095474
     ],
     [
      -49.443453,
      -22.095119
     ],
     [
      -49.443388,
      -22.094716
     ],
     [
      -49.443232,
      -22.094314
     ],
     [
      -49.443089,
      -22.094019
     ],
     [
      -49.442925,
      -22.093785
     ],
     [
      -49.442635,
      -22.093465
     ],
     [
      -49.442275,
      -22.093136
     ],
     [
      -49.441085,
      -22.092098
     ],
     [
      -49.440862,
      -22.091852
     ],
     [
      -49.440629,
      -22.091546
     ],
     [
      -49.440415,
      -22.091141
     ],
     [
      -49.440201,
      -22.090639
     ],
     [
      -49.440103,
      -22.090211
     ],
     [
      -49.440103,
      -22.089776
     ],
     [
      -49.44017,
      -22.089347
     ],
     [
      -49.440335,
      -22.088808
     ],
     [
      -49.440611,
      -22.088269
     ],
     [
      -49.440948,
      -22.087877
     ],
     [
      -49.441284,
      -22.087577
     ],
     [
      -49.44178,
      -22.087247
     ],
     [
      -49.442864,
      -22.086585
     ],
     [
      -49.446508,
      -22.084405
     ],
     [
      -49.447016,
      -22.084015
     ],
     [
      -49.447433,
      -22.083599
     ],
     [
      -49.447739,
      -22.082987
     ],
     [
      -49.451989,
      -22.073385
     ],
     [
      -49.452087,
      -22.072821
     ],
     [
      -49.452148,
      -22.07227
     ],
     [
      -49.452038,
      -22.071596
     ],
     [
      -49.451523,
      -22.067004
     ],
     [
      -49.451548,
      -22.066269
     ],
     [
      -49.451732,
      -22.065632
     ],
     [
      -49.452038,
      -22.065032
     ],
     [
      -49.452491,
      -22.064456
     ],
     [
      -49.454193,
      -22.062742
     ],
     [
      -49.454671,
      -22.062105
     ],
     [
      -49.454928,
      -22.061358
     ],
     [
      -49.455296,
      -22.059937
     ],
     [
      -49.4587,
      -22.04813
     ],
     [
      -49.45886,
      -22.047175
     ],
     [
      -49.458872,
      -22.046318
     ],
     [
      -49.458725,
      -22.045595
     ],
     [
      -49.458492,
      -22.044983
     ],
     [
      -49.458137,
      -22.044273
     ],
     [
      -49.457476,
      -22.043366
     ],
     [
      -49.455296,
      -22.040598
     ],
     [
      -49.454953,
      -22.040023
     ],
     [
      -49.454769,
      -22.039459
     ],
     [
      -49.454708,
      -22.038871
     ],
     [
      -49.454561,
      -22.035773
     ],
     [
      -49.454414,
      -22.035014
     ],
     [
      -49.454181,
      -22.03434
     ],
     [
      -49.453887,
      -22.033752
     ],
     [
      -49.452944,
      -22.03178
     ],
     [
      -49.452797,
      -22.030996
     ],
     [
      -49.452724,
      -22.030188
     ],
     [
      -49.452834,
      -22.029441
     ],
     [
      -49.452956,
      -22.028743
     ],
     [
      -49.4545,
      -22.024064
     ],
     [
      -49.455541,
      -22.020488
     ],
     [
      -49.455651,
      -22.019888
     ],
     [
      -49.4557,
      -22.019214
     ],
     [
      -49.455675,
      -22.018345
     ],
     [
      -49.455173,
      -22.013813
     ],
     [
      -49.455185,
      -22.013091
     ],
     [
      -49.455381,
      -22.012478
     ],
     [
      -49.455773,
      -22.011903
     ],
     [
      -49.456337,
      -22.011413
     ],
     [
      -49.457059,
      -22.011033
     ],
     [
      -49.457672,
      -22.010874
     ],
     [
      -49.458321,
      -22.010862
     ],
     [
      -49.464853,
      -22.010809
     ],
     [
      -49.465774,
      -22.010801
     ],
     [
      -49.46615,
      -22.010788
     ],
     [
      -49.466475,
      -22.010745
     ],
     [
      -49.466848,
      -22.010654
     ],
     [
      -49.46719,
      -22.010511
     ],
     [
      -49.467467,
      -22.010342
     ],
     [
      -49.46774,
      -22.010148
     ],
     [
      -49.467973,
      -22.009922
     ],
     [
      -49.46822,
      -22.009663
     ],
     [
      -49.468424,
      -22.009407
     ],
     [
      -49.468597,
      -22.009048
     ],
     [
      -49.468731,
      -22.00868
     ],
     [
      -49.468774,
      -22.008372
     ],
     [
      -49.468792,
      -22.008039
     ],
     [
      -49.468757,
      -22.007692
     ],
     [
      -49.468662,
      -22.007368
     ],
     [
      -49.467701,
      -22.004865
     ],
     [
      -49.467558,
      -22.004436
     ],
     [
      -49.46751,
      -22.004159
     ],
     [
      -49.46751,
      -22.003904
     ],
     [
      -49.467523,
      -22.003618
     ],
     [
      -49.467571,
      -22.003375
     ],
     [
      -49.46767,
      -22.003077
     ],
     [
      -49.467787,
      -22.002769
     ],
     [
      -49.469742,
      -21.998701
     ],
     [
      -49.471176,
      -21.995595
     ],
     [
      -49.471257,
      -21.99542
     ],
     [
      -49.471303,
      -21.995321
     ],
     [
      -49.471403,
      -21.995066
     ],
     [
      -49.471446,
      -21.994789
     ],
     [
      -49.471481,
      -21.994447
     ],
     [
      -49.47145,
      -21.994087
     ],
     [
      -49.471381,
      -21.993676
     ],
     [
      -49.471273,
      -21.993338
     ],
     [
      -49.471108,
      -21.993013
     ],
     [
      -49.470892,
      -21.992706
     ],
     [
      -49.470576,
      -21.992425
     ],
     [
      -49.470209,
      -21.992158
     ],
     [
      -49.469588,
      -21.991839
     ],
     [
      -49.461369,
      -21.987828
     ],
     [
      -49.461205,
      -21.987747
     ],
     [
      -49.460887,
      -21.987577
     ],
     [
      -49.460666,
      -21.987421
     ],
     [
      -49.460454,
      -21.987233
     ],
     [
      -49.460249,
      -21.987
     ],
     [
      -49.460173,
      -21.986898
     ],
     [
      -49.460042,
      -21.986728
     ],
     [
      -49.459897,
      -21.986468
     ],
     [
      -49.459802,
      -21.986239
     ],
     [
      -49.459694,
      -21.985863
     ],
     [
      -49.459646,
      -21.985519
     ],
     [
      -49.459639,
      -21.985256
     ],
     [
      -49.459663,
      -21.984996
     ],
     [
      -49.459711,
      -21.984717
     ],
     [
      -49.459976,
      -21.983667
     ],
     [
      -49.460141,
      -21.98269
     ],
     [
      -49.460173,
      -21.982428
     ],
     [
      -49.460171,
      -21.982184
     ],
     [
      -49.46015,
      -21.981962
     ],
     [
      -49.460078,
      -21.98162
     ],
     [
      -49.459979,
      -21.981335
     ],
     [
      -49.459849,
      -21.981054
     ],
     [
      -49.4597,
      -21.980831
     ],
     [
      -49.459536,
      -21.980596
     ],
     [
      -49.458155,
      -21.978819
     ],
     [
      -49.457788,
      -21.97829
     ],
     [
      -49.457645,
      -21.977984
     ],
     [
      -49.457535,
      -21.977629
     ],
     [
      -49.457459,
      -21.977221
     ],
     [
      -49.457206,
      -21.9759
     ],
     [
      -49.45714,
      -21.975416
     ],
     [
      -49.457135,
      -21.975081
     ],
     [
      -49.457156,
      -21.974773
     ],
     [
      -49.457214,
      -21.974492
     ],
     [
      -49.457272,
      -21.974242
     ],
     [
      -49.457353,
      -21.974005
     ],
     [
      -49.45748,
      -21.973718
     ],
     [
      -49.457698,
      -21.973236
     ],
     [
      -49.458846,
      -21.970789
     ],
     [
      -49.459077,
      -21.970444
     ],
     [
      -49.459303,
      -21.970184
     ],
     [
      -49.459532,
      -21.969955
     ],
     [
      -49.459764,
      -21.96977
     ],
     [
      -49.459988,
      -21.96961
     ],
     [
      -49.460248,
      -21.969444
     ],
     [
      -49.460593,
      -21.969276
     ],
     [
      -49.460977,
      -21.969131
     ],
     [
      -49.461369,
      -21.96902
     ],
     [
      -49.46168,
      -21.96896
     ],
     [
      -49.462091,
      -21.968933
     ],
     [
      -49.462488,
      -21.968933
     ],
     [
      -49.462846,
      -21.968978
     ],
     [
      -49.463193,
      -21.969039
     ],
     [
      -49.46543,
      -21.969428
     ],
     [
      -49.467159,
      -21.969726
     ],
     [
      -49.467446,
      -21.969768
     ],
     [
      -49.467891,
      -21.969794
     ],
     [
      -49.468244,
      -21.969786
     ],
     [
      -49.468589,
      -21.969733
     ],
     [
      -49.46891,
      -21.969681
     ],
     [
      -49.469207,
      -21.969576
     ],
     [
      -49.469473,
      -21.969449
     ],
     [
      -49.469823,
      -21.969228
     ],
     [
      -49.470049,
      -21.969049
     ],
     [
      -49.470286,
      -21.968797
     ],
     [
      -49.47047,
      -21.968562
     ],
     [
      -49.470655,
      -21.968249
     ],
     [
      -49.470815,
      -21.967828
     ],
     [
      -49.470894,
      -21.967449
     ],
     [
      -49.470912,
      -21.96711
     ],
     [
      -49.470889,
      -21.966746
     ],
     [
      -49.470673,
      -21.965451
     ],
     [
      -49.469925,
      -21.960891
     ],
     [
      -49.469449,
      -21.95804
     ],
     [
      -49.469425,
      -21.957695
     ],
     [
      -49.469433,
      -21.957395
     ],
     [
      -49.469494,
      -21.956959
     ],
     [
      -49.469586,
      -21.956609
     ],
     [
      -49.469747,
      -21.956206
     ],
     [
      -49.469941,
      -21.955827
     ],
     [
      -49.470144,
      -21.955548
     ],
     [
      -49.470412,
      -21.955235
     ],
     [
      -49.470705,
      -21.954945
     ],
     [
      -49.471073,
      -21.954674
     ],
     [
      -49.471323,
      -21.954498
     ],
     [
      -49.471686,
      -21.954337
     ],
     [
      -49.472086,
      -21.9542
     ],
     [
      -49.472447,
      -21.954103
     ],
     [
      -49.47277,
      -21.954053
     ],
     [
      -49.47316,
      -21.954024
     ],
     [
      -49.47351,
      -21.954027
     ],
     [
      -49.473989,
      -21.954082
     ],
     [
      -49.474371,
      -21.954166
     ],
     [
      -49.474671,
      -21.954245
     ],
     [
      -49.475052,
      -21.954379
     ],
     [
      -49.476445,
      -21.954879
     ],
     [
      -49.480595,
      -21.956319
     ],
     [
      -49.4811,
      -21.956427
     ],
     [
      -49.481421,
      -21.956453
     ],
     [
      -49.481795,
      -21.956451
     ],
     [
      -49.482132,
      -21.956409
     ],
     [
      -49.482456,
      -21.956324
     ],
     [
      -49.482714,
      -21.956232
     ],
     [
      -49.482985,
      -21.956101
     ],
     [
      -49.483229,
      -21.955958
     ],
     [
      -49.483514,
      -21.95574
     ],
     [
      -49.483748,
      -21.955506
     ],
     [
      -49.483948,
      -21.955251
     ],
     [
      -49.484161,
      -21.954932
     ],
     [
      -49.486051,
      -21.952034
     ],
     [
      -49.486606,
      -21.95147
     ],
     [
      -49.487162,
      -21.951025
     ],
     [
      -49.487806,
      -21.95066
     ],
     [
      -49.488584,
      -21.950405
     ],
     [
      -49.491127,
      -21.949531
     ],
     [
      -49.491786,
      -21.949182
     ],
     [
      -49.49216,
      -21.948769
     ],
     [
      -49.492573,
      -21.948117
     ],
     [
      -49.494138,
      -21.945575
     ],
     [
      -49.494583,
      -21.945162
     ],
     [
      -49.495043,
      -21.944868
     ],
     [
      -49.495623,
      -21.94463
     ],
     [
      -49.496307,
      -21.944534
     ],
     [
      -49.496879,
      -21.944566
     ],
     [
      -49.497411,
      -21.944693
     ],
     [
      -49.497856,
      -21.944884
     ],
     [
      -49.499423,
      -21.945864
     ],
     [
      -49.500851,
      -21.946759
     ],
     [
      -49.501474,
      -21.947056
     ],
     [
      -49.50244,
      -21.947179
     ],
     [
      -49.503328,
      -21.947067
     ],
     [
      -49.504204,
      -21.94673
     ],
     [
      -49.504867,
      -21.946258
     ],
     [
      -49.505305,
      -21.94573
     ],
     [
      -49.505744,
      -21.944921
     ],
     [
      -49.506665,
      -21.942944
     ],
     [
      -49.507137,
      -21.942135
     ],
     [
      -49.507564,
      -21.941607
     ],
     [
      -49.50808,
      -21.941124
     ],
     [
      -49.508698,
      -21.94073
     ],
     [
      -49.509474,
      -21.940371
     ],
     [
      -49.510822,
      -21.940034
     ],
     [
      -49.513024,
      -21.939427
     ],
     [
      -49.513687,
      -21.939158
     ],
     [
      -49.514305,
      -21.938742
     ],
     [
      -49.514889,
      -21.93818
     ],
     [
      -49.515316,
      -21.937427
     ],
     [
      -49.515552,
      -21.936585
     ],
     [
      -49.515597,
      -21.935821
     ],
     [
      -49.5159,
      -21.931697
     ],
     [
      -49.516102,
      -21.930956
     ],
     [
      -49.516428,
      -21.930203
     ],
     [
      -49.516923,
      -21.929394
     ],
     [
      -49.517417,
      -21.928787
     ],
     [
      -49.518136,
      -21.928125
     ],
     [
      -49.520556,
      -21.926062
     ],
     [
      -49.525664,
      -21.921709
     ],
     [
      -49.530944,
      -21.917305
     ],
     [
      -49.531787,
      -21.916923
     ],
     [
      -49.532731,
      -21.916721
     ],
     [
      -49.533528,
      -21.916755
     ],
     [
      -49.534303,
      -21.916968
     ],
     [
      -49.534899,
      -21.917328
     ],
     [
      -49.535281,
      -21.917642
     ],
     [
      -49.535764,
      -21.918226
     ],
     [
      -49.536034,
      -21.918923
     ],
     [
      -49.536168,
      -21.919664
     ],
     [
      -49.536281,
      -21.921597
     ],
     [
      -49.536393,
      -21.922147
     ],
     [
      -49.536663,
      -21.922732
     ],
     [
      -49.537011,
      -21.923237
     ],
     [
      -49.537393,
      -21.923619
     ],
     [
      -49.538191,
      -21.924024
     ],
     [
      -49.539129,
      -21.924407
     ],
     [
      -49.542022,
      -21.925585
     ],
     [
      -49.542796,
      -21.925862
     ],
     [
      -49.543554,
      -21.926
     ],
     [
      -49.544196,
      -21.925931
     ],
     [
      -49.544908,
      -21.925713
     ],
     [
      -49.545563,
      -21.925334
     ],
     [
      -49.546079,
      -21.92476
     ],
     [
      -49.546389,
      -21.924174
     ],
     [
      -49.546527,
      -21.923497
     ],
     [
      -49.546447,
      -21.918789
     ],
     [
      -49.546516,
      -21.917814
     ],
     [
      -49.546791,
      -21.917159
     ],
     [
      -49.547274,
      -21.916597
     ],
     [
      -49.547825,
      -21.916252
     ],
     [
      -49.549271,
      -21.915644
     ],
     [
      -49.554668,
      -21.913496
     ],
     [
      -49.555448,
      -21.913072
     ],
     [
      -49.555965,
      -21.912498
     ],
     [
      -49.55631,
      -21.911809
     ],
     [
      -49.556459,
      -21.911074
     ],
     [
      -49.557331,
      -21.906033
     ],
     [
      -49.557607,
      -21.905241
     ],
     [
      -49.558055,
      -21.904518
     ],
     [
      -49.558732,
      -21.903772
     ],
     [
      -49.559593,
      -21.903266
     ],
     [
      -49.560431,
      -21.902991
     ],
     [
      -49.561384,
      -21.902899
     ],
     [
      -49.562246,
      -21.903083
     ],
     [
      -49.563061,
      -21.903358
     ],
     [
      -49.563738,
      -21.903955
     ],
     [
      -49.56747,
      -21.907285
     ],
     [
      -49.567998,
      -21.90771
     ],
     [
      -49.568721,
      -21.908031
     ],
     [
      -49.56941,
      -21.908192
     ],
     [
      -49.57026,
      -21.908238
     ],
     [
      -49.571029,
      -21.908158
     ],
     [
      -49.571787,
      -21.907939
     ],
     [
      -49.572395,
      -21.907629
     ],
     [
      -49.57305,
      -21.907067
     ],
     [
      -49.575082,
      -21.904105
     ],
     [
      -49.575943,
      -21.903117
     ],
     [
      -49.576712,
      -21.902577
     ],
     [
      -49.577493,
      -21.902153
     ],
     [
      -49.578239,
      -21.901912
     ],
     [
      -49.583394,
      -21.900824
     ],
     [
      -49.585151,
      -21.900386
     ],
     [
      -49.589966,
      -21.899333
     ],
     [
      -49.590788,
      -21.899156
     ],
     [
      -49.591524,
      -21.899021
     ],
     [
      -49.592645,
      -21.898778
     ],
     [
      -49.59338,
      -21.898456
     ],
     [
      -49.593977,
      -21.898008
     ],
     [
      -49.594356,
      -21.897515
     ],
     [
      -49.594643,
      -21.896768
     ],
     [
      -49.5947,
      -21.895815
     ],
     [
      -49.594493,
      -21.895081
     ]
    ]
   }
  },
  {
   "type": "Feature",
   "properties": {
    "id": "nob-lauro-muller-cafelandia",
    "method": "osm-current",
    "osm_ways": [
     200198588,
     255490969,
     255490970,
     255490971,
     702964990,
     843705513,
     843705514
    ],
    "bridged_gap_m": 0,
    "generated": "2026-10-03"
   },
   "geometry": {
    "type": "LineString",
    "coordinates": [
     [
      -49.594493,
      -21.895081
     ],
     [
      -49.591542,
      -21.888637
     ],
     [
      -49.591393,
      -21.887971
     ],
     [
      -49.591072,
      -21.886375
     ],
     [
      -49.587892,
      -21.870664
     ],
     [
      -49.586163,
      -21.86202
     ],
     [
      -49.586067,
      -21.861514
     ],
     [
      -49.586137,
      -21.860892
     ],
     [
      -49.586313,
      -21.860376
     ],
     [
      -49.5867,
      -21.859859
     ],
     [
      -49.590384,
      -21.856457
     ],
     [
      -49.590901,
      -21.855799
     ],
     [
      -49.591065,
      -21.855283
     ],
     [
      -49.591135,
      -21.854638
     ],
     [
      -49.590936,
      -21.853629
     ],
     [
      -49.58981,
      -21.848935
     ],
     [
      -49.586859,
      -21.836779
     ],
     [
      -49.586129,
      -21.834439
     ],
     [
      -49.584453,
      -21.829527
     ],
     [
      -49.584403,
      -21.829391
     ],
     [
      -49.583988,
      -21.82825
     ],
     [
      -49.583823,
      -21.827384
     ],
     [
      -49.583751,
      -21.826569
     ],
     [
      -49.583727,
      -21.825741
     ],
     [
      -49.583763,
      -21.824998
     ],
     [
      -49.583847,
      -21.824267
     ],
     [
      -49.584015,
      -21.823583
     ],
     [
      -49.587347,
      -21.812423
     ],
     [
      -49.587779,
      -21.811133
     ],
     [
      -49.590229,
      -21.80283
     ],
     [
      -49.590346,
      -21.80242
     ],
     [
      -49.590492,
      -21.80208
     ],
     [
      -49.590703,
      -21.80175
     ],
     [
      -49.590922,
      -21.801488
     ],
     [
      -49.591231,
      -21.80121
     ],
     [
      -49.591549,
      -21.800987
     ],
     [
      -49.591837,
      -21.800831
     ],
     [
      -49.592062,
      -21.80074
     ],
     [
      -49.592162,
      -21.800706
     ],
     [
      -49.592516,
      -21.800619
     ],
     [
      -49.592999,
      -21.800562
     ],
     [
      -49.600494,
      -21.80013
     ],
     [
      -49.600723,
      -21.800102
     ],
     [
      -49.600865,
      -21.800077
     ],
     [
      -49.601072,
      -21.800024
     ],
     [
      -49.601264,
      -21.799961
     ],
     [
      -49.601421,
      -21.799903
     ],
     [
      -49.601562,
      -21.799844
     ],
     [
      -49.601787,
      -21.799715
     ],
     [
      -49.602045,
      -21.799544
     ],
     [
      -49.602223,
      -21.799404
     ],
     [
      -49.6029,
      -21.798828
     ],
     [
      -49.604326,
      -21.797601
     ],
     [
      -49.605532,
      -21.796574
     ]
    ]
   }
  },
  {
   "type": "Feature",
   "properties": {
    "id": "nob-cafelandia-lins-original",
    "method": "osm-old",
    "osm_ways": [
     169455849,
     536115541
    ],
    "bridged_gap_m": 2651,
    "generated": "2026-10-03"
   },
   "geometry": {
    "type": "LineString",
    "coordinates": [
     [
      -49.605532,
      -21.796574
     ],
     [
      -49.60893,
      -21.799841
     ],
     [
      -49.616956,
      -21.798167
     ],
     [
      -49.617406,
      -21.797928
     ],
     [
      -49.617728,
      -21.797689
     ],
     [
      -49.617846,
      -21.797301
     ],
     [
      -49.618146,
      -21.796563
     ],
     [
      -49.618533,
      -21.796095
     ],
     [
      -49.619026,
      -21.795766
     ],
     [
      -49.620185,
      -21.795268
     ],
     [
      -49.620818,
      -21.795079
     ],
     [
      -49.621311,
      -21.795109
     ],
     [
      -49.622266,
      -21.795368
     ],
     [
      -49.622899,
      -21.795497
     ],
     [
      -49.623618,
      -21.795677
     ],
     [
      -49.624187,
      -21.795766
     ],
     [
      -49.624466,
      -21.795717
     ],
     [
      -49.62508,
      -21.795276
     ],
     [
      -49.626904,
      -21.793642
     ],
     [
      -49.627483,
      -21.793014
     ],
     [
      -49.627558,
      -21.792616
     ],
     [
      -49.627247,
      -21.791022
     ],
     [
      -49.627076,
      -21.790633
     ],
     [
      -49.626711,
      -21.790255
     ],
     [
      -49.626421,
      -21.790105
     ],
     [
      -49.625563,
      -21.789478
     ],
     [
      -49.625423,
      -21.789159
     ],
     [
      -49.625273,
      -21.788442
     ],
     [
      -49.625005,
      -21.786808
     ],
     [
      -49.624479,
      -21.78354
     ],
     [
      -49.624629,
      -21.783082
     ],
     [
      -49.625026,
      -21.782564
     ],
     [
      -49.625595,
      -21.782195
     ],
     [
      -49.626496,
      -21.782046
     ],
     [
      -49.627644,
      -21.782016
     ],
     [
      -49.628063,
      -21.781906
     ],
     [
      -49.628599,
      -21.781607
     ],
     [
      -49.628953,
      -21.781279
     ],
     [
      -49.629264,
      -21.78086
     ],
     [
      -49.629436,
      -21.780422
     ],
     [
      -49.629522,
      -21.779864
     ],
     [
      -49.62949,
      -21.779316
     ],
     [
      -49.629329,
      -21.778609
     ],
     [
      -49.629189,
      -21.777831
     ],
     [
      -49.629103,
      -21.777343
     ],
     [
      -49.628932,
      -21.776297
     ],
     [
      -49.62891,
      -21.775889
     ],
     [
      -49.628996,
      -21.77553
     ],
     [
      -49.629157,
      -21.775042
     ],
     [
      -49.629296,
      -21.774643
     ],
     [
      -49.629543,
      -21.774285
     ],
     [
      -49.629768,
      -21.773886
     ],
     [
      -49.629844,
      -21.773637
     ],
     [
      -49.629801,
      -21.773089
     ],
     [
      -49.629736,
      -21.772461
     ],
     [
      -49.629672,
      -21.771764
     ],
     [
      -49.629779,
      -21.771405
     ],
     [
      -49.631764,
      -21.766274
     ],
     [
      -49.632676,
      -21.762786
     ],
     [
      -49.632762,
      -21.762517
     ],
     [
      -49.632998,
      -21.761999
     ],
     [
      -49.633363,
      -21.761501
     ],
     [
      -49.634114,
      -21.760455
     ],
     [
      -49.635229,
      -21.75894
     ],
     [
      -49.635541,
      -21.758452
     ],
     [
      -49.635723,
      -21.758243
     ],
     [
      -49.636131,
      -21.757934
     ],
     [
      -49.636463,
      -21.757824
     ],
     [
      -49.636796,
      -21.757764
     ],
     [
      -49.637204,
      -21.757844
     ],
     [
      -49.637654,
      -21.758033
     ],
     [
      -49.638234,
      -21.758601
     ],
     [
      -49.638995,
      -21.759339
     ],
     [
      -49.639317,
      -21.759488
     ],
     [
      -49.639757,
      -21.759588
     ],
     [
      -49.642697,
      -21.759937
     ],
     [
      -49.644177,
      -21.760465
     ],
     [
      -49.64525,
      -21.760883
     ],
     [
      -49.645722,
      -21.761003
     ],
     [
      -49.646162,
      -21.760983
     ],
     [
      -49.646784,
      -21.760973
     ],
     [
      -49.647128,
      -21.761023
     ],
     [
      -49.647332,
      -21.761073
     ],
     [
      -49.647847,
      -21.761232
     ],
     [
      -49.648211,
      -21.761501
     ],
     [
      -49.64848,
      -21.76187
     ],
     [
      -49.64878,
      -21.762348
     ],
     [
      -49.649209,
      -21.762996
     ],
     [
      -49.649649,
      -21.763723
     ],
     [
      -49.650067,
      -21.764371
     ],
     [
      -49.650346,
      -21.764839
     ],
     [
      -49.650872,
      -21.765238
     ],
     [
      -49.651258,
      -21.765457
     ],
     [
      -49.651612,
      -21.765566
     ],
     [
      -49.652278,
      -21.765536
     ],
     [
      -49.652793,
      -21.765377
     ],
     [
      -49.653232,
      -21.765198
     ],
     [
      -49.653511,
      -21.764998
     ],
     [
      -49.653994,
      -21.764829
     ],
     [
      -49.654509,
      -21.764809
     ],
     [
      -49.655174,
      -21.764869
     ],
     [
      -49.65599,
      -21.765058
     ],
     [
      -49.656859,
      -21.765267
     ],
     [
      -49.657331,
      -21.765287
     ],
     [
      -49.657835,
      -21.765168
     ],
     [
      -49.658286,
      -21.764968
     ],
     [
      -49.6585,
      -21.764739
     ],
     [
      -49.659058,
      -21.763843
     ],
     [
      -49.659402,
      -21.763095
     ],
     [
      -49.65953,
      -21.762398
     ],
     [
      -49.659423,
      -21.761521
     ],
     [
      -49.659262,
      -21.761063
     ],
     [
      -49.659176,
      -21.760624
     ],
     [
      -49.659316,
      -21.760016
     ],
     [
      -49.659616,
      -21.759418
     ],
     [
      -49.659874,
      -21.75903
     ],
     [
      -49.660024,
      -21.758791
     ],
     [
      -49.660077,
      -21.758362
     ],
     [
      -49.6607,
      -21.754596
     ],
     [
      -49.660657,
      -21.7533
     ],
     [
      -49.660571,
      -21.752144
     ],
     [
      -49.660764,
      -21.751467
     ],
     [
      -49.66115,
      -21.751008
     ],
     [
      -49.661593,
      -21.750641
     ],
     [
      -49.661751,
      -21.75051
     ],
     [
      -49.662309,
      -21.749952
     ],
     [
      -49.662481,
      -21.749234
     ],
     [
      -49.662373,
      -21.748617
     ],
     [
      -49.662116,
      -21.747879
     ],
     [
      -49.661923,
      -21.747281
     ],
     [
      -49.660592,
      -21.737276
     ],
     [
      -49.659412,
      -21.732313
     ],
     [
      -49.659005,
      -21.731555
     ],
     [
      -49.65879,
      -21.730698
     ],
     [
      -49.659176,
      -21.730001
     ],
     [
      -49.659605,
      -21.729702
     ],
     [
      -49.660013,
      -21.729462
     ],
     [
      -49.661429,
      -21.729502
     ],
     [
      -49.664412,
      -21.73006
     ],
     [
      -49.665935,
      -21.730319
     ],
     [
      -49.667488,
      -21.729997
     ],
     [
      -49.668575,
      -21.730001
     ],
     [
      -49.671414,
      -21.710884
     ],
     [
      -49.672503,
      -21.710271
     ],
     [
      -49.678326,
      -21.706051
     ],
     [
      -49.678977,
      -21.705487
     ],
     [
      -49.679328,
      -21.704886
     ],
     [
      -49.679579,
      -21.70426
     ],
     [
      -49.679741,
      -21.703083
     ],
     [
      -49.680342,
      -21.699658
     ],
     [
      -49.68038,
      -21.699439
     ],
     [
      -49.680756,
      -21.698688
     ],
     [
      -49.681319,
      -21.698074
     ],
     [
      -49.68187,
      -21.697748
     ],
     [
      -49.682509,
      -21.697523
     ],
     [
      -49.683661,
      -21.697423
     ],
     [
      -49.68604,
      -21.697185
     ],
     [
      -49.686654,
      -21.696985
     ],
     [
      -49.68733,
      -21.696534
     ],
     [
      -49.691392,
      -21.692141
     ]
    ]
   }
  },
  {
   "type": "Feature",
   "properties": {
    "id": "nob-variante-lins-cafelandia",
    "method": "osm-current",
    "osm_ways": [
     169455849,
     702964989,
     843705513
    ],
    "bridged_gap_m": 0,
    "generated": "2026-10-03"
   },
   "geometry": {
    "type": "LineString",
    "coordinates": [
     [
      -49.605532,
      -21.796574
     ],
     [
      -49.605789,
      -21.796331
     ],
     [
      -49.605929,
      -21.796184
     ],
     [
      -49.60605,
      -21.796038
     ],
     [
      -49.60628,
      -21.795716
     ],
     [
      -49.606867,
      -21.794827
     ],
     [
      -49.607564,
      -21.793784
     ],
     [
      -49.607602,
      -21.793728
     ],
     [
      -49.609903,
      -21.790273
     ],
     [
      -49.610505,
      -21.789397
     ],
     [
      -49.610703,
      -21.78904
     ],
     [
      -49.610898,
      -21.788564
     ],
     [
      -49.610985,
      -21.788239
     ],
     [
      -49.611069,
      -21.787767
     ],
     [
      -49.61112,
      -21.787283
     ],
     [
      -49.611136,
      -21.786849
     ],
     [
      -49.611098,
      -21.78658
     ],
     [
      -49.611002,
      -21.786092
     ],
     [
      -49.610862,
      -21.785619
     ],
     [
      -49.610636,
      -21.785096
     ],
     [
      -49.609986,
      -21.783681
     ],
     [
      -49.609706,
      -21.783029
     ],
     [
      -49.609639,
      -21.782745
     ],
     [
      -49.609622,
      -21.782358
     ],
     [
      -49.609677,
      -21.781847
     ],
     [
      -49.6098,
      -21.78143
     ],
     [
      -49.610027,
      -21.781035
     ],
     [
      -49.61031,
      -21.780638
     ],
     [
      -49.610659,
      -21.780313
     ],
     [
      -49.611343,
      -21.779898
     ],
     [
      -49.61947,
      -21.775115
     ],
     [
      -49.620267,
      -21.774318
     ],
     [
      -49.620943,
      -21.773278
     ],
     [
      -49.621428,
      -21.772152
     ],
     [
      -49.62155,
      -21.77106
     ],
     [
      -49.621359,
      -21.769777
     ],
     [
      -49.620146,
      -21.762932
     ],
     [
      -49.620059,
      -21.761997
     ],
     [
      -49.620285,
      -21.761355
     ],
     [
      -49.62077,
      -21.760628
     ],
     [
      -49.631393,
      -21.747094
     ],
     [
      -49.631806,
      -21.746403
     ],
     [
      -49.631981,
      -21.745526
     ],
     [
      -49.631831,
      -21.744374
     ],
     [
      -49.630954,
      -21.742371
     ],
     [
      -49.630253,
      -21.740417
     ],
     [
      -49.630228,
      -21.739165
     ],
     [
      -49.630604,
      -21.737913
     ],
     [
      -49.63138,
      -21.736936
     ],
     [
      -49.631894,
      -21.736493
     ],
     [
      -49.632595,
      -21.735979
     ],
     [
      -49.633434,
      -21.735591
     ],
     [
      -49.6498,
      -21.729067
     ],
     [
      -49.651817,
      -21.728215
     ],
     [
      -49.652768,
      -21.727639
     ],
     [
      -49.653645,
      -21.727038
     ],
     [
      -49.654321,
      -21.726462
     ],
     [
      -49.65496,
      -21.725811
     ],
     [
      -49.655486,
      -21.72511
     ],
     [
      -49.655936,
      -21.724358
     ],
     [
      -49.65635,
      -21.723469
     ],
     [
      -49.658817,
      -21.717321
     ],
     [
      -49.659217,
      -21.716332
     ],
     [
      -49.659706,
      -21.715518
     ],
     [
      -49.660244,
      -21.714879
     ],
     [
      -49.661108,
      -21.71394
     ],
     [
      -49.661935,
      -21.713251
     ],
     [
      -49.662924,
      -21.712625
     ],
     [
      -49.664013,
      -21.712199
     ],
     [
      -49.665028,
      -21.711886
     ],
     [
      -49.666255,
      -21.711711
     ],
     [
      -49.66911,
      -21.711398
     ],
     [
      -49.670525,
      -21.71121
     ],
     [
      -49.671414,
      -21.710884
     ],
     [
      -49.672503,
      -21.710271
     ],
     [
      -49.678326,
      -21.706051
     ],
     [
      -49.678977,
      -21.705487
     ],
     [
      -49.679328,
      -21.704886
     ],
     [
      -49.679579,
      -21.70426
     ],
     [
      -49.679741,
      -21.703083
     ],
     [
      -49.680342,
      -21.699658
     ],
     [
      -49.68038,
      -21.699439
     ],
     [
      -49.680756,
      -21.698688
     ],
     [
      -49.681319,
      -21.698074
     ],
     [
      -49.68187,
      -21.697748
     ],
     [
      -49.682509,
      -21.697523
     ],
     [
      -49.683661,
      -21.697423
     ],
     [
      -49.68604,
      -21.697185
     ],
     [
      -49.686654,
      -21.696985
     ],
     [
      -49.68733,
      -21.696534
     ],
     [
      -49.691392,
      -21.692141
     ]
    ]
   }
  },
  {
   "type": "Feature",
   "properties": {
    "id": "nob-lins-guaicara-original",
    "method": "osm-old",
    "osm_ways": [
     179632532,
     179632533,
     179632534,
     179632538,
     179632539,
     195733026,
     353047741,
     353047745,
     353058335,
     353240310,
     843660132,
     843660133,
     843660134,
     843660135,
     843660140,
     843660141,
     843660143,
     843697263,
     843697265,
     997585970,
     1414477458,
     1414477459
    ],
    "bridged_gap_m": 2383,
    "generated": "2026-10-03"
   },
   "geometry": {
    "type": "LineString",
    "coordinates": [
     [
      -49.691392,
      -21.692141
     ],
     [
      -49.691783,
      -21.691959
     ],
     [
      -49.692555,
      -21.691809
     ],
     [
      -49.693053,
      -21.691791
     ],
     [
      -49.693961,
      -21.691968
     ],
     [
      -49.696447,
      -21.692638
     ],
     [
      -49.698816,
      -21.693261
     ],
     [
      -49.701312,
      -21.693895
     ],
     [
      -49.701419,
      -21.693924
     ],
     [
      -49.705356,
      -21.69505
     ],
     [
      -49.705506,
      -21.695087
     ],
     [
      -49.705941,
      -21.695161
     ],
     [
      -49.706251,
      -21.695207
     ],
     [
      -49.706407,
      -21.695219
     ],
     [
      -49.70661,
      -21.695231
     ],
     [
      -49.706813,
      -21.695242
     ],
     [
      -49.70705,
      -21.695255
     ],
     [
      -49.707325,
      -21.695272
     ],
     [
      -49.707532,
      -21.695284
     ],
     [
      -49.707701,
      -21.695267
     ],
     [
      -49.707957,
      -21.695228
     ],
     [
      -49.708084,
      -21.695209
     ],
     [
      -49.713177,
      -21.694586
     ],
     [
      -49.715109,
      -21.694338
     ],
     [
      -49.715251,
      -21.694313
     ],
     [
      -49.715433,
      -21.694272
     ],
     [
      -49.715613,
      -21.694228
     ],
     [
      -49.715753,
      -21.694188
     ],
     [
      -49.715871,
      -21.694149
     ],
     [
      -49.715973,
      -21.694113
     ],
     [
      -49.716295,
      -21.693989
     ],
     [
      -49.716477,
      -21.693895
     ],
     [
      -49.716785,
      -21.693707
     ],
     [
      -49.716984,
      -21.693556
     ],
     [
      -49.726575,
      -21.685854
     ],
     [
      -49.726667,
      -21.685789
     ],
     [
      -49.726771,
      -21.685714
     ],
     [
      -49.726895,
      -21.685635
     ],
     [
      -49.727013,
      -21.685565
     ],
     [
      -49.727131,
      -21.685495
     ],
     [
      -49.727421,
      -21.685356
     ],
     [
      -49.727523,
      -21.685321
     ],
     [
      -49.736784,
      -21.68292
     ],
     [
      -49.738454,
      -21.682471
     ],
     [
      -49.738969,
      -21.682242
     ],
     [
      -49.739366,
      -21.681999
     ],
     [
      -49.73973,
      -21.681521
     ],
     [
      -49.740284,
      -21.680802
     ],
     [
      -49.740388,
      -21.680722
     ],
     [
      -49.740723,
      -21.680396
     ],
     [
      -49.740882,
      -21.68024
     ],
     [
      -49.741048,
      -21.680093
     ],
     [
      -49.741423,
      -21.679782
     ],
     [
      -49.741799,
      -21.679472
     ],
     [
      -49.742179,
      -21.679152
     ],
     [
      -49.742557,
      -21.678838
     ],
     [
      -49.742925,
      -21.678546
     ],
     [
      -49.743732,
      -21.677901
     ],
     [
      -49.745054,
      -21.676998
     ],
     [
      -49.746382,
      -21.675855
     ],
     [
      -49.746635,
      -21.675639
     ],
     [
      -49.746978,
      -21.675173
     ],
     [
      -49.747296,
      -21.674721
     ],
     [
      -49.747615,
      -21.673997
     ],
     [
      -49.748486,
      -21.67193
     ],
     [
      -49.749176,
      -21.669666
     ],
     [
      -49.749134,
      -21.669456
     ],
     [
      -49.749308,
      -21.668685
     ],
     [
      -49.749464,
      -21.667879
     ],
     [
      -49.750129,
      -21.666429
     ],
     [
      -49.750515,
      -21.665619
     ],
     [
      -49.75061,
      -21.665264
     ],
     [
      -49.750795,
      -21.663619
     ],
     [
      -49.751033,
      -21.661572
     ],
     [
      -49.751218,
      -21.659957
     ],
     [
      -49.751189,
      -21.659419
     ],
     [
      -49.75107,
      -21.659034
     ],
     [
      -49.750712,
      -21.658382
     ],
     [
      -49.750382,
      -21.657553
     ],
     [
      -49.750178,
      -21.656908
     ],
     [
      -49.750059,
      -21.656132
     ],
     [
      -49.749991,
      -21.655268
     ],
     [
      -49.750051,
      -21.654485
     ],
     [
      -49.750173,
      -21.653762
     ],
     [
      -49.750314,
      -21.653084
     ],
     [
      -49.750859,
      -21.652543
     ],
     [
      -49.752794,
      -21.651014
     ],
     [
      -49.753458,
      -21.650407
     ],
     [
      -49.753989,
      -21.649759
     ],
     [
      -49.754192,
      -21.649466
     ],
     [
      -49.754421,
      -21.649223
     ],
     [
      -49.754815,
      -21.648782
     ],
     [
      -49.755263,
      -21.648141
     ],
     [
      -49.75855,
      -21.642541
     ],
     [
      -49.760121,
      -21.639848
     ],
     [
      -49.760455,
      -21.639414
     ],
     [
      -49.760802,
      -21.638979
     ],
     [
      -49.76117,
      -21.638565
     ],
     [
      -49.761637,
      -21.638111
     ],
     [
      -49.761998,
      -21.637763
     ],
     [
      -49.762453,
      -21.637409
     ],
     [
      -49.763208,
      -21.636901
     ],
     [
      -49.763929,
      -21.636514
     ],
     [
      -49.776027,
      -21.630051
     ],
     [
      -49.776572,
      -21.629997
     ],
     [
      -49.777073,
      -21.630024
     ],
     [
      -49.777492,
      -21.630134
     ],
     [
      -49.777996,
      -21.630313
     ],
     [
      -49.778693,
      -21.630822
     ],
     [
      -49.779101,
      -21.63137
     ],
     [
      -49.779433,
      -21.632275
     ],
     [
      -49.779492,
      -21.633211
     ],
     [
      -49.779552,
      -21.63341
     ],
     [
      -49.779755,
      -21.633781
     ],
     [
      -49.780126,
      -21.634128
     ],
     [
      -49.780598,
      -21.63438
     ],
     [
      -49.78096,
      -21.634417
     ],
     [
      -49.781394,
      -21.634417
     ],
     [
      -49.781885,
      -21.634353
     ],
     [
      -49.785914,
      -21.630005
     ],
     [
      -49.786676,
      -21.629166
     ],
     [
      -49.787211,
      -21.628578
     ],
     [
      -49.78725,
      -21.628532
     ],
     [
      -49.787276,
      -21.628487
     ],
     [
      -49.787292,
      -21.628441
     ],
     [
      -49.787374,
      -21.62817
     ],
     [
      -49.787393,
      -21.628124
     ],
     [
      -49.787417,
      -21.628103
     ],
     [
      -49.787493,
      -21.628071
     ],
     [
      -49.787893,
      -21.6277
     ],
     [
      -49.787997,
      -21.627468
     ],
     [
      -49.788078,
      -21.627326
     ],
     [
      -49.788176,
      -21.627202
     ],
     [
      -49.788448,
      -21.626922
     ],
     [
      -49.788857,
      -21.626536
     ],
     [
      -49.789,
      -21.626433
     ],
     [
      -49.789144,
      -21.626349
     ],
     [
      -49.789606,
      -21.626164
     ],
     [
      -49.790806,
      -21.62597
     ],
     [
      -49.791428,
      -21.62596
     ],
     [
      -49.791927,
      -21.62604
     ],
     [
      -49.792378,
      -21.626174
     ],
     [
      -49.792909,
      -21.626424
     ],
     [
      -49.794836,
      -21.627564
     ],
     [
      -49.795936,
      -21.628163
     ],
     [
      -49.796142,
      -21.628197
     ],
     [
      -49.797053,
      -21.628265
     ],
     [
      -49.797143,
      -21.628222
     ],
     [
      -49.797211,
      -21.628189
     ],
     [
      -49.797287,
      -21.628139
     ],
     [
      -49.797379,
      -21.628062
     ],
     [
      -49.797437,
      -21.627989
     ],
     [
      -49.797501,
      -21.627885
     ],
     [
      -49.797557,
      -21.627784
     ],
     [
      -49.797585,
      -21.627696
     ],
     [
      -49.797646,
      -21.627542
     ],
     [
      -49.797658,
      -21.627511
     ],
     [
      -49.797754,
      -21.627284
     ],
     [
      -49.797804,
      -21.627132
     ],
     [
      -49.797831,
      -21.626997
     ],
     [
      -49.79785,
      -21.626855
     ],
     [
      -49.79786,
      -21.626718
     ],
     [
      -49.797834,
      -21.626578
     ],
     [
      -49.797791,
      -21.626453
     ],
     [
      -49.797726,
      -21.626304
     ],
     [
      -49.797619,
      -21.626065
     ],
     [
      -49.79749,
      -21.625779
     ],
     [
      -49.797155,
      -21.625035
     ],
     [
      -49.797066,
      -21.624838
     ],
     [
      -49.796772,
      -21.624184
     ],
     [
      -49.796712,
      -21.624046
     ],
     [
      -49.796605,
      -21.623803
     ],
     [
      -49.796468,
      -21.623491
     ],
     [
      -49.796374,
      -21.623262
     ],
     [
      -49.796273,
      -21.62302
     ],
     [
      -49.796106,
      -21.622637
     ],
     [
      -49.796033,
      -21.62247
     ],
     [
      -49.795994,
      -21.622379
     ],
     [
      -49.795615,
      -21.621529
     ],
     [
      -49.795313,
      -21.620901
     ],
     [
      -49.795291,
      -21.620848
     ],
     [
      -49.79527,
      -21.620723
     ],
     [
      -49.795264,
      -21.620614
     ],
     [
      -49.795264,
      -21.620469
     ],
     [
      -49.79528,
      -21.620314
     ],
     [
      -49.795307,
      -21.62012
     ],
     [
      -49.795328,
      -21.619968
     ],
     [
      -49.795356,
      -21.619781
     ],
     [
      -49.795401,
      -21.619551
     ],
     [
      -49.795441,
      -21.619463
     ],
     [
      -49.795495,
      -21.619342
     ],
     [
      -49.795571,
      -21.619186
     ],
     [
      -49.795766,
      -21.618832
     ],
     [
      -49.795995,
      -21.618417
     ],
     [
      -49.796569,
      -21.61743
     ],
     [
      -49.796814,
      -21.616973
     ],
     [
      -49.796845,
      -21.616924
     ],
     [
      -49.796927,
      -21.616794
     ],
     [
      -49.797008,
      -21.616644
     ],
     [
      -49.79704,
      -21.616584
     ],
     [
      -49.797206,
      -21.616285
     ],
     [
      -49.797246,
      -21.6162
     ],
     [
      -49.797265,
      -21.61616
     ],
     [
      -49.797367,
      -21.616026
     ],
     [
      -49.797464,
      -21.615906
     ],
     [
      -49.79754,
      -21.615814
     ],
     [
      -49.797592,
      -21.615752
     ],
     [
      -49.797861,
      -21.615422
     ],
     [
      -49.798174,
      -21.615037
     ],
     [
      -49.798487,
      -21.614653
     ],
     [
      -49.798803,
      -21.614264
     ],
     [
      -49.799102,
      -21.613897
     ],
     [
      -49.799395,
      -21.613537
     ],
     [
      -49.799416,
      -21.613509
     ],
     [
      -49.7997,
      -21.613142
     ],
     [
      -49.800147,
      -21.612562
     ],
     [
      -49.800564,
      -21.612011
     ],
     [
      -49.800618,
      -21.611921
     ],
     [
      -49.800661,
      -21.611827
     ],
     [
      -49.800731,
      -21.611692
     ],
     [
      -49.80079,
      -21.611522
     ],
     [
      -49.800865,
      -21.611273
     ],
     [
      -49.80088,
      -21.611212
     ],
     [
      -49.800992,
      -21.610757
     ],
     [
      -49.801099,
      -21.610328
     ],
     [
      -49.801246,
      -21.609859
     ],
     [
      -49.801524,
      -21.609113
     ],
     [
      -49.801907,
      -21.607444
     ],
     [
      -49.802341,
      -21.60551
     ],
     [
      -49.802402,
      -21.605072
     ],
     [
      -49.802415,
      -21.604799
     ],
     [
      -49.802366,
      -21.604493
     ],
     [
      -49.802232,
      -21.603817
     ],
     [
      -49.802227,
      -21.603371
     ],
     [
      -49.802322,
      -21.602999
     ],
     [
      -49.802542,
      -21.602551
     ],
     [
      -49.803579,
      -21.600987
     ],
     [
      -49.804786,
      -21.59945
     ],
     [
      -49.797744,
      -21.603328
     ]
    ]
   }
  },
  {
   "type": "Feature",
   "properties": {
    "id": "nob-variante-lins",
    "method": "osm-current",
    "osm_ways": [
     169455841,
     169455849,
     169455854,
     195733026,
     195733027,
     901636523,
     901636524,
     901636525,
     901636526
    ],
    "bridged_gap_m": 0,
    "generated": "2026-10-03"
   },
   "geometry": {
    "type": "LineString",
    "coordinates": [
     [
      -49.691392,
      -21.692141
     ],
     [
      -49.696409,
      -21.686716
     ],
     [
      -49.704323,
      -21.677713
     ],
     [
      -49.708705,
      -21.672791
     ],
     [
      -49.709505,
      -21.672048
     ],
     [
      -49.717363,
      -21.664587
     ],
     [
      -49.721953,
      -21.660118
     ],
     [
      -49.725023,
      -21.657151
     ],
     [
      -49.725898,
      -21.656453
     ],
     [
      -49.72677,
      -21.655961
     ],
     [
      -49.727401,
      -21.655698
     ],
     [
      -49.727954,
      -21.655533
     ],
     [
      -49.728437,
      -21.655406
     ],
     [
      -49.729008,
      -21.655316
     ],
     [
      -49.729319,
      -21.655284
     ],
     [
      -49.729638,
      -21.655272
     ],
     [
      -49.730448,
      -21.655259
     ],
     [
      -49.738634,
      -21.655144
     ],
     [
      -49.738949,
      -21.655138
     ],
     [
      -49.743042,
      -21.655058
     ],
     [
      -49.743569,
      -21.65503
     ],
     [
      -49.744064,
      -21.655005
     ],
     [
      -49.744358,
      -21.654975
     ],
     [
      -49.744711,
      -21.654923
     ],
     [
      -49.745293,
      -21.654783
     ],
     [
      -49.745968,
      -21.654602
     ],
     [
      -49.746542,
      -21.654402
     ],
     [
      -49.747237,
      -21.654135
     ],
     [
      -49.748935,
      -21.6531
     ],
     [
      -49.750413,
      -21.652181
     ],
     [
      -49.753044,
      -21.650546
     ],
     [
      -49.753492,
      -21.650165
     ],
     [
      -49.754013,
      -21.649658
     ],
     [
      -49.754192,
      -21.649466
     ],
     [
      -49.754421,
      -21.649223
     ],
     [
      -49.754815,
      -21.648782
     ],
     [
      -49.755263,
      -21.648141
     ],
     [
      -49.75855,
      -21.642541
     ],
     [
      -49.760121,
      -21.639848
     ],
     [
      -49.760455,
      -21.639414
     ],
     [
      -49.760802,
      -21.638979
     ],
     [
      -49.76117,
      -21.638565
     ],
     [
      -49.761637,
      -21.638111
     ],
     [
      -49.761998,
      -21.637763
     ],
     [
      -49.762453,
      -21.637409
     ],
     [
      -49.763208,
      -21.636901
     ],
     [
      -49.763929,
      -21.636514
     ],
     [
      -49.781631,
      -21.626883
     ],
     [
      -49.787012,
      -21.623926
     ],
     [
      -49.787378,
      -21.623725
     ],
     [
      -49.790294,
      -21.622129
     ],
     [
      -49.790374,
      -21.62208
     ],
     [
      -49.791503,
      -21.621453
     ],
     [
      -49.791884,
      -21.621207
     ],
     [
      -49.792324,
      -21.620927
     ],
     [
      -49.792734,
      -21.620613
     ],
     [
      -49.793216,
      -21.620175
     ],
     [
      -49.793312,
      -21.620093
     ],
     [
      -49.79355,
      -21.619889
     ],
     [
      -49.794008,
      -21.619355
     ],
     [
      -49.794014,
      -21.619348
     ],
     [
      -49.794376,
      -21.61888
     ],
     [
      -49.794748,
      -21.618344
     ],
     [
      -49.794994,
      -21.617899
     ],
     [
      -49.79524,
      -21.617426
     ],
     [
      -49.795482,
      -21.616895
     ],
     [
      -49.795641,
      -21.616446
     ],
     [
      -49.795868,
      -21.615577
     ],
     [
      -49.795979,
      -21.61507
     ],
     [
      -49.796447,
      -21.611979
     ],
     [
      -49.796945,
      -21.608749
     ],
     [
      -49.797215,
      -21.606913
     ],
     [
      -49.797679,
      -21.603771
     ],
     [
      -49.797744,
      -21.603328
     ]
    ]
   }
  },
  {
   "type": "Feature",
   "properties": {
    "id": "nob-guaicara-avanhandava",
    "method": "osm-current",
    "osm_ways": [
     169455854,
     186562392,
     186562393,
     253232740
    ],
    "bridged_gap_m": 0,
    "generated": "2026-10-03"
   },
   "geometry": {
    "type": "LineString",
    "coordinates": [
     [
      -49.797744,
      -21.603328
     ],
     [
      -49.800031,
      -21.58789
     ],
     [
      -49.802487,
      -21.5723
     ],
     [
      -49.803241,
      -21.567163
     ],
     [
      -49.803499,
      -21.565409
     ],
     [
      -49.803649,
      -21.564368
     ],
     [
      -49.80382,
      -21.563619
     ],
     [
      -49.804091,
      -21.562899
     ],
     [
      -49.804376,
      -21.562278
     ],
     [
      -49.804647,
      -21.561636
     ],
     [
      -49.805096,
      -21.560995
     ],
     [
      -49.805581,
      -21.560388
     ],
     [
      -49.806002,
      -21.559889
     ],
     [
      -49.806494,
      -21.559419
     ],
     [
      -49.806986,
      -21.558969
     ],
     [
      -49.807599,
      -21.558549
     ],
     [
      -49.808327,
      -21.558121
     ],
     [
      -49.808954,
      -21.5578
     ],
     [
      -49.809639,
      -21.557486
     ],
     [
      -49.814267,
      -21.555874
     ],
     [
      -49.825735,
      -21.551945
     ],
     [
      -49.826328,
      -21.551738
     ],
     [
      -49.836425,
      -21.548215
     ],
     [
      -49.837188,
      -21.547873
     ],
     [
      -49.837951,
      -21.547452
     ],
     [
      -49.838607,
      -21.547024
     ],
     [
      -49.839249,
      -21.546539
     ],
     [
      -49.839648,
      -21.546183
     ],
     [
      -49.841017,
      -21.544778
     ],
     [
      -49.84678,
      -21.538994
     ],
     [
      -49.851237,
      -21.534458
     ],
     [
      -49.852984,
      -21.532747
     ],
     [
      -49.853391,
      -21.532419
     ],
     [
      -49.854139,
      -21.531765
     ],
     [
      -49.855487,
      -21.530586
     ],
     [
      -49.859203,
      -21.527427
     ],
     [
      -49.860715,
      -21.526165
     ],
     [
      -49.861599,
      -21.525573
     ],
     [
      -49.86297,
      -21.524633
     ],
     [
      -49.864295,
      -21.523726
     ],
     [
      -49.866876,
      -21.521957
     ],
     [
      -49.87052,
      -21.519432
     ],
     [
      -49.871175,
      -21.518985
     ],
     [
      -49.882642,
      -21.511133
     ],
     [
      -49.890865,
      -21.505512
     ],
     [
      -49.90582,
      -21.495163
     ],
     [
      -49.921416,
      -21.484464
     ],
     [
      -49.927053,
      -21.480596
     ],
     [
      -49.927273,
      -21.480445
     ],
     [
      -49.933634,
      -21.476079
     ],
     [
      -49.935791,
      -21.474598
     ],
     [
      -49.942036,
      -21.470311
     ],
     [
      -49.944165,
      -21.46884
     ],
     [
      -49.94552,
      -21.467872
     ],
     [
      -49.946027,
      -21.467455
     ],
     [
      -49.946459,
      -21.467023
     ],
     [
      -49.948678,
      -21.464714
     ],
     [
      -49.949323,
      -21.464044
     ],
     [
      -49.950045,
      -21.463288
     ]
    ]
   }
  },
  {
   "type": "Feature",
   "properties": {
    "id": "nob-variante-promissao",
    "method": "osm-current",
    "osm_ways": [
     169455854,
     186562392,
     186562393,
     253232740
    ],
    "bridged_gap_m": 0,
    "generated": "2026-10-03"
   },
   "geometry": {
    "type": "LineString",
    "coordinates": [
     [
      -49.797744,
      -21.603328
     ],
     [
      -49.800031,
      -21.58789
     ],
     [
      -49.802487,
      -21.5723
     ],
     [
      -49.803241,
      -21.567163
     ],
     [
      -49.803499,
      -21.565409
     ],
     [
      -49.803649,
      -21.564368
     ],
     [
      -49.80382,
      -21.563619
     ],
     [
      -49.804091,
      -21.562899
     ],
     [
      -49.804376,
      -21.562278
     ],
     [
      -49.804647,
      -21.561636
     ],
     [
      -49.805096,
      -21.560995
     ],
     [
      -49.805581,
      -21.560388
     ],
     [
      -49.806002,
      -21.559889
     ],
     [
      -49.806494,
      -21.559419
     ],
     [
      -49.806986,
      -21.558969
     ],
     [
      -49.807599,
      -21.558549
     ],
     [
      -49.808327,
      -21.558121
     ],
     [
      -49.808954,
      -21.5578
     ],
     [
      -49.809639,
      -21.557486
     ],
     [
      -49.814267,
      -21.555874
     ],
     [
      -49.825735,
      -21.551945
     ],
     [
      -49.826328,
      -21.551738
     ],
     [
      -49.836425,
      -21.548215
     ],
     [
      -49.837188,
      -21.547873
     ],
     [
      -49.837951,
      -21.547452
     ],
     [
      -49.838607,
      -21.547024
     ],
     [
      -49.839249,
      -21.546539
     ],
     [
      -49.839648,
      -21.546183
     ],
     [
      -49.841017,
      -21.544778
     ],
     [
      -49.84678,
      -21.538994
     ],
     [
      -49.851237,
      -21.534458
     ],
     [
      -49.852984,
      -21.532747
     ],
     [
      -49.853391,
      -21.532419
     ],
     [
      -49.854139,
      -21.531765
     ],
     [
      -49.855487,
      -21.530586
     ],
     [
      -49.859203,
      -21.527427
     ],
     [
      -49.860715,
      -21.526165
     ],
     [
      -49.861599,
      -21.525573
     ],
     [
      -49.86297,
      -21.524633
     ],
     [
      -49.864295,
      -21.523726
     ],
     [
      -49.866876,
      -21.521957
     ],
     [
      -49.87052,
      -21.519432
     ],
     [
      -49.871175,
      -21.518985
     ],
     [
      -49.882642,
      -21.511133
     ],
     [
      -49.890865,
      -21.505512
     ],
     [
      -49.90582,
      -21.495163
     ],
     [
      -49.921416,
      -21.484464
     ],
     [
      -49.927053,
      -21.480596
     ],
     [
      -49.927273,
      -21.480445
     ],
     [
      -49.933634,
      -21.476079
     ],
     [
      -49.935791,
      -21.474598
     ],
     [
      -49.942036,
      -21.470311
     ],
     [
      -49.944165,
      -21.46884
     ],
     [
      -49.94552,
      -21.467872
     ],
     [
      -49.946027,
      -21.467455
     ],
     [
      -49.946459,
      -21.467023
     ],
     [
      -49.948678,
      -21.464714
     ],
     [
      -49.949323,
      -21.464044
     ],
     [
      -49.950045,
      -21.463288
     ]
    ]
   }
  },
  {
   "type": "Feature",
   "properties": {
    "id": "nob-avanhandava-penapolis",
    "method": "osm-current",
    "osm_ways": [
     180350655,
     180350657,
     186562393
    ],
    "bridged_gap_m": 0,
    "generated": "2026-10-03"
   },
   "geometry": {
    "type": "LineString",
    "coordinates": [
     [
      -49.950045,
      -21.463288
     ],
     [
      -49.951467,
      -21.461819
     ],
     [
      -49.963433,
      -21.449428
     ],
     [
      -49.964313,
      -21.44853
     ],
     [
      -49.979101,
      -21.433338
     ],
     [
      -49.981549,
      -21.430826
     ],
     [
      -49.982264,
      -21.430159
     ],
     [
      -49.983043,
      -21.42957
     ],
     [
      -49.983727,
      -21.429078
     ],
     [
      -49.98511,
      -21.428124
     ],
     [
      -49.995363,
      -21.420859
     ],
     [
      -49.996338,
      -21.420175
     ],
     [
      -50.010434,
      -21.410287
     ],
     [
      -50.019924,
      -21.403722
     ],
     [
      -50.021164,
      -21.40307
     ],
     [
      -50.022436,
      -21.40245
     ],
     [
      -50.023883,
      -21.401925
     ],
     [
      -50.025281,
      -21.401496
     ],
     [
      -50.026744,
      -21.401194
     ],
     [
      -50.027928,
      -21.401027
     ],
     [
      -50.028095,
      -21.401003
     ],
     [
      -50.029605,
      -21.400829
     ],
     [
      -50.030988,
      -21.400829
     ],
     [
      -50.032419,
      -21.40094
     ],
     [
      -50.034072,
      -21.401194
     ],
     [
      -50.047519,
      -21.404019
     ],
     [
      -50.048052,
      -21.404131
     ],
     [
      -50.049206,
      -21.404374
     ],
     [
      -50.062928,
      -21.407324
     ],
     [
      -50.064881,
      -21.407744
     ],
     [
      -50.066722,
      -21.408178
     ],
     [
      -50.067717,
      -21.408515
     ],
     [
      -50.068873,
      -21.409064
     ],
     [
      -50.069052,
      -21.409183
     ],
     [
      -50.069296,
      -21.409338
     ],
     [
      -50.069527,
      -21.409477
     ],
     [
      -50.0705,
      -21.410209
     ],
     [
      -50.07131,
      -21.41094
     ],
     [
      -50.074039,
      -21.413519
     ],
     [
      -50.076132,
      -21.415498
     ],
     [
      -50.077503,
      -21.416841
     ]
    ]
   }
  },
  {
   "type": "Feature",
   "properties": {
    "id": "nob-variante-urutagua",
    "method": "osm-current",
    "osm_ways": [
     180350655,
     180350657,
     186562393
    ],
    "bridged_gap_m": 0,
    "generated": "2026-10-03"
   },
   "geometry": {
    "type": "LineString",
    "coordinates": [
     [
      -49.950045,
      -21.463288
     ],
     [
      -49.951467,
      -21.461819
     ],
     [
      -49.963433,
      -21.449428
     ],
     [
      -49.964313,
      -21.44853
     ],
     [
      -49.979101,
      -21.433338
     ],
     [
      -49.981549,
      -21.430826
     ],
     [
      -49.982264,
      -21.430159
     ],
     [
      -49.983043,
      -21.42957
     ],
     [
      -49.983727,
      -21.429078
     ],
     [
      -49.98511,
      -21.428124
     ],
     [
      -49.995363,
      -21.420859
     ],
     [
      -49.996338,
      -21.420175
     ],
     [
      -50.010434,
      -21.410287
     ],
     [
      -50.019924,
      -21.403722
     ],
     [
      -50.021164,
      -21.40307
     ],
     [
      -50.022436,
      -21.40245
     ],
     [
      -50.023883,
      -21.401925
     ],
     [
      -50.025281,
      -21.401496
     ],
     [
      -50.026744,
      -21.401194
     ],
     [
      -50.027928,
      -21.401027
     ],
     [
      -50.028095,
      -21.401003
     ],
     [
      -50.029605,
      -21.400829
     ],
     [
      -50.030988,
      -21.400829
     ],
     [
      -50.032419,
      -21.40094
     ],
     [
      -50.034072,
      -21.401194
     ],
     [
      -50.047519,
      -21.404019
     ],
     [
      -50.048052,
      -21.404131
     ],
     [
      -50.049206,
      -21.404374
     ],
     [
      -50.062928,
      -21.407324
     ],
     [
      -50.064881,
      -21.407744
     ],
     [
      -50.066722,
      -21.408178
     ],
     [
      -50.067717,
      -21.408515
     ],
     [
      -50.068873,
      -21.409064
     ],
     [
      -50.069052,
      -21.409183
     ],
     [
      -50.069296,
      -21.409338
     ],
     [
      -50.069527,
      -21.409477
     ],
     [
      -50.0705,
      -21.410209
     ],
     [
      -50.07131,
      -21.41094
     ],
     [
      -50.074039,
      -21.413519
     ],
     [
      -50.076132,
      -21.415498
     ],
     [
      -50.077503,
      -21.416841
     ]
    ]
   }
  },
  {
   "type": "Feature",
   "properties": {
    "id": "nob-penapolis-glicerio-esquematico",
    "method": "waypoints",
    "osm_ways": [],
    "bridged_gap_m": 0,
    "generated": "2026-10-03"
   },
   "geometry": {
    "type": "LineString",
    "coordinates": [
     [
      -50.077503,
      -21.416841
     ],
     [
      -50.163286,
      -21.386984
     ]
    ]
   }
  },
  {
   "type": "Feature",
   "properties": {
    "id": "nob-glicerio-original",
    "method": "osm-old",
    "osm_ways": [
     180127554,
     180127578,
     180127671,
     209252821,
     209252825,
     843492930,
     843635848,
     843635849
    ],
    "bridged_gap_m": 0,
    "generated": "2026-10-03"
   },
   "geometry": {
    "type": "LineString",
    "coordinates": [
     [
      -50.163286,
      -21.386984
     ],
     [
      -50.16368,
      -21.3867
     ],
     [
      -50.164058,
      -21.386403
     ],
     [
      -50.16548,
      -21.385325
     ],
     [
      -50.16635,
      -21.384662
     ],
     [
      -50.168239,
      -21.383278
     ],
     [
      -50.169267,
      -21.382475
     ],
     [
      -50.169704,
      -21.382162
     ],
     [
      -50.17001,
      -21.382006
     ],
     [
      -50.170443,
      -21.381869
     ],
     [
      -50.17113,
      -21.381698
     ],
     [
      -50.171719,
      -21.381554
     ],
     [
      -50.172474,
      -21.381505
     ],
     [
      -50.175507,
      -21.381845
     ],
     [
      -50.17847,
      -21.38213
     ],
     [
      -50.17888,
      -21.382142
     ],
     [
      -50.179226,
      -21.382097
     ],
     [
      -50.1796,
      -21.382004
     ],
     [
      -50.180272,
      -21.381811
     ],
     [
      -50.180952,
      -21.381495
     ],
     [
      -50.181548,
      -21.381093
     ],
     [
      -50.181988,
      -21.380606
     ],
     [
      -50.182293,
      -21.380079
     ],
     [
      -50.182486,
      -21.379667
     ],
     [
      -50.182607,
      -21.379229
     ],
     [
      -50.182653,
      -21.378949
     ],
     [
      -50.182682,
      -21.378606
     ],
     [
      -50.182714,
      -21.377976
     ],
     [
      -50.182732,
      -21.377596
     ],
     [
      -50.182755,
      -21.377455
     ],
     [
      -50.182809,
      -21.377313
     ],
     [
      -50.183303,
      -21.376403
     ],
     [
      -50.18337,
      -21.376261
     ],
     [
      -50.183439,
      -21.376015
     ],
     [
      -50.183653,
      -21.375167
     ],
     [
      -50.18379,
      -21.374767
     ],
     [
      -50.18394,
      -21.37443
     ],
     [
      -50.184041,
      -21.374234
     ],
     [
      -50.184126,
      -21.374065
     ],
     [
      -50.184252,
      -21.373884
     ],
     [
      -50.184659,
      -21.373337
     ],
     [
      -50.184769,
      -21.373209
     ],
     [
      -50.18487,
      -21.37311
     ],
     [
      -50.185044,
      -21.372955
     ],
     [
      -50.185438,
      -21.372593
     ],
     [
      -50.185917,
      -21.372144
     ],
     [
      -50.186589,
      -21.371445
     ],
     [
      -50.186857,
      -21.371181
     ],
     [
      -50.186987,
      -21.371058
     ],
     [
      -50.18731,
      -21.370883
     ],
     [
      -50.187491,
      -21.370825
     ],
     [
      -50.18795,
      -21.3707
     ],
     [
      -50.188497,
      -21.370595
     ],
     [
      -50.188961,
      -21.370535
     ],
     [
      -50.19043,
      -21.370365
     ],
     [
      -50.190765,
      -21.370341
     ],
     [
      -50.19102,
      -21.370356
     ],
     [
      -50.191306,
      -21.370386
     ],
     [
      -50.19159,
      -21.370444
     ],
     [
      -50.191888,
      -21.370535
     ],
     [
      -50.193198,
      -21.371056
     ],
     [
      -50.193343,
      -21.371114
     ],
     [
      -50.193674,
      -21.371249
     ],
     [
      -50.194097,
      -21.371442
     ],
     [
      -50.194328,
      -21.37161
     ],
     [
      -50.195046,
      -21.37229
     ],
     [
      -50.195726,
      -21.372963
     ],
     [
      -50.195883,
      -21.37313
     ],
     [
      -50.195996,
      -21.373271
     ],
     [
      -50.196229,
      -21.373591
     ],
     [
      -50.196469,
      -21.373858
     ],
     [
      -50.196886,
      -21.374235
     ],
     [
      -50.197719,
      -21.375052
     ],
     [
      -50.197902,
      -21.375236
     ],
     [
      -50.198028,
      -21.375401
     ],
     [
      -50.198104,
      -21.375524
     ],
     [
      -50.198171,
      -21.375689
     ],
     [
      -50.198207,
      -21.375866
     ],
     [
      -50.198247,
      -21.376175
     ],
     [
      -50.198289,
      -21.376578
     ],
     [
      -50.198362,
      -21.37694
     ],
     [
      -50.19844,
      -21.377209
     ],
     [
      -50.198497,
      -21.377385
     ],
     [
      -50.198562,
      -21.377536
     ],
     [
      -50.198719,
      -21.377801
     ],
     [
      -50.201361,
      -21.380717
     ],
     [
      -50.201926,
      -21.381359
     ],
     [
      -50.202394,
      -21.381904
     ],
     [
      -50.202504,
      -21.382005
     ],
     [
      -50.202705,
      -21.382149
     ],
     [
      -50.202987,
      -21.382302
     ],
     [
      -50.20324,
      -21.382384
     ],
     [
      -50.203485,
      -21.382428
     ],
     [
      -50.20365,
      -21.382436
     ],
     [
      -50.203929,
      -21.382437
     ],
     [
      -50.204136,
      -21.382435
     ],
     [
      -50.204401,
      -21.382438
     ],
     [
      -50.204918,
      -21.38241
     ],
     [
      -50.205494,
      -21.382329
     ],
     [
      -50.205885,
      -21.382243
     ],
     [
      -50.206181,
      -21.382143
     ],
     [
      -50.206508,
      -21.381976
     ],
     [
      -50.206901,
      -21.381658
     ],
     [
      -50.207636,
      -21.38108
     ],
     [
      -50.208044,
      -21.380752
     ],
     [
      -50.208763,
      -21.38015
     ],
     [
      -50.208966,
      -21.379977
     ],
     [
      -50.209509,
      -21.379542
     ],
     [
      -50.210202,
      -21.378948
     ],
     [
      -50.210269,
      -21.378902
     ],
     [
      -50.210926,
      -21.378363
     ],
     [
      -50.211737,
      -21.377683
     ],
     [
      -50.211967,
      -21.377521
     ],
     [
      -50.212152,
      -21.377419
     ],
     [
      -50.212398,
      -21.377339
     ],
     [
      -50.212668,
      -21.377293
     ],
     [
      -50.212885,
      -21.377291
     ],
     [
      -50.213113,
      -21.37732
     ],
     [
      -50.213356,
      -21.3774
     ],
     [
      -50.213573,
      -21.377504
     ],
     [
      -50.213746,
      -21.377618
     ],
     [
      -50.213872,
      -21.37776
     ],
     [
      -50.214012,
      -21.377926
     ],
     [
      -50.214116,
      -21.378102
     ],
     [
      -50.214191,
      -21.378269
     ],
     [
      -50.214291,
      -21.378601
     ],
     [
      -50.214387,
      -21.379017
     ],
     [
      -50.214464,
      -21.379327
     ],
     [
      -50.214537,
      -21.379592
     ],
     [
      -50.214668,
      -21.379916
     ],
     [
      -50.214866,
      -21.380274
     ],
     [
      -50.214984,
      -21.380417
     ],
     [
      -50.215153,
      -21.380597
     ],
     [
      -50.215585,
      -21.38098
     ],
     [
      -50.216138,
      -21.381473
     ],
     [
      -50.216821,
      -21.381994
     ],
     [
      -50.217163,
      -21.382239
     ],
     [
      -50.217559,
      -21.382449
     ],
     [
      -50.217932,
      -21.382574
     ],
     [
      -50.218323,
      -21.382636
     ],
     [
      -50.218691,
      -21.382624
     ],
     [
      -50.219077,
      -21.382566
     ],
     [
      -50.219477,
      -21.382411
     ],
     [
      -50.219761,
      -21.382269
     ],
     [
      -50.220048,
      -21.382014
     ],
     [
      -50.22151,
      -21.380546
     ],
     [
      -50.222304,
      -21.379771
     ],
     [
      -50.222862,
      -21.379357
     ],
     [
      -50.223629,
      -21.378952
     ],
     [
      -50.224149,
      -21.378777
     ],
     [
      -50.224519,
      -21.378717
     ],
     [
      -50.22497,
      -21.378707
     ],
     [
      -50.225431,
      -21.378767
     ],
     [
      -50.226048,
      -21.378912
     ],
     [
      -50.226681,
      -21.379117
     ],
     [
      -50.227282,
      -21.379287
     ],
     [
      -50.227609,
      -21.379372
     ],
     [
      -50.227947,
      -21.379432
     ],
     [
      -50.228371,
      -21.379487
     ],
     [
      -50.228741,
      -21.379537
     ],
     [
      -50.229278,
      -21.379572
     ],
     [
      -50.229937,
      -21.379622
     ],
     [
      -50.230597,
      -21.379712
     ],
     [
      -50.230935,
      -21.379747
     ],
     [
      -50.232217,
      -21.379846
     ],
     [
      -50.2327,
      -21.379911
     ],
     [
      -50.233194,
      -21.380001
     ],
     [
      -50.233553,
      -21.380106
     ],
     [
      -50.234052,
      -21.380321
     ],
     [
      -50.234288,
      -21.380481
     ],
     [
      -50.234508,
      -21.380666
     ],
     [
      -50.234712,
      -21.38085
     ],
     [
      -50.234969,
      -21.381155
     ],
     [
      -50.235382,
      -21.381645
     ],
     [
      -50.235688,
      -21.381964
     ],
     [
      -50.235951,
      -21.382219
     ],
     [
      -50.236171,
      -21.382429
     ],
     [
      -50.236391,
      -21.382549
     ],
     [
      -50.236746,
      -21.38272
     ]
    ]
   }
  },
  {
   "type": "Feature",
   "properties": {
    "id": "nob-variante-glicerio",
    "method": "osm-current",
    "osm_ways": [
     180350655,
     209252830,
     209252846
    ],
    "bridged_gap_m": 0,
    "generated": "2026-10-03"
   },
   "geometry": {
    "type": "LineString",
    "coordinates": [
     [
      -50.077503,
      -21.416841
     ],
     [
      -50.080878,
      -21.419984
     ],
     [
      -50.080936,
      -21.420038
     ],
     [
      -50.081192,
      -21.420283
     ],
     [
      -50.082559,
      -21.421568
     ],
     [
      -50.082643,
      -21.421671
     ],
     [
      -50.089221,
      -21.427925
     ],
     [
      -50.094103,
      -21.432539
     ],
     [
      -50.094728,
      -21.433059
     ],
     [
      -50.095207,
      -21.433449
     ],
     [
      -50.095926,
      -21.433923
     ],
     [
      -50.096873,
      -21.434554
     ],
     [
      -50.097736,
      -21.435102
     ],
     [
      -50.099064,
      -21.435716
     ],
     [
      -50.100558,
      -21.43633
     ],
     [
      -50.102467,
      -21.436928
     ],
     [
      -50.104244,
      -21.437277
     ],
     [
      -50.105854,
      -21.437476
     ],
     [
      -50.107415,
      -21.437526
     ],
     [
      -50.108975,
      -21.437542
     ],
     [
      -50.110635,
      -21.437376
     ],
     [
      -50.112163,
      -21.437077
     ],
     [
      -50.113624,
      -21.436662
     ],
     [
      -50.133114,
      -21.430055
     ],
     [
      -50.146977,
      -21.425314
     ],
     [
      -50.151015,
      -21.423999
     ],
     [
      -50.151602,
      -21.423823
     ],
     [
      -50.152119,
      -21.423636
     ],
     [
      -50.153263,
      -21.423225
     ],
     [
      -50.154056,
      -21.422931
     ],
     [
      -50.155007,
      -21.42252
     ],
     [
      -50.155564,
      -21.422291
     ],
     [
      -50.155975,
      -21.422098
     ],
     [
      -50.156345,
      -21.421881
     ],
     [
      -50.16049,
      -21.419468
     ],
     [
      -50.180446,
      -21.40784
     ],
     [
      -50.193487,
      -21.400327
     ],
     [
      -50.20331,
      -21.394604
     ],
     [
      -50.203411,
      -21.394545
     ],
     [
      -50.20414,
      -21.394121
     ],
     [
      -50.205116,
      -21.393575
     ],
     [
      -50.205904,
      -21.393058
     ],
     [
      -50.20649,
      -21.392617
     ],
     [
      -50.207084,
      -21.392133
     ],
     [
      -50.207745,
      -21.391548
     ],
     [
      -50.209145,
      -21.390173
     ],
     [
      -50.210087,
      -21.389317
     ],
     [
      -50.212036,
      -21.387431
     ],
     [
      -50.21253,
      -21.38695
     ],
     [
      -50.212672,
      -21.386823
     ],
     [
      -50.212946,
      -21.386578
     ],
     [
      -50.213012,
      -21.386518
     ],
     [
      -50.213336,
      -21.386229
     ],
     [
      -50.214778,
      -21.385118
     ],
     [
      -50.215804,
      -21.384456
     ],
     [
      -50.216729,
      -21.383879
     ],
     [
      -50.217925,
      -21.383302
     ],
     [
      -50.218688,
      -21.38298
     ],
     [
      -50.22008,
      -21.382386
     ],
     [
      -50.22114,
      -21.38203
     ],
     [
      -50.2222,
      -21.381758
     ],
     [
      -50.223312,
      -21.381487
     ],
     [
      -50.224321,
      -21.3813
     ],
     [
      -50.225339,
      -21.381182
     ],
     [
      -50.226306,
      -21.381105
     ],
     [
      -50.227409,
      -21.381063
     ],
     [
      -50.228495,
      -21.381088
     ],
     [
      -50.229462,
      -21.381139
     ],
     [
      -50.230403,
      -21.381207
     ],
     [
      -50.23166,
      -21.381396
     ],
     [
      -50.232992,
      -21.38166
     ],
     [
      -50.234252,
      -21.381984
     ],
     [
      -50.235211,
      -21.382272
     ],
     [
      -50.236746,
      -21.38272
     ]
    ]
   }
  },
  {
   "type": "Feature",
   "properties": {
    "id": "nob-glicerio-coroados",
    "method": "osm-current",
    "osm_ways": [
     209252830
    ],
    "bridged_gap_m": 0,
    "generated": "2026-10-03"
   },
   "geometry": {
    "type": "LineString",
    "coordinates": [
     [
      -50.236746,
      -21.38272
     ],
     [
      -50.239287,
      -21.383462
     ],
     [
      -50.242216,
      -21.384317
     ],
     [
      -50.242678,
      -21.384455
     ],
     [
      -50.243266,
      -21.384545
     ],
     [
      -50.24413,
      -21.384599
     ],
     [
      -50.244861,
      -21.384569
     ],
     [
      -50.245551,
      -21.384467
     ],
     [
      -50.246247,
      -21.384293
     ],
     [
      -50.246883,
      -21.384047
     ],
     [
      -50.247411,
      -21.383807
     ],
     [
      -50.247914,
      -21.383484
     ],
     [
      -50.248862,
      -21.382728
     ],
     [
      -50.24911,
      -21.382523
     ],
     [
      -50.253313,
      -21.379051
     ],
     [
      -50.258664,
      -21.37466
     ],
     [
      -50.265682,
      -21.368878
     ],
     [
      -50.27273,
      -21.363065
     ],
     [
      -50.280472,
      -21.356807
     ],
     [
      -50.281727,
      -21.355774
     ],
     [
      -50.281895,
      -21.355638
     ],
     [
      -50.283084,
      -21.354673
     ],
     [
      -50.284506,
      -21.353521
     ],
     [
      -50.285221,
      -21.352939
     ],
     [
      -50.286067,
      -21.352254
     ],
     [
      -50.286506,
      -21.351891
     ],
     [
      -50.28733,
      -21.351211
     ],
     [
      -50.288912,
      -21.349904
     ]
    ]
   }
  },
  {
   "type": "Feature",
   "properties": {
    "id": "nob-coroados-birigui-guatambu-original",
    "method": "osm-old",
    "osm_ways": [
     180346139,
     202451512,
     202451538,
     205301584,
     205386870,
     206039653,
     206039682,
     206039707,
     206039878,
     564429816,
     740796344,
     740796348,
     740796364,
     740796373,
     740796374,
     740796382,
     740796383,
     740796384,
     740796385,
     740796386,
     740796388,
     740796389,
     740799715,
     740799716,
     740799718,
     740805313,
     865290787,
     890063315,
     892136744
    ],
    "bridged_gap_m": 15,
    "generated": "2026-10-03"
   },
   "geometry": {
    "type": "LineString",
    "coordinates": [
     [
      -50.288912,
      -21.349904
     ],
     [
      -50.290438,
      -21.348554
     ],
     [
      -50.290974,
      -21.348122
     ],
     [
      -50.296184,
      -21.343955
     ],
     [
      -50.296485,
      -21.343665
     ],
     [
      -50.296709,
      -21.343385
     ],
     [
      -50.296836,
      -21.343125
     ],
     [
      -50.297116,
      -21.342266
     ],
     [
      -50.297483,
      -21.340876
     ],
     [
      -50.297626,
      -21.340231
     ],
     [
      -50.297766,
      -21.339785
     ],
     [
      -50.298115,
      -21.338511
     ],
     [
      -50.298527,
      -21.336856
     ],
     [
      -50.29868,
      -21.336324
     ],
     [
      -50.298733,
      -21.336113
     ],
     [
      -50.298805,
      -21.33581
     ],
     [
      -50.298919,
      -21.335296
     ],
     [
      -50.299079,
      -21.334691
     ],
     [
      -50.299138,
      -21.334262
     ],
     [
      -50.299164,
      -21.333774
     ],
     [
      -50.299176,
      -21.333258
     ],
     [
      -50.29914,
      -21.332865
     ],
     [
      -50.299113,
      -21.332401
     ],
     [
      -50.299112,
      -21.332144
     ],
     [
      -50.299116,
      -21.332033
     ],
     [
      -50.299149,
      -21.331837
     ],
     [
      -50.299187,
      -21.331702
     ],
     [
      -50.299336,
      -21.331426
     ],
     [
      -50.299435,
      -21.331272
     ],
     [
      -50.299551,
      -21.331137
     ],
     [
      -50.299776,
      -21.330937
     ],
     [
      -50.300155,
      -21.330625
     ],
     [
      -50.300349,
      -21.330435
     ],
     [
      -50.300517,
      -21.330239
     ],
     [
      -50.300627,
      -21.330099
     ],
     [
      -50.300716,
      -21.32994
     ],
     [
      -50.300901,
      -21.32957
     ],
     [
      -50.301162,
      -21.32894
     ],
     [
      -50.30128,
      -21.328674
     ],
     [
      -50.301392,
      -21.328426
     ],
     [
      -50.301522,
      -21.328212
     ],
     [
      -50.301635,
      -21.328048
     ],
     [
      -50.301757,
      -21.327918
     ],
     [
      -50.301898,
      -21.3278
     ],
     [
      -50.302142,
      -21.327643
     ],
     [
      -50.302442,
      -21.327497
     ],
     [
      -50.303269,
      -21.327114
     ],
     [
      -50.303548,
      -21.326997
     ],
     [
      -50.303944,
      -21.326796
     ],
     [
      -50.304322,
      -21.326547
     ],
     [
      -50.304534,
      -21.326404
     ],
     [
      -50.304912,
      -21.326123
     ],
     [
      -50.305047,
      -21.326008
     ],
     [
      -50.305203,
      -21.325846
     ],
     [
      -50.305336,
      -21.325678
     ],
     [
      -50.305452,
      -21.325523
     ],
     [
      -50.30582,
      -21.324933
     ],
     [
      -50.306162,
      -21.324415
     ],
     [
      -50.306445,
      -21.324012
     ],
     [
      -50.306789,
      -21.323523
     ],
     [
      -50.307021,
      -21.32321
     ],
     [
      -50.307087,
      -21.323114
     ],
     [
      -50.30715,
      -21.323024
     ],
     [
      -50.30727,
      -21.322835
     ],
     [
      -50.30744,
      -21.322527
     ],
     [
      -50.307634,
      -21.322199
     ],
     [
      -50.30774,
      -21.322037
     ],
     [
      -50.307924,
      -21.321797
     ],
     [
      -50.308224,
      -21.321446
     ],
     [
      -50.308656,
      -21.320941
     ],
     [
      -50.308907,
      -21.320644
     ],
     [
      -50.309089,
      -21.320444
     ],
     [
      -50.309352,
      -21.320186
     ],
     [
      -50.309451,
      -21.320097
     ],
     [
      -50.309784,
      -21.319845
     ],
     [
      -50.310081,
      -21.319634
     ],
     [
      -50.310228,
      -21.319532
     ],
     [
      -50.310664,
      -21.319268
     ],
     [
      -50.3112,
      -21.318967
     ],
     [
      -50.311901,
      -21.318551
     ],
     [
      -50.312124,
      -21.318411
     ],
     [
      -50.312261,
      -21.318299
     ],
     [
      -50.312414,
      -21.318146
     ],
     [
      -50.312524,
      -21.318006
     ],
     [
      -50.312609,
      -21.317879
     ],
     [
      -50.312702,
      -21.317705
     ],
     [
      -50.31276,
      -21.317555
     ],
     [
      -50.312796,
      -21.317386
     ],
     [
      -50.312817,
      -21.317249
     ],
     [
      -50.31284,
      -21.317074
     ],
     [
      -50.31287,
      -21.31668
     ],
     [
      -50.312938,
      -21.3157
     ],
     [
      -50.312987,
      -21.315081
     ],
     [
      -50.313017,
      -21.31477
     ],
     [
      -50.313079,
      -21.31449
     ],
     [
      -50.313232,
      -21.313838
     ],
     [
      -50.313424,
      -21.313279
     ],
     [
      -50.313807,
      -21.312367
     ],
     [
      -50.313999,
      -21.311847
     ],
     [
      -50.314254,
      -21.311255
     ],
     [
      -50.314657,
      -21.310268
     ],
     [
      -50.314761,
      -21.310053
     ],
     [
      -50.315052,
      -21.309431
     ],
     [
      -50.315305,
      -21.309013
     ],
     [
      -50.315542,
      -21.308676
     ],
     [
      -50.316125,
      -21.307892
     ],
     [
      -50.31633,
      -21.307591
     ],
     [
      -50.31639,
      -21.307509
     ],
     [
      -50.316639,
      -21.307251
     ],
     [
      -50.316641,
      -21.30724
     ],
     [
      -50.317072,
      -21.30684
     ],
     [
      -50.317691,
      -21.306455
     ],
     [
      -50.318254,
      -21.306138
     ],
     [
      -50.318541,
      -21.305995
     ],
     [
      -50.318828,
      -21.305904
     ],
     [
      -50.318957,
      -21.305868
     ],
     [
      -50.319091,
      -21.305845
     ],
     [
      -50.319331,
      -21.305825
     ],
     [
      -50.319574,
      -21.305825
     ],
     [
      -50.31977,
      -21.305848
     ],
     [
      -50.319934,
      -21.305885
     ],
     [
      -50.320121,
      -21.305962
     ],
     [
      -50.320887,
      -21.306291
     ],
     [
      -50.321659,
      -21.306623
     ],
     [
      -50.322434,
      -21.306961
     ],
     [
      -50.322589,
      -21.307022
     ],
     [
      -50.322887,
      -21.307102
     ],
     [
      -50.323281,
      -21.307158
     ],
     [
      -50.323471,
      -21.30716
     ],
     [
      -50.323637,
      -21.30723
     ],
     [
      -50.323974,
      -21.307282
     ],
     [
      -50.325822,
      -21.307434
     ],
     [
      -50.326236,
      -21.307455
     ],
     [
      -50.326778,
      -21.30745
     ],
     [
      -50.328299,
      -21.307329
     ],
     [
      -50.330247,
      -21.307163
     ],
     [
      -50.330888,
      -21.307122
     ],
     [
      -50.331594,
      -21.307057
     ],
     [
      -50.331668,
      -21.307051
     ],
     [
      -50.331996,
      -21.307015
     ],
     [
      -50.332318,
      -21.306943
     ],
     [
      -50.332628,
      -21.306835
     ],
     [
      -50.333105,
      -21.306607
     ],
     [
      -50.333266,
      -21.306487
     ],
     [
      -50.333316,
      -21.306435
     ],
     [
      -50.333403,
      -21.306344
     ],
     [
      -50.333513,
      -21.306182
     ],
     [
      -50.333643,
      -21.30598
     ],
     [
      -50.333704,
      -21.305849
     ],
     [
      -50.333746,
      -21.305712
     ],
     [
      -50.333763,
      -21.305596
     ],
     [
      -50.333767,
      -21.305571
     ],
     [
      -50.333769,
      -21.305314
     ],
     [
      -50.333739,
      -21.305058
     ],
     [
      -50.333661,
      -21.304591
     ],
     [
      -50.333623,
      -21.30445
     ],
     [
      -50.333588,
      -21.30437
     ],
     [
      -50.333564,
      -21.304317
     ],
     [
      -50.333485,
      -21.304192
     ],
     [
      -50.333418,
      -21.304114
     ],
     [
      -50.333388,
      -21.304079
     ],
     [
      -50.333274,
      -21.30398
     ],
     [
      -50.332842,
      -21.303679
     ],
     [
      -50.331958,
      -21.303063
     ],
     [
      -50.331553,
      -21.302757
     ],
     [
      -50.331515,
      -21.302728
     ],
     [
      -50.331354,
      -21.302596
     ],
     [
      -50.331281,
      -21.302513
     ],
     [
      -50.331185,
      -21.302399
     ],
     [
      -50.331113,
      -21.302296
     ],
     [
      -50.331046,
      -21.30217
     ],
     [
      -50.330967,
      -21.301982
     ],
     [
      -50.330926,
      -21.301838
     ],
     [
      -50.330913,
      -21.301792
     ],
     [
      -50.330899,
      -21.301667
     ],
     [
      -50.330904,
      -21.301543
     ],
     [
      -50.330928,
      -21.301384
     ],
     [
      -50.330949,
      -21.301256
     ],
     [
      -50.330975,
      -21.301133
     ],
     [
      -50.331089,
      -21.30084
     ],
     [
      -50.331158,
      -21.300714
     ],
     [
      -50.331232,
      -21.300579
     ],
     [
      -50.331426,
      -21.300335
     ],
     [
      -50.331645,
      -21.300151
     ],
     [
      -50.332188,
      -21.29976
     ],
     [
      -50.332441,
      -21.29957
     ],
     [
      -50.332475,
      -21.299544
     ],
     [
      -50.332709,
      -21.299307
     ],
     [
      -50.332899,
      -21.299033
     ],
     [
      -50.333045,
      -21.298735
     ],
     [
      -50.333137,
      -21.298415
     ],
     [
      -50.333139,
      -21.298052
     ],
     [
      -50.33308,
      -21.297718
     ],
     [
      -50.332876,
      -21.297123
     ],
     [
      -50.332785,
      -21.296863
     ],
     [
      -50.332701,
      -21.296622
     ],
     [
      -50.332676,
      -21.296321
     ],
     [
      -50.332708,
      -21.296018
     ],
     [
      -50.33274,
      -21.295909
     ],
     [
      -50.332801,
      -21.295696
     ],
     [
      -50.332936,
      -21.295449
     ],
     [
      -50.333119,
      -21.295211
     ],
     [
      -50.333359,
      -21.294987
     ],
     [
      -50.333627,
      -21.294813
     ],
     [
      -50.333896,
      -21.2947
     ],
     [
      -50.33412,
      -21.294664
     ],
     [
      -50.334442,
      -21.294528
     ],
     [
      -50.334726,
      -21.294478
     ],
     [
      -50.335023,
      -21.294451
     ],
     [
      -50.335089,
      -21.294451
     ],
     [
      -50.335837,
      -21.294462
     ],
     [
      -50.335913,
      -21.294464
     ],
     [
      -50.33608,
      -21.294418
     ],
     [
      -50.336266,
      -21.29432
     ],
     [
      -50.336392,
      -21.2942
     ],
     [
      -50.33648,
      -21.29402
     ],
     [
      -50.336614,
      -21.293705
     ],
     [
      -50.336692,
      -21.293478
     ],
     [
      -50.336724,
      -21.293243
     ],
     [
      -50.336743,
      -21.292901
     ],
     [
      -50.33674,
      -21.292573
     ],
     [
      -50.33674,
      -21.292181
     ],
     [
      -50.336727,
      -21.291361
     ],
     [
      -50.33674,
      -21.290147
     ],
     [
      -50.336848,
      -21.289487
     ],
     [
      -50.336931,
      -21.289262
     ],
     [
      -50.337076,
      -21.288957
     ],
     [
      -50.33725,
      -21.288587
     ],
     [
      -50.337392,
      -21.28835
     ],
     [
      -50.337644,
      -21.28795
     ],
     [
      -50.337907,
      -21.28759
     ],
     [
      -50.33824,
      -21.28733
     ],
     [
      -50.339821,
      -21.286266
     ],
     [
      -50.340409,
      -21.285935
     ],
     [
      -50.340817,
      -21.285773
     ],
     [
      -50.341158,
      -21.285656
     ],
     [
      -50.341917,
      -21.285536
     ],
     [
      -50.342401,
      -21.285479
     ],
     [
      -50.342732,
      -21.285408
     ],
     [
      -50.343113,
      -21.285305
     ],
     [
      -50.343296,
      -21.285211
     ],
     [
      -50.34351,
      -21.285053
     ],
     [
      -50.343644,
      -21.284908
     ],
     [
      -50.343738,
      -21.284691
     ],
     [
      -50.343862,
      -21.284276
     ],
     [
      -50.343918,
      -21.283954
     ],
     [
      -50.343942,
      -21.283514
     ],
     [
      -50.34398,
      -21.283244
     ],
     [
      -50.344095,
      -21.282901
     ],
     [
      -50.34423,
      -21.282672
     ],
     [
      -50.344457,
      -21.282331
     ],
     [
      -50.344843,
      -21.281952
     ],
     [
      -50.34509,
      -21.281782
     ],
     [
      -50.345522,
      -21.281509
     ],
     [
      -50.345806,
      -21.281379
     ],
     [
      -50.346064,
      -21.281292
     ],
     [
      -50.346431,
      -21.281212
     ],
     [
      -50.346801,
      -21.281182
     ],
     [
      -50.347193,
      -21.281212
     ],
     [
      -50.350266,
      -21.281657
     ],
     [
      -50.350492,
      -21.281684
     ],
     [
      -50.350701,
      -21.281677
     ],
     [
      -50.35094,
      -21.281612
     ],
     [
      -50.351227,
      -21.281497
     ],
     [
      -50.35146,
      -21.281349
     ],
     [
      -50.351637,
      -21.281169
     ],
     [
      -50.351844,
      -21.280949
     ],
     [
      -50.351926,
      -21.280844
     ],
     [
      -50.352013,
      -21.280732
     ],
     [
      -50.35216,
      -21.28038
     ],
     [
      -50.352203,
      -21.280137
     ],
     [
      -50.352144,
      -21.279787
     ],
     [
      -50.351999,
      -21.279477
     ],
     [
      -50.351822,
      -21.279227
     ],
     [
      -50.351608,
      -21.279022
     ],
     [
      -50.35135,
      -21.278867
     ],
     [
      -50.351018,
      -21.278757
     ],
     [
      -50.350701,
      -21.278697
     ],
     [
      -50.349544,
      -21.278562
     ],
     [
      -50.348817,
      -21.278477
     ],
     [
      -50.348407,
      -21.278387
     ],
     [
      -50.346646,
      -21.278003
     ],
     [
      -50.34635,
      -21.277942
     ],
     [
      -50.346061,
      -21.277855
     ],
     [
      -50.345791,
      -21.277725
     ],
     [
      -50.345546,
      -21.277557
     ],
     [
      -50.345477,
      -21.277482
     ],
     [
      -50.345351,
      -21.277348
     ],
     [
      -50.345178,
      -21.277115
     ],
     [
      -50.345095,
      -21.276974
     ],
     [
      -50.345033,
      -21.276871
     ],
     [
      -50.344956,
      -21.276591
     ],
     [
      -50.34494,
      -21.276307
     ],
     [
      -50.344976,
      -21.276033
     ],
     [
      -50.345032,
      -21.275793
     ],
     [
      -50.345136,
      -21.275523
     ],
     [
      -50.345257,
      -21.275279
     ],
     [
      -50.345442,
      -21.275062
     ],
     [
      -50.345675,
      -21.274843
     ],
     [
      -50.34582,
      -21.274743
     ],
     [
      -50.346026,
      -21.274633
     ],
     [
      -50.346247,
      -21.274555
     ],
     [
      -50.346433,
      -21.274504
     ],
     [
      -50.346664,
      -21.274481
     ],
     [
      -50.346994,
      -21.274476
     ],
     [
      -50.347222,
      -21.274499
     ],
     [
      -50.348099,
      -21.274693
     ],
     [
      -50.34855,
      -21.274783
     ],
     [
      -50.348883,
      -21.274813
     ],
     [
      -50.349306,
      -21.274788
     ],
     [
      -50.349709,
      -21.274653
     ],
     [
      -50.350154,
      -21.274443
     ],
     [
      -50.350884,
      -21.273844
     ],
     [
      -50.35142,
      -21.273299
     ],
     [
      -50.351624,
      -21.273004
     ],
     [
      -50.352879,
      -21.270539
     ],
     [
      -50.353201,
      -21.26951
     ],
     [
      -50.353721,
      -21.26769
     ],
     [
      -50.353968,
      -21.26722
     ],
     [
      -50.354387,
      -21.26681
     ],
     [
      -50.354907,
      -21.26655
     ],
     [
      -50.355867,
      -21.26638
     ],
     [
      -50.357369,
      -21.26623
     ],
     [
      -50.358195,
      -21.266165
     ],
     [
      -50.358706,
      -21.266002
     ],
     [
      -50.359435,
      -21.265697
     ],
     [
      -50.36024,
      -21.265122
     ],
     [
      -50.361629,
      -21.263873
     ],
     [
      -50.36548,
      -21.260861
     ],
     [
      -50.365931,
      -21.260471
     ],
     [
      -50.366886,
      -21.259311
     ],
     [
      -50.36725,
      -21.258581
     ],
     [
      -50.367744,
      -21.257751
     ],
     [
      -50.368205,
      -21.256981
     ],
     [
      -50.368795,
      -21.256462
     ],
     [
      -50.369278,
      -21.256082
     ],
     [
      -50.371295,
      -21.254932
     ],
     [
      -50.372486,
      -21.254402
     ],
     [
      -50.373436,
      -21.253992
     ],
     [
      -50.373875,
      -21.253887
     ],
     [
      -50.374278,
      -21.253842
     ],
     [
      -50.37468,
      -21.253847
     ],
     [
      -50.37505,
      -21.253927
     ],
     [
      -50.375453,
      -21.254132
     ],
     [
      -50.375922,
      -21.254585
     ],
     [
      -50.376429,
      -21.255032
     ],
     [
      -50.377657,
      -21.256127
     ],
     [
      -50.377877,
      -21.256417
     ],
     [
      -50.37814,
      -21.256811
     ],
     [
      -50.378339,
      -21.257466
     ],
     [
      -50.378521,
      -21.258551
     ],
     [
      -50.378671,
      -21.258891
     ],
     [
      -50.378982,
      -21.259176
     ],
     [
      -50.379294,
      -21.259354
     ],
     [
      -50.379564,
      -21.259464
     ],
     [
      -50.379908,
      -21.259536
     ],
     [
      -50.380323,
      -21.259521
     ],
     [
      -50.38056,
      -21.259469
     ],
     [
      -50.380806,
      -21.259391
     ],
     [
      -50.381252,
      -21.259166
     ],
     [
      -50.381721,
      -21.258949
     ],
     [
      -50.38211,
      -21.258836
     ],
     [
      -50.382434,
      -21.258784
     ],
     [
      -50.382695,
      -21.258784
     ],
     [
      -50.382931,
      -21.258816
     ],
     [
      -50.383236,
      -21.258886
     ],
     [
      -50.38355,
      -21.258976
     ],
     [
      -50.384996,
      -21.259484
     ],
     [
      -50.385742,
      -21.259786
     ],
     [
      -50.389931,
      -21.261506
     ],
     [
      -50.390645,
      -21.261806
     ],
     [
      -50.391047,
      -21.261936
     ],
     [
      -50.391565,
      -21.262028
     ],
     [
      -50.392047,
      -21.262052
     ]
    ]
   }
  },
  {
   "type": "Feature",
   "properties": {
    "id": "nob-variante-coroados-guatambu",
    "method": "osm-current",
    "osm_ways": [
     116025622,
     564429817,
     564429818,
     565843832,
     565843834
    ],
    "bridged_gap_m": 0,
    "generated": "2026-10-03"
   },
   "geometry": {
    "type": "LineString",
    "coordinates": [
     [
      -50.288912,
      -21.349904
     ],
     [
      -50.290082,
      -21.349112
     ],
     [
      -50.291247,
      -21.348352
     ],
     [
      -50.292742,
      -21.347396
     ],
     [
      -50.305542,
      -21.339108
     ],
     [
      -50.308423,
      -21.337257
     ],
     [
      -50.310016,
      -21.336337
     ],
     [
      -50.311181,
      -21.335786
     ],
     [
      -50.312419,
      -21.335295
     ],
     [
      -50.313486,
      -21.334952
     ],
     [
      -50.319714,
      -21.333211
     ],
     [
      -50.322374,
      -21.332377
     ],
     [
      -50.323342,
      -21.331898
     ],
     [
      -50.324633,
      -21.331109
     ],
     [
      -50.325585,
      -21.330382
     ],
     [
      -50.326587,
      -21.329468
     ],
     [
      -50.329197,
      -21.326313
     ],
     [
      -50.338477,
      -21.315285
     ],
     [
      -50.339726,
      -21.313794
     ],
     [
      -50.340406,
      -21.312905
     ],
     [
      -50.341341,
      -21.311404
     ],
     [
      -50.341952,
      -21.310278
     ],
     [
      -50.343652,
      -21.306882
     ],
     [
      -50.34419,
      -21.305893
     ],
     [
      -50.344575,
      -21.305247
     ],
     [
      -50.345194,
      -21.304393
     ],
     [
      -50.345553,
      -21.303959
     ],
     [
      -50.345918,
      -21.303534
     ],
     [
      -50.346537,
      -21.302947
     ],
     [
      -50.347004,
      -21.302539
     ],
     [
      -50.347518,
      -21.302141
     ],
     [
      -50.34858,
      -21.301274
     ],
     [
      -50.351812,
      -21.298654
     ],
     [
      -50.354259,
      -21.296631
     ],
     [
      -50.354742,
      -21.296198
     ],
     [
      -50.355222,
      -21.295736
     ],
     [
      -50.355752,
      -21.295184
     ],
     [
      -50.35629,
      -21.294467
     ],
     [
      -50.356642,
      -21.293879
     ],
     [
      -50.356959,
      -21.293228
     ],
     [
      -50.357236,
      -21.292636
     ],
     [
      -50.357342,
      -21.292336
     ],
     [
      -50.357556,
      -21.291636
     ],
     [
      -50.359271,
      -21.285029
     ],
     [
      -50.359936,
      -21.282601
     ],
     [
      -50.360185,
      -21.281909
     ],
     [
      -50.360461,
      -21.281249
     ],
     [
      -50.360786,
      -21.280624
     ],
     [
      -50.361168,
      -21.280012
     ],
     [
      -50.361529,
      -21.27951
     ],
     [
      -50.361907,
      -21.279044
     ],
     [
      -50.362366,
      -21.278542
     ],
     [
      -50.362901,
      -21.27804
     ],
     [
      -50.363568,
      -21.277483
     ],
     [
      -50.364281,
      -21.276982
     ],
     [
      -50.375368,
      -21.270342
     ],
     [
      -50.378541,
      -21.268428
     ],
     [
      -50.379045,
      -21.268118
     ],
     [
      -50.384802,
      -21.264635
     ],
     [
      -50.38662,
      -21.263692
     ],
     [
      -50.388473,
      -21.262931
     ],
     [
      -50.390316,
      -21.262392
     ],
     [
      -50.392047,
      -21.262052
     ]
    ]
   }
  },
  {
   "type": "Feature",
   "properties": {
    "id": "nob-guatambu-aracatuba-leste",
    "method": "osm-current",
    "osm_ways": [
     116025526
    ],
    "bridged_gap_m": 0,
    "generated": "2026-10-03"
   },
   "geometry": {
    "type": "LineString",
    "coordinates": [
     [
      -50.392047,
      -21.262052
     ],
     [
      -50.398129,
      -21.261218
     ],
     [
      -50.400636,
      -21.26089
     ],
     [
      -50.40255,
      -21.26058
     ],
     [
      -50.404297,
      -21.260139
     ],
     [
      -50.40603,
      -21.259543
     ],
     [
      -50.407707,
      -21.258773
     ],
     [
      -50.409027,
      -21.258045
     ],
     [
      -50.411086,
      -21.256587
     ],
     [
      -50.412524,
      -21.255291
     ],
     [
      -50.413684,
      -21.254026
     ],
     [
      -50.414708,
      -21.252646
     ],
     [
      -50.418359,
      -21.247242
     ],
     [
      -50.421983,
      -21.241764
     ]
    ]
   }
  },
  {
   "type": "Feature",
   "properties": {
    "id": "nob-aracatuba-centro-leste",
    "method": "osm-old",
    "osm_ways": [
     115881228,
     161709022,
     161709028,
     180190116,
     180275855,
     191152888,
     202278919,
     202498999,
     209612319,
     253364470,
     253364768,
     740821714,
     740821721,
     740821722,
     740821723,
     740821724,
     740821726,
     1171085431
    ],
    "bridged_gap_m": 6,
    "generated": "2026-10-03"
   },
   "geometry": {
    "type": "LineString",
    "coordinates": [
     [
      -50.421983,
      -21.241764
     ],
     [
      -50.42248,
      -21.240732
     ],
     [
      -50.423423,
      -21.239399
     ],
     [
      -50.42395,
      -21.238728
     ],
     [
      -50.425341,
      -21.236741
     ],
     [
      -50.427854,
      -21.232986
     ],
     [
      -50.427951,
      -21.232838
     ],
     [
      -50.428077,
      -21.232645
     ],
     [
      -50.429537,
      -21.230419
     ],
     [
      -50.429862,
      -21.229939
     ],
     [
      -50.431024,
      -21.22823
     ],
     [
      -50.431416,
      -21.227665
     ],
     [
      -50.431467,
      -21.227638
     ],
     [
      -50.431518,
      -21.227501
     ],
     [
      -50.431859,
      -21.22698
     ],
     [
      -50.432249,
      -21.226402
     ],
     [
      -50.432641,
      -21.225749
     ],
     [
      -50.432805,
      -21.225453
     ],
     [
      -50.43302,
      -21.225164
     ],
     [
      -50.43339,
      -21.224618
     ],
     [
      -50.433651,
      -21.22427
     ],
     [
      -50.434103,
      -21.223731
     ],
     [
      -50.434275,
      -21.223435
     ],
     [
      -50.434416,
      -21.223168
     ],
     [
      -50.434448,
      -21.223109
     ],
     [
      -50.434502,
      -21.223007
     ],
     [
      -50.434746,
      -21.222516
     ],
     [
      -50.434936,
      -21.222049
     ],
     [
      -50.435061,
      -21.2216
     ],
     [
      -50.435122,
      -21.221135
     ],
     [
      -50.435147,
      -21.220898
     ],
     [
      -50.435158,
      -21.220639
     ],
     [
      -50.435151,
      -21.220467
     ],
     [
      -50.435129,
      -21.220254
     ],
     [
      -50.435095,
      -21.220047
     ],
     [
      -50.435039,
      -21.219817
     ],
     [
      -50.43475,
      -21.218929
     ],
     [
      -50.434611,
      -21.218618
     ],
     [
      -50.434472,
      -21.218396
     ],
     [
      -50.434304,
      -21.218182
     ],
     [
      -50.432337,
      -21.216374
     ],
     [
      -50.431835,
      -21.215967
     ],
     [
      -50.431344,
      -21.215647
     ],
     [
      -50.429413,
      -21.21396
     ],
     [
      -50.429043,
      -21.21348
     ],
     [
      -50.428818,
      -21.213105
     ],
     [
      -50.42826,
      -21.21158
     ],
     [
      -50.427321,
      -21.208749
     ],
     [
      -50.426833,
      -21.207209
     ],
     [
      -50.426736,
      -21.206633
     ],
     [
      -50.42672,
      -21.206263
     ],
     [
      -50.426795,
      -21.205798
     ],
     [
      -50.427064,
      -21.204953
     ],
     [
      -50.427428,
      -21.204298
     ],
     [
      -50.427686,
      -21.203905
     ],
     [
      -50.428351,
      -21.203273
     ],
     [
      -50.42851,
      -21.203177
     ],
     [
      -50.428715,
      -21.203088
     ],
     [
      -50.42894,
      -21.203
     ],
     [
      -50.429569,
      -21.202822
     ],
     [
      -50.430897,
      -21.202458
     ],
     [
      -50.431064,
      -21.202403
     ],
     [
      -50.431133,
      -21.202377
     ],
     [
      -50.431142,
      -21.202373
     ],
     [
      -50.43134,
      -21.20229
     ],
     [
      -50.431469,
      -21.202228
     ],
     [
      -50.431624,
      -21.202158
     ],
     [
      -50.432781,
      -21.201467
     ],
     [
      -50.433002,
      -21.201338
     ],
     [
      -50.43328,
      -21.201216
     ],
     [
      -50.433531,
      -21.201123
     ],
     [
      -50.433748,
      -21.20107
     ],
     [
      -50.433954,
      -21.201041
     ],
     [
      -50.434152,
      -21.201018
     ],
     [
      -50.434473,
      -21.201014
     ],
     [
      -50.434754,
      -21.201041
     ],
     [
      -50.435077,
      -21.201094
     ],
     [
      -50.43561,
      -21.201179
     ],
     [
      -50.435906,
      -21.201261
     ],
     [
      -50.436155,
      -21.201358
     ],
     [
      -50.436802,
      -21.201523
     ],
     [
      -50.437047,
      -21.201596
     ],
     [
      -50.437315,
      -21.201695
     ],
     [
      -50.437586,
      -21.20187
     ],
     [
      -50.437834,
      -21.202092
     ],
     [
      -50.438158,
      -21.202424
     ],
     [
      -50.438688,
      -21.202958
     ],
     [
      -50.439009,
      -21.203282
     ]
    ]
   }
  },
  {
   "type": "Feature",
   "properties": {
    "id": "nob-contorno-aracatuba",
    "method": "osm-current",
    "osm_ways": [
     116025521,
     116025538,
     116025565,
     116025579,
     116025583,
     116025604,
     116025610,
     116025615,
     116025620,
     561588731,
     561595836
    ],
    "bridged_gap_m": 0,
    "generated": "2026-10-03"
   },
   "geometry": {
    "type": "LineString",
    "coordinates": [
     [
      -50.421983,
      -21.241764
     ],
     [
      -50.42228,
      -21.241379
     ],
     [
      -50.422696,
      -21.240917
     ],
     [
      -50.423172,
      -21.240489
     ],
     [
      -50.423636,
      -21.240114
     ],
     [
      -50.42416,
      -21.239745
     ],
     [
      -50.424693,
      -21.239415
     ],
     [
      -50.425204,
      -21.239164
     ],
     [
      -50.425776,
      -21.238894
     ],
     [
      -50.426443,
      -21.23863
     ],
     [
      -50.427065,
      -21.238446
     ],
     [
      -50.427584,
      -21.238323
     ],
     [
      -50.428036,
      -21.238232
     ],
     [
      -50.428535,
      -21.238148
     ],
     [
      -50.429022,
      -21.238107
     ],
     [
      -50.429608,
      -21.238081
     ],
     [
      -50.431423,
      -21.238125
     ],
     [
      -50.431663,
      -21.238136
     ],
     [
      -50.436271,
      -21.2383
     ],
     [
      -50.439042,
      -21.2384
     ],
     [
      -50.441566,
      -21.23848
     ],
     [
      -50.442036,
      -21.238499
     ],
     [
      -50.446047,
      -21.238657
     ],
     [
      -50.447168,
      -21.238743
     ],
     [
      -50.448304,
      -21.238993
     ],
     [
      -50.458008,
      -21.241533
     ],
     [
      -50.460511,
      -21.242085
     ],
     [
      -50.460845,
      -21.242131
     ],
     [
      -50.461881,
      -21.242223
     ],
     [
      -50.462813,
      -21.24219
     ],
     [
      -50.464142,
      -21.241965
     ],
     [
      -50.465442,
      -21.241571
     ],
     [
      -50.472989,
      -21.238042
     ],
     [
      -50.479058,
      -21.235224
     ],
     [
      -50.499756,
      -21.225612
     ],
     [
      -50.502046,
      -21.22456
     ],
     [
      -50.502352,
      -21.224412
     ],
     [
      -50.503214,
      -21.224001
     ],
     [
      -50.50404,
      -21.223641
     ],
     [
      -50.504699,
      -21.223426
     ],
     [
      -50.505376,
      -21.223251
     ],
     [
      -50.50615,
      -21.223111
     ],
     [
      -50.506841,
      -21.223024
     ],
     [
      -50.507502,
      -21.222997
     ],
     [
      -50.508156,
      -21.223003
     ],
     [
      -50.508494,
      -21.223024
     ],
     [
      -50.509078,
      -21.223081
     ],
     [
      -50.5098,
      -21.223205
     ]
    ]
   }
  },
  {
   "type": "Feature",
   "properties": {
    "id": "nob-aracatuba-lussanvira-mapeado",
    "method": "osm-old",
    "osm_ways": [
     115881233,
     115881238,
     146484129,
     191152888,
     194168380,
     219442539,
     740824327,
     740824328,
     740824329,
     740824332,
     743089551,
     743089552,
     743101596,
     743101597,
     743101600
    ],
    "bridged_gap_m": 17,
    "generated": "2026-10-03"
   },
   "geometry": {
    "type": "LineString",
    "coordinates": [
     [
      -50.439009,
      -21.203282
     ],
     [
      -50.439639,
      -21.203913
     ],
     [
      -50.439703,
      -21.203977
     ],
     [
      -50.439779,
      -21.204049
     ],
     [
      -50.440092,
      -21.204342
     ],
     [
      -50.440129,
      -21.20438
     ],
     [
      -50.440301,
      -21.204514
     ],
     [
      -50.440663,
      -21.204696
     ],
     [
      -50.441939,
      -21.205566
     ],
     [
      -50.442057,
      -21.205643
     ],
     [
      -50.442804,
      -21.206154
     ],
     [
      -50.443233,
      -21.206426
     ],
     [
      -50.443621,
      -21.206657
     ],
     [
      -50.443892,
      -21.206755
     ],
     [
      -50.444144,
      -21.206794
     ],
     [
      -50.444715,
      -21.206871
     ],
     [
      -50.445185,
      -21.206861
     ],
     [
      -50.445846,
      -21.206796
     ],
     [
      -50.447226,
      -21.206662
     ],
     [
      -50.447819,
      -21.206604
     ],
     [
      -50.447995,
      -21.206578
     ],
     [
      -50.448303,
      -21.206523
     ],
     [
      -50.448358,
      -21.20651
     ],
     [
      -50.448455,
      -21.206482
     ],
     [
      -50.44869,
      -21.206407
     ],
     [
      -50.448776,
      -21.20638
     ],
     [
      -50.448831,
      -21.20634
     ],
     [
      -50.448881,
      -21.206279
     ],
     [
      -50.448942,
      -21.206203
     ],
     [
      -50.44911,
      -21.205973
     ],
     [
      -50.449148,
      -21.205931
     ],
     [
      -50.449188,
      -21.205869
     ],
     [
      -50.449262,
      -21.205761
     ],
     [
      -50.449427,
      -21.205603
     ],
     [
      -50.450189,
      -21.204642
     ],
     [
      -50.450446,
      -21.204322
     ],
     [
      -50.450793,
      -21.203899
     ],
     [
      -50.451067,
      -21.203563
     ],
     [
      -50.451529,
      -21.203011
     ],
     [
      -50.451993,
      -21.202449
     ],
     [
      -50.452526,
      -21.201786
     ],
     [
      -50.452457,
      -21.201927
     ],
     [
      -50.452786,
      -21.201507
     ],
     [
      -50.453038,
      -21.20121
     ],
     [
      -50.453261,
      -21.200952
     ],
     [
      -50.453513,
      -21.200675
     ],
     [
      -50.453781,
      -21.200434
     ],
     [
      -50.454122,
      -21.200169
     ],
     [
      -50.454597,
      -21.199854
     ],
     [
      -50.455146,
      -21.199599
     ],
     [
      -50.455664,
      -21.199407
     ],
     [
      -50.455935,
      -21.199294
     ],
     [
      -50.456246,
      -21.199132
     ],
     [
      -50.456487,
      -21.198969
     ],
     [
      -50.45671,
      -21.198796
     ],
     [
      -50.456903,
      -21.198591
     ],
     [
      -50.457099,
      -21.198331
     ],
     [
      -50.457279,
      -21.198051
     ],
     [
      -50.457684,
      -21.197401
     ],
     [
      -50.458156,
      -21.196693
     ],
     [
      -50.458429,
      -21.196318
     ],
     [
      -50.458682,
      -21.196023
     ],
     [
      -50.45903,
      -21.195686
     ],
     [
      -50.459328,
      -21.195468
     ],
     [
      -50.459725,
      -21.195185
     ],
     [
      -50.459972,
      -21.195038
     ],
     [
      -50.46024,
      -21.19492
     ],
     [
      -50.460556,
      -21.19481
     ],
     [
      -50.462278,
      -21.194248
     ],
     [
      -50.462745,
      -21.194055
     ],
     [
      -50.463252,
      -21.19378
     ],
     [
      -50.463638,
      -21.19348
     ],
     [
      -50.463979,
      -21.193127
     ],
     [
      -50.464309,
      -21.19272
     ],
     [
      -50.465175,
      -21.191513
     ],
     [
      -50.465808,
      -21.190628
     ],
     [
      -50.466333,
      -21.189902
     ],
     [
      -50.466737,
      -21.189382
     ],
     [
      -50.466921,
      -21.189203
     ],
     [
      -50.467209,
      -21.189018
     ],
     [
      -50.46736,
      -21.188932
     ],
     [
      -50.467497,
      -21.188865
     ],
     [
      -50.467715,
      -21.18879
     ],
     [
      -50.46799,
      -21.188723
     ],
     [
      -50.468625,
      -21.188635
     ],
     [
      -50.468666,
      -21.188629
     ],
     [
      -50.469229,
      -21.188539
     ],
     [
      -50.469748,
      -21.188443
     ],
     [
      -50.47022,
      -21.188333
     ],
     [
      -50.470478,
      -21.188143
     ],
     [
      -50.470698,
      -21.187923
     ],
     [
      -50.470886,
      -21.187493
     ],
     [
      -50.471336,
      -21.183746
     ],
     [
      -50.471556,
      -21.182616
     ],
     [
      -50.471851,
      -21.181846
     ],
     [
      -50.472195,
      -21.181215
     ],
     [
      -50.472661,
      -21.18063
     ],
     [
      -50.47316,
      -21.18018
     ],
     [
      -50.473761,
      -21.17969
     ],
     [
      -50.474587,
      -21.179255
     ],
     [
      -50.475145,
      -21.179025
     ],
     [
      -50.476261,
      -21.178709
     ],
     [
      -50.477055,
      -21.178514
     ],
     [
      -50.477473,
      -21.178274
     ],
     [
      -50.477908,
      -21.177924
     ],
     [
      -50.47831,
      -21.177409
     ],
     [
      -50.47853,
      -21.176954
     ],
     [
      -50.478648,
      -21.176328
     ],
     [
      -50.478742,
      -21.17366
     ],
     [
      -50.478777,
      -21.17321
     ],
     [
      -50.47883,
      -21.172964
     ],
     [
      -50.479018,
      -21.172432
     ],
     [
      -50.479262,
      -21.172024
     ],
     [
      -50.47938,
      -21.171846
     ],
     [
      -50.479616,
      -21.171646
     ],
     [
      -50.480051,
      -21.171369
     ],
     [
      -50.480415,
      -21.171214
     ],
     [
      -50.480794,
      -21.171114
     ],
     [
      -50.481089,
      -21.171054
     ],
     [
      -50.481271,
      -21.171021
     ],
     [
      -50.481598,
      -21.171016
     ],
     [
      -50.481901,
      -21.171036
     ],
     [
      -50.482199,
      -21.171094
     ],
     [
      -50.482687,
      -21.171244
     ],
     [
      -50.483302,
      -21.171421
     ],
     [
      -50.483572,
      -21.171474
     ],
     [
      -50.483819,
      -21.171484
     ],
     [
      -50.484069,
      -21.171454
     ],
     [
      -50.484275,
      -21.171399
     ],
     [
      -50.484533,
      -21.171304
     ],
     [
      -50.484812,
      -21.171171
     ],
     [
      -50.485018,
      -21.171049
     ],
     [
      -50.485142,
      -21.170906
     ],
     [
      -50.485241,
      -21.170691
     ],
     [
      -50.48534,
      -21.170303
     ],
     [
      -50.485372,
      -21.169951
     ],
     [
      -50.485294,
      -21.169083
     ],
     [
      -50.485262,
      -21.168672
     ],
     [
      -50.485286,
      -21.168432
     ],
     [
      -50.485394,
      -21.168142
     ],
     [
      -50.485576,
      -21.167857
     ],
     [
      -50.486209,
      -21.167159
     ],
     [
      -50.488956,
      -21.164168
     ],
     [
      -50.49137,
      -21.161519
     ],
     [
      -50.491651,
      -21.161236
     ],
     [
      -50.491949,
      -21.161023
     ],
     [
      -50.49229,
      -21.160843
     ],
     [
      -50.492673,
      -21.160711
     ],
     [
      -50.493196,
      -21.160653
     ],
     [
      -50.493722,
      -21.160651
     ],
     [
      -50.494116,
      -21.160718
     ],
     [
      -50.494486,
      -21.160831
     ],
     [
      -50.49484,
      -21.161033
     ],
     [
      -50.495288,
      -21.161384
     ],
     [
      -50.495586,
      -21.161581
     ],
     [
      -50.495865,
      -21.161721
     ],
     [
      -50.496294,
      -21.161824
     ],
     [
      -50.496603,
      -21.161841
     ],
     [
      -50.496986,
      -21.161761
     ],
     [
      -50.497297,
      -21.161591
     ],
     [
      -50.497566,
      -21.161364
     ],
     [
      -50.497791,
      -21.161026
     ],
     [
      -50.497836,
      -21.160766
     ],
     [
      -50.497767,
      -21.160221
     ],
     [
      -50.497611,
      -21.159665
     ],
     [
      -50.497316,
      -21.159025
     ],
     [
      -50.497279,
      -21.158632
     ],
     [
      -50.49726,
      -21.158417
     ],
     [
      -50.497269,
      -21.158291
     ],
     [
      -50.497319,
      -21.158044
     ],
     [
      -50.497391,
      -21.157842
     ],
     [
      -50.49748,
      -21.157664
     ],
     [
      -50.497721,
      -21.157351
     ],
     [
      -50.497831,
      -21.157234
     ],
     [
      -50.497987,
      -21.157103
     ],
     [
      -50.498282,
      -21.156923
     ],
     [
      -50.498429,
      -21.156858
     ],
     [
      -50.498644,
      -21.156788
     ],
     [
      -50.499065,
      -21.156682
     ],
     [
      -50.499223,
      -21.156653
     ],
     [
      -50.499557,
      -21.156567
     ],
     [
      -50.499785,
      -21.156491
     ],
     [
      -50.499951,
      -21.156435
     ],
     [
      -50.500291,
      -21.156278
     ],
     [
      -50.500465,
      -21.156152
     ],
     [
      -50.500548,
      -21.156078
     ],
     [
      -50.500667,
      -21.155937
     ],
     [
      -50.500812,
      -21.155704
     ],
     [
      -50.501256,
      -21.154868
     ],
     [
      -50.501541,
      -21.154352
     ],
     [
      -50.501739,
      -21.154052
     ],
     [
      -50.501974,
      -21.153764
     ],
     [
      -50.502168,
      -21.153588
     ],
     [
      -50.502216,
      -21.153523
     ],
     [
      -50.502233,
      -21.153487
     ],
     [
      -50.502251,
      -21.153442
     ],
     [
      -50.502897,
      -21.152886
     ],
     [
      -50.509676,
      -21.146823
     ],
     [
      -50.510513,
      -21.146092
     ],
     [
      -50.510813,
      -21.145652
     ],
     [
      -50.511038,
      -21.145182
     ],
     [
      -50.511124,
      -21.144641
     ],
     [
      -50.511135,
      -21.143841
     ],
     [
      -50.511167,
      -21.14276
     ],
     [
      -50.51121,
      -21.14229
     ],
     [
      -50.511317,
      -21.141659
     ],
     [
      -50.511543,
      -21.140999
     ],
     [
      -50.5118,
      -21.140478
     ],
     [
      -50.512047,
      -21.140148
     ],
     [
      -50.512412,
      -21.139828
     ],
     [
      -50.513356,
      -21.139288
     ],
     [
      -50.521917,
      -21.135245
     ],
     [
      -50.523033,
      -21.134865
     ]
    ]
   }
  },
  {
   "type": "Feature",
   "properties": {
    "id": "nob-lussanvira-esquematico",
    "method": "waypoints",
    "osm_ways": [],
    "bridged_gap_m": 0,
    "generated": "2026-10-03"
   },
   "geometry": {
    "type": "LineString",
    "coordinates": [
     [
      -50.523033,
      -21.134865
     ],
     [
      -51.1,
      -20.668
     ]
    ]
   }
  },
  {
   "type": "Feature",
   "properties": {
    "id": "nob-lussanvira-itapura",
    "method": "waypoints",
    "osm_ways": [],
    "bridged_gap_m": 0,
    "generated": "2026-10-03"
   },
   "geometry": {
    "type": "LineString",
    "coordinates": [
     [
      -51.1,
      -20.668
     ],
     [
      -51.5084,
      -20.6435
     ]
    ]
   }
  },
  {
   "type": "Feature",
   "properties": {
    "id": "nob-itapura-jupia",
    "method": "waypoints",
    "osm_ways": [],
    "bridged_gap_m": 0,
    "generated": "2026-10-03"
   },
   "geometry": {
    "type": "LineString",
    "coordinates": [
     [
      -51.5084,
      -20.6435
     ],
     [
      -51.623254,
      -20.791096
     ]
    ]
   }
  },
  {
   "type": "Feature",
   "properties": {
    "id": "nob-variante-jupia-aracatuba-centro",
    "method": "osm-old",
    "osm_ways": [
     115843240,
     146484129,
     170778054,
     170778065,
     191152887,
     191152888,
     200230418,
     201514812,
     253363916,
     255353483,
     615982945,
     740824333,
     740827618
    ],
    "bridged_gap_m": 11,
    "generated": "2026-10-03"
   },
   "geometry": {
    "type": "LineString",
    "coordinates": [
     [
      -50.439009,
      -21.203282
     ],
     [
      -50.439639,
      -21.203913
     ],
     [
      -50.439703,
      -21.203977
     ],
     [
      -50.439779,
      -21.204049
     ],
     [
      -50.440092,
      -21.204342
     ],
     [
      -50.440129,
      -21.20438
     ],
     [
      -50.440301,
      -21.204514
     ],
     [
      -50.440663,
      -21.204696
     ],
     [
      -50.441939,
      -21.205566
     ],
     [
      -50.442057,
      -21.205643
     ],
     [
      -50.442804,
      -21.206154
     ],
     [
      -50.443233,
      -21.206426
     ],
     [
      -50.443621,
      -21.206657
     ],
     [
      -50.443892,
      -21.206755
     ],
     [
      -50.444144,
      -21.206794
     ],
     [
      -50.444476,
      -21.206874
     ],
     [
      -50.444702,
      -21.206948
     ],
     [
      -50.44509,
      -21.207081
     ],
     [
      -50.445319,
      -21.207141
     ],
     [
      -50.4454,
      -21.207157
     ],
     [
      -50.445518,
      -21.207181
     ],
     [
      -50.445693,
      -21.207226
     ],
     [
      -50.446055,
      -21.207294
     ],
     [
      -50.446732,
      -21.207442
     ],
     [
      -50.448016,
      -21.207722
     ],
     [
      -50.448416,
      -21.2078
     ],
     [
      -50.449544,
      -21.208056
     ],
     [
      -50.450078,
      -21.208172
     ],
     [
      -50.452251,
      -21.208646
     ],
     [
      -50.455631,
      -21.209379
     ],
     [
      -50.45712,
      -21.209709
     ],
     [
      -50.458138,
      -21.209931
     ],
     [
      -50.459999,
      -21.210338
     ],
     [
      -50.460412,
      -21.210425
     ],
     [
      -50.460515,
      -21.210451
     ],
     [
      -50.461113,
      -21.21058
     ],
     [
      -50.464549,
      -21.211335
     ],
     [
      -50.465076,
      -21.21145
     ],
     [
      -50.466018,
      -21.211657
     ],
     [
      -50.466782,
      -21.211825
     ],
     [
      -50.467211,
      -21.211933
     ],
     [
      -50.467289,
      -21.211952
     ],
     [
      -50.467886,
      -21.212112
     ],
     [
      -50.46833,
      -21.212171
     ],
     [
      -50.469306,
      -21.212387
     ],
     [
      -50.469428,
      -21.212413
     ],
     [
      -50.470466,
      -21.212636
     ],
     [
      -50.471322,
      -21.212832
     ],
     [
      -50.471663,
      -21.212907
     ],
     [
      -50.482021,
      -21.21551
     ],
     [
      -50.500835,
      -21.221161
     ],
     [
      -50.5098,
      -21.223205
     ]
    ]
   }
  },
  {
   "type": "Feature",
   "properties": {
    "id": "nob-variante-jupia-guararapes",
    "method": "osm-current",
    "osm_ways": [
     116025543,
     116025557,
     561568667,
     742638134
    ],
    "bridged_gap_m": 0,
    "generated": "2026-10-03"
   },
   "geometry": {
    "type": "LineString",
    "coordinates": [
     [
      -50.5098,
      -21.223205
     ],
     [
      -50.50987,
      -21.223222
     ],
     [
      -50.510217,
      -21.223295
     ],
     [
      -50.516881,
      -21.224761
     ],
     [
      -50.517165,
      -21.224823
     ],
     [
      -50.517536,
      -21.224905
     ],
     [
      -50.521112,
      -21.225691
     ],
     [
      -50.523309,
      -21.226174
     ],
     [
      -50.525165,
      -21.226618
     ],
     [
      -50.52579,
      -21.226702
     ],
     [
      -50.526408,
      -21.22669
     ],
     [
      -50.526885,
      -21.226624
     ],
     [
      -50.527298,
      -21.226524
     ],
     [
      -50.529924,
      -21.225518
     ],
     [
      -50.534798,
      -21.223667
     ],
     [
      -50.534991,
      -21.223595
     ],
     [
      -50.535912,
      -21.223316
     ],
     [
      -50.536447,
      -21.223199
     ],
     [
      -50.551548,
      -21.222565
     ],
     [
      -50.552576,
      -21.22274
     ],
     [
      -50.553256,
      -21.223023
     ],
     [
      -50.553775,
      -21.223368
     ],
     [
      -50.554688,
      -21.224248
     ],
     [
      -50.556457,
      -21.226051
     ],
     [
      -50.556536,
      -21.226128
     ],
     [
      -50.557907,
      -21.227512
     ],
     [
      -50.558135,
      -21.227916
     ],
     [
      -50.558363,
      -21.228502
     ],
     [
      -50.558403,
      -21.229163
     ],
     [
      -50.5583,
      -21.229859
     ],
     [
      -50.55797,
      -21.230586
     ],
     [
      -50.55745,
      -21.231231
     ],
     [
      -50.554932,
      -21.23316
     ],
     [
      -50.553579,
      -21.234312
     ],
     [
      -50.553248,
      -21.234877
     ],
     [
      -50.553083,
      -21.235493
     ],
     [
      -50.553059,
      -21.236197
     ],
     [
      -50.553043,
      -21.238067
     ],
     [
      -50.55313,
      -21.238618
     ],
     [
      -50.553429,
      -21.239212
     ],
     [
      -50.554129,
      -21.240004
     ],
     [
      -50.555019,
      -21.240466
     ],
     [
      -50.555751,
      -21.240591
     ],
     [
      -50.556545,
      -21.240554
     ],
     [
      -50.557214,
      -21.240305
     ],
     [
      -50.557797,
      -21.23996
     ],
     [
      -50.558308,
      -21.239417
     ],
     [
      -50.558631,
      -21.238933
     ],
     [
      -50.559229,
      -21.236938
     ],
     [
      -50.559481,
      -21.23638
     ],
     [
      -50.559803,
      -21.235992
     ],
     [
      -50.56026,
      -21.235588
     ],
     [
      -50.560795,
      -21.235317
     ],
     [
      -50.561519,
      -21.235089
     ],
     [
      -50.563793,
      -21.235097
     ],
     [
      -50.564423,
      -21.234891
     ],
     [
      -50.565099,
      -21.234532
     ],
     [
      -50.565642,
      -21.234077
     ],
     [
      -50.566044,
      -21.233402
     ],
     [
      -50.566209,
      -21.23283
     ],
     [
      -50.566455,
      -21.22965
     ],
     [
      -50.56657,
      -21.229025
     ],
     [
      -50.566721,
      -21.228604
     ],
     [
      -50.566938,
      -21.228156
     ],
     [
      -50.567193,
      -21.227777
     ],
     [
      -50.567467,
      -21.22741
     ],
     [
      -50.567743,
      -21.227134
     ],
     [
      -50.568068,
      -21.226849
     ],
     [
      -50.568341,
      -21.226657
     ],
     [
      -50.568701,
      -21.226442
     ],
     [
      -50.569181,
      -21.226224
     ],
     [
      -50.569711,
      -21.226052
     ],
     [
      -50.5702,
      -21.225947
     ],
     [
      -50.570734,
      -21.225898
     ],
     [
      -50.571321,
      -21.225912
     ],
     [
      -50.571845,
      -21.225979
     ],
     [
      -50.572254,
      -21.226093
     ],
     [
      -50.572665,
      -21.226249
     ],
     [
      -50.573094,
      -21.226454
     ],
     [
      -50.573542,
      -21.226691
     ],
     [
      -50.577263,
      -21.228806
     ],
     [
      -50.578776,
      -21.229676
     ],
     [
      -50.579304,
      -21.230109
     ],
     [
      -50.579776,
      -21.230769
     ],
     [
      -50.579988,
      -21.231613
     ],
     [
      -50.580028,
      -21.233446
     ],
     [
      -50.580138,
      -21.233865
     ],
     [
      -50.5805,
      -21.234569
     ],
     [
      -50.580964,
      -21.235067
     ],
     [
      -50.581531,
      -21.235471
     ],
     [
      -50.582176,
      -21.23572
     ],
     [
      -50.582853,
      -21.235801
     ],
     [
      -50.583537,
      -21.235735
     ],
     [
      -50.584802,
      -21.235269
     ],
     [
      -50.586441,
      -21.234664
     ],
     [
      -50.587354,
      -21.23462
     ],
     [
      -50.588117,
      -21.234789
     ],
     [
      -50.588723,
      -21.235097
     ],
     [
      -50.589227,
      -21.2355
     ],
     [
      -50.58962,
      -21.23594
     ],
     [
      -50.59099,
      -21.238794
     ],
     [
      -50.591383,
      -21.239388
     ],
     [
      -50.591839,
      -21.239813
     ],
     [
      -50.592343,
      -21.240121
     ],
     [
      -50.609892,
      -21.247815
     ],
     [
      -50.610718,
      -21.248358
     ],
     [
      -50.611434,
      -21.248981
     ],
     [
      -50.611993,
      -21.24973
     ],
     [
      -50.612434,
      -21.250573
     ],
     [
      -50.612725,
      -21.251548
     ],
     [
      -50.613653,
      -21.255377
     ],
     [
      -50.615967,
      -21.264309
     ],
     [
      -50.616148,
      -21.264749
     ],
     [
      -50.616738,
      -21.265409
     ],
     [
      -50.617423,
      -21.265827
     ],
     [
      -50.618092,
      -21.266033
     ],
     [
      -50.619319,
      -21.26615
     ],
     [
      -50.621837,
      -21.26626
     ],
     [
      -50.622695,
      -21.266414
     ],
     [
      -50.62327,
      -21.266634
     ],
     [
      -50.623844,
      -21.26703
     ],
     [
      -50.625331,
      -21.268262
     ],
     [
      -50.62689,
      -21.269641
     ],
     [
      -50.627598,
      -21.270088
     ],
     [
      -50.628338,
      -21.270294
     ],
     [
      -50.629235,
      -21.270279
     ],
     [
      -50.629927,
      -21.27011
     ],
     [
      -50.630588,
      -21.269773
     ],
     [
      -50.631241,
      -21.269135
     ],
     [
      -50.631651,
      -21.268233
     ],
     [
      -50.631724,
      -21.267947
     ],
     [
      -50.631745,
      -21.267587
     ],
     [
      -50.631722,
      -21.267137
     ],
     [
      -50.631658,
      -21.266751
     ],
     [
      -50.631115,
      -21.265153
     ],
     [
      -50.631039,
      -21.264739
     ],
     [
      -50.631006,
      -21.264336
     ],
     [
      -50.631023,
      -21.263927
     ],
     [
      -50.631104,
      -21.263543
     ],
     [
      -50.631193,
      -21.263289
     ],
     [
      -50.631318,
      -21.263018
     ],
     [
      -50.631451,
      -21.262768
     ],
     [
      -50.631596,
      -21.262536
     ],
     [
      -50.631752,
      -21.262337
     ],
     [
      -50.63192,
      -21.262159
     ],
     [
      -50.632218,
      -21.261903
     ],
     [
      -50.632548,
      -21.261677
     ],
     [
      -50.632921,
      -21.261482
     ],
     [
      -50.633335,
      -21.261303
     ],
     [
      -50.636637,
      -21.259968
     ],
     [
      -50.639172,
      -21.258948
     ],
     [
      -50.639414,
      -21.258827
     ],
     [
      -50.64191,
      -21.257842
     ]
    ]
   }
  },
  {
   "type": "Feature",
   "properties": {
    "id": "nob-variante-jupia-valparaiso",
    "method": "osm-current",
    "osm_ways": [
     561568667,
     742638134,
     844373254,
     844373265,
     844373266,
     844379929,
     844379930
    ],
    "bridged_gap_m": 0,
    "generated": "2026-10-03"
   },
   "geometry": {
    "type": "LineString",
    "coordinates": [
     [
      -50.64191,
      -21.257842
     ],
     [
      -50.64349,
      -21.257193
     ],
     [
      -50.643798,
      -21.257101
     ],
     [
      -50.644147,
      -21.256979
     ],
     [
      -50.644297,
      -21.256921
     ],
     [
      -50.64438,
      -21.256887
     ],
     [
      -50.644458,
      -21.256849
     ],
     [
      -50.64463,
      -21.256777
     ],
     [
      -50.645489,
      -21.256416
     ],
     [
      -50.646302,
      -21.25608
     ],
     [
      -50.647722,
      -21.255487
     ],
     [
      -50.648306,
      -21.255307
     ],
     [
      -50.649096,
      -21.255127
     ],
     [
      -50.651971,
      -21.254559
     ],
     [
      -50.654546,
      -21.254037
     ],
     [
      -50.65557,
      -21.253819
     ],
     [
      -50.656593,
      -21.253608
     ],
     [
      -50.656853,
      -21.253581
     ],
     [
      -50.657127,
      -21.253572
     ],
     [
      -50.657428,
      -21.253582
     ],
     [
      -50.657711,
      -21.253607
     ],
     [
      -50.65799,
      -21.253639
     ],
     [
      -50.658304,
      -21.253711
     ],
     [
      -50.658553,
      -21.253794
     ],
     [
      -50.658926,
      -21.253941
     ],
     [
      -50.659244,
      -21.254111
     ],
     [
      -50.659509,
      -21.254269
     ],
     [
      -50.659714,
      -21.254428
     ],
     [
      -50.660037,
      -21.254712
     ],
     [
      -50.660797,
      -21.255487
     ],
     [
      -50.662218,
      -21.257073
     ],
     [
      -50.663347,
      -21.258329
     ],
     [
      -50.663699,
      -21.258655
     ],
     [
      -50.664051,
      -21.25893
     ],
     [
      -50.664386,
      -21.259128
     ],
     [
      -50.664798,
      -21.259291
     ],
     [
      -50.674293,
      -21.262167
     ],
     [
      -50.67498,
      -21.262364
     ],
     [
      -50.675401,
      -21.262553
     ],
     [
      -50.675744,
      -21.262742
     ],
     [
      -50.676165,
      -21.263103
     ],
     [
      -50.676491,
      -21.26348
     ],
     [
      -50.676706,
      -21.263858
     ],
     [
      -50.676886,
      -21.264322
     ],
     [
      -50.676938,
      -21.264794
     ],
     [
      -50.677049,
      -21.267078
     ],
     [
      -50.677152,
      -21.267481
     ],
     [
      -50.677427,
      -21.268005
     ],
     [
      -50.677796,
      -21.268486
     ],
     [
      -50.67814,
      -21.268812
     ],
     [
      -50.678552,
      -21.269061
     ],
     [
      -50.678998,
      -21.269258
     ],
     [
      -50.679625,
      -21.269413
     ],
     [
      -50.680212,
      -21.269543
     ],
     [
      -50.684167,
      -21.270409
     ],
     [
      -50.684905,
      -21.270477
     ],
     [
      -50.685626,
      -21.270452
     ],
     [
      -50.68627,
      -21.270331
     ],
     [
      -50.686871,
      -21.270177
     ],
     [
      -50.687386,
      -21.269988
     ],
     [
      -50.68803,
      -21.269619
     ],
     [
      -50.688494,
      -21.269275
     ],
     [
      -50.68894,
      -21.268863
     ],
     [
      -50.689438,
      -21.268245
     ],
     [
      -50.689859,
      -21.267533
     ],
     [
      -50.690056,
      -21.266957
     ],
     [
      -50.69052,
      -21.264931
     ],
     [
      -50.690726,
      -21.264373
     ],
     [
      -50.691078,
      -21.263901
     ],
     [
      -50.691481,
      -21.263506
     ],
     [
      -50.692005,
      -21.263171
     ],
     [
      -50.692529,
      -21.262974
     ],
     [
      -50.693173,
      -21.262845
     ],
     [
      -50.693765,
      -21.262828
     ],
     [
      -50.697731,
      -21.262854
     ],
     [
      -50.698444,
      -21.262991
     ],
     [
      -50.699028,
      -21.263266
     ],
     [
      -50.699603,
      -21.263695
     ],
     [
      -50.699938,
      -21.26415
     ],
     [
      -50.70029,
      -21.26476
     ],
     [
      -50.700393,
      -21.265403
     ],
     [
      -50.700633,
      -21.27119
     ],
     [
      -50.700582,
      -21.271636
     ],
     [
      -50.700341,
      -21.272246
     ],
     [
      -50.699929,
      -21.273122
     ],
     [
      -50.699715,
      -21.273705
     ],
     [
      -50.699612,
      -21.274298
     ],
     [
      -50.699646,
      -21.274761
     ],
     [
      -50.699706,
      -21.275259
     ],
     [
      -50.699946,
      -21.275783
     ],
     [
      -50.700221,
      -21.276187
     ],
     [
      -50.700547,
      -21.276521
     ],
     [
      -50.701294,
      -21.277045
     ],
     [
      -50.702136,
      -21.277595
     ],
     [
      -50.702591,
      -21.278024
     ],
     [
      -50.7029,
      -21.278556
     ],
     [
      -50.703097,
      -21.279054
     ],
     [
      -50.703149,
      -21.279672
     ],
     [
      -50.702943,
      -21.281467
     ],
     [
      -50.702994,
      -21.281982
     ],
     [
      -50.703114,
      -21.28248
     ],
     [
      -50.703406,
      -21.283003
     ],
     [
      -50.703741,
      -21.28345
     ],
     [
      -50.710292,
      -21.290619
     ],
     [
      -50.71631,
      -21.297178
     ],
     [
      -50.717237,
      -21.298208
     ],
     [
      -50.717787,
      -21.298706
     ],
     [
      -50.718302,
      -21.299006
     ],
     [
      -50.718748,
      -21.299212
     ],
     [
      -50.719366,
      -21.299393
     ],
     [
      -50.720027,
      -21.299479
     ],
     [
      -50.726954,
      -21.299372
     ],
     [
      -50.729256,
      -21.299347
     ],
     [
      -50.730288,
      -21.299335
     ],
     [
      -50.732587,
      -21.29931
     ],
     [
      -50.73305,
      -21.299303
     ],
     [
      -50.733539,
      -21.299275
     ],
     [
      -50.733857,
      -21.299236
     ],
     [
      -50.734178,
      -21.299178
     ],
     [
      -50.734614,
      -21.299041
     ],
     [
      -50.735103,
      -21.2988
     ],
     [
      -50.735601,
      -21.29838
     ],
     [
      -50.73709,
      -21.297116
     ],
     [
      -50.740898,
      -21.29389
     ],
     [
      -50.741714,
      -21.29304
     ],
     [
      -50.7421,
      -21.292499
     ],
     [
      -50.742392,
      -21.292001
     ],
     [
      -50.742753,
      -21.291288
     ],
     [
      -50.743019,
      -21.290533
     ],
     [
      -50.743156,
      -21.289854
     ],
     [
      -50.743233,
      -21.289013
     ],
     [
      -50.743362,
      -21.287296
     ],
     [
      -50.743508,
      -21.286635
     ],
     [
      -50.743757,
      -21.286085
     ],
     [
      -50.744075,
      -21.285665
     ],
     [
      -50.74447,
      -21.285313
     ],
     [
      -50.744933,
      -21.285047
     ],
     [
      -50.74544,
      -21.284841
     ],
     [
      -50.746067,
      -21.28472
     ],
     [
      -50.750076,
      -21.284222
     ],
     [
      -50.750668,
      -21.284119
     ],
     [
      -50.751226,
      -21.283931
     ],
     [
      -50.751664,
      -21.283733
     ],
     [
      -50.752042,
      -21.283501
     ],
     [
      -50.752403,
      -21.283175
     ],
     [
      -50.755837,
      -21.280127
     ],
     [
      -50.756335,
      -21.279724
     ],
     [
      -50.756781,
      -21.279492
     ],
     [
      -50.757313,
      -21.27938
     ],
     [
      -50.758138,
      -21.27926
     ],
     [
      -50.760833,
      -21.278951
     ],
     [
      -50.761632,
      -21.278994
     ],
     [
      -50.762233,
      -21.279123
     ],
     [
      -50.762808,
      -21.279277
     ],
     [
      -50.763375,
      -21.279518
     ],
     [
      -50.763915,
      -21.279818
     ],
     [
      -50.764465,
      -21.280273
     ],
     [
      -50.764868,
      -21.280711
     ],
     [
      -50.765867,
      -21.281993
     ],
     [
      -50.765899,
      -21.282033
     ],
     [
      -50.766766,
      -21.283141
     ],
     [
      -50.767118,
      -21.283596
     ],
     [
      -50.769959,
      -21.28648
     ],
     [
      -50.775952,
      -21.292456
     ],
     [
      -50.776527,
      -21.293022
     ],
     [
      -50.776905,
      -21.29334
     ],
     [
      -50.777326,
      -21.293555
     ],
     [
      -50.777884,
      -21.293804
     ],
     [
      -50.77845,
      -21.29395
     ],
     [
      -50.779163,
      -21.29401
     ],
     [
      -50.787164,
      -21.294671
     ],
     [
      -50.789482,
      -21.294885
     ],
     [
      -50.790135,
      -21.294825
     ],
     [
      -50.79065,
      -21.294688
     ],
     [
      -50.791131,
      -21.294533
     ],
     [
      -50.791689,
      -21.294259
     ],
     [
      -50.796109,
      -21.291145
     ],
     [
      -50.798222,
      -21.289657
     ],
     [
      -50.806404,
      -21.283772
     ],
     [
      -50.807071,
      -21.283271
     ],
     [
      -50.807561,
      -21.282941
     ],
     [
      -50.80777,
      -21.282814
     ],
     [
      -50.807991,
      -21.28269
     ],
     [
      -50.808248,
      -21.282556
     ],
     [
      -50.80854,
      -21.282422
     ],
     [
      -50.808893,
      -21.282276
     ],
     [
      -50.809277,
      -21.282135
     ],
     [
      -50.810776,
      -21.281561
     ],
     [
      -50.812212,
      -21.281012
     ],
     [
      -50.812602,
      -21.280827
     ],
     [
      -50.813013,
      -21.280653
     ],
     [
      -50.81377,
      -21.280383
     ],
     [
      -50.81556,
      -21.279689
     ],
     [
      -50.817121,
      -21.279134
     ],
     [
      -50.823867,
      -21.27653
     ],
     [
      -50.824682,
      -21.276315
     ],
     [
      -50.825395,
      -21.276221
     ],
     [
      -50.82621,
      -21.276187
     ],
     [
      -50.827859,
      -21.276141
     ],
     [
      -50.829645,
      -21.276092
     ],
     [
      -50.830271,
      -21.276058
     ],
     [
      -50.830838,
      -21.275955
     ],
     [
      -50.831319,
      -21.275792
     ],
     [
      -50.832564,
      -21.275312
     ],
     [
      -50.836126,
      -21.273937
     ],
     [
      -50.836702,
      -21.273611
     ],
     [
      -50.837182,
      -21.273268
     ],
     [
      -50.837569,
      -21.272898
     ],
     [
      -50.837878,
      -21.272461
     ],
     [
      -50.838101,
      -21.272023
     ],
     [
      -50.840668,
      -21.265506
     ],
     [
      -50.840788,
      -21.264845
     ],
     [
      -50.840814,
      -21.264244
     ],
     [
      -50.840514,
      -21.257591
     ],
     [
      -50.840273,
      -21.249924
     ],
     [
      -50.840179,
      -21.24892
     ],
     [
      -50.839947,
      -21.24819
     ],
     [
      -50.839416,
      -21.24666
     ],
     [
      -50.838393,
      -21.243708
     ],
     [
      -50.837751,
      -21.24175
     ],
     [
      -50.837715,
      -21.241155
     ],
     [
      -50.837776,
      -21.240475
     ],
     [
      -50.838031,
      -21.239589
     ],
     [
      -50.838632,
      -21.237185
     ],
     [
      -50.838978,
      -21.235813
     ],
     [
      -50.83924,
      -21.235136
     ],
     [
      -50.839531,
      -21.234681
     ],
     [
      -50.840004,
      -21.234278
     ],
     [
      -50.84045,
      -21.233969
     ],
     [
      -50.84409,
      -21.231771
     ],
     [
      -50.84476,
      -21.231573
     ],
     [
      -50.845378,
      -21.231539
     ],
     [
      -50.846013,
      -21.231625
     ],
     [
      -50.847138,
      -21.231883
     ],
     [
      -50.851551,
      -21.232938
     ],
     [
      -50.852238,
      -21.232956
     ],
     [
      -50.853079,
      -21.232853
     ],
     [
      -50.853706,
      -21.232664
     ],
     [
      -50.854281,
      -21.232389
     ],
     [
      -50.85477,
      -21.232063
     ],
     [
      -50.855522,
      -21.231425
     ],
     [
      -50.857298,
      -21.229991
     ],
     [
      -50.857482,
      -21.229847
     ],
     [
      -50.859164,
      -21.228525
     ],
     [
      -50.861104,
      -21.227024
     ],
     [
      -50.863572,
      -21.225097
     ],
     [
      -50.864047,
      -21.224775
     ],
     [
      -50.864163,
      -21.224708
     ],
     [
      -50.864306,
      -21.224635
     ],
     [
      -50.864576,
      -21.224487
     ],
     [
      -50.864688,
      -21.224444
     ],
     [
      -50.864848,
      -21.224402
     ],
     [
      -50.865046,
      -21.224358
     ],
     [
      -50.865292,
      -21.224329
     ],
     [
      -50.865418,
      -21.224323
     ],
     [
      -50.865669,
      -21.224338
     ],
     [
      -50.865772,
      -21.224347
     ],
     [
      -50.870812,
      -21.224808
     ]
    ]
   }
  },
  {
   "type": "Feature",
   "properties": {
    "id": "nob-variante-jupia-guaracai",
    "method": "osm-current",
    "osm_ways": [
     142608808,
     197957519,
     844373253,
     844405576,
     844405577,
     844417979,
     844417980
    ],
    "bridged_gap_m": 0,
    "generated": "2026-10-03"
   },
   "geometry": {
    "type": "LineString",
    "coordinates": [
     [
      -50.870812,
      -21.224808
     ],
     [
      -50.870891,
      -21.224816
     ],
     [
      -50.876302,
      -21.225311
     ],
     [
      -50.881583,
      -21.225829
     ],
     [
      -50.882229,
      -21.225889
     ],
     [
      -50.882691,
      -21.225913
     ],
     [
      -50.882967,
      -21.225907
     ],
     [
      -50.883244,
      -21.225894
     ],
     [
      -50.883866,
      -21.225856
     ],
     [
      -50.884493,
      -21.22571
     ],
     [
      -50.885119,
      -21.225504
     ],
     [
      -50.885729,
      -21.225203
     ],
     [
      -50.886244,
      -21.22486
     ],
     [
      -50.886725,
      -21.224482
     ],
     [
      -50.887128,
      -21.224078
     ],
     [
      -50.88827,
      -21.222798
     ],
     [
      -50.88918,
      -21.221778
     ],
     [
      -50.889704,
      -21.221331
     ],
     [
      -50.890314,
      -21.220996
     ],
     [
      -50.890915,
      -21.220799
     ],
     [
      -50.893911,
      -21.219872
     ],
     [
      -50.898367,
      -21.218498
     ],
     [
      -50.898976,
      -21.218378
     ],
     [
      -50.899491,
      -21.218352
     ],
     [
      -50.899998,
      -21.218369
     ],
     [
      -50.900582,
      -21.218464
     ],
     [
      -50.904205,
      -21.219159
     ],
     [
      -50.90472,
      -21.219228
     ],
     [
      -50.905218,
      -21.219236
     ],
     [
      -50.90569,
      -21.219228
     ],
     [
      -50.906188,
      -21.219142
     ],
     [
      -50.906754,
      -21.21897
     ],
     [
      -50.907312,
      -21.21867
     ],
     [
      -50.907776,
      -21.218369
     ],
     [
      -50.908128,
      -21.218043
     ],
     [
      -50.908429,
      -21.217648
     ],
     [
      -50.91121,
      -21.213579
     ],
     [
      -50.911597,
      -21.213106
     ],
     [
      -50.912043,
      -21.21272
     ],
     [
      -50.912515,
      -21.212454
     ],
     [
      -50.913082,
      -21.212196
     ],
     [
      -50.913657,
      -21.212059
     ],
     [
      -50.914215,
      -21.212008
     ],
     [
      -50.914876,
      -21.212008
     ],
     [
      -50.917658,
      -21.212085
     ],
     [
      -50.920809,
      -21.212188
     ],
     [
      -50.921538,
      -21.212162
     ],
     [
      -50.922139,
      -21.212059
     ],
     [
      -50.923109,
      -21.211879
     ],
     [
      -50.931395,
      -21.210245
     ],
     [
      -50.933429,
      -21.209827
     ],
     [
      -50.934207,
      -21.209697
     ],
     [
      -50.934698,
      -21.209671
     ],
     [
      -50.935321,
      -21.209706
     ],
     [
      -50.936102,
      -21.209811
     ],
     [
      -50.937787,
      -21.210048
     ],
     [
      -50.938374,
      -21.210057
     ],
     [
      -50.938945,
      -21.209978
     ],
     [
      -50.939418,
      -21.209846
     ],
     [
      -50.939936,
      -21.20961
     ],
     [
      -50.949241,
      -21.204371
     ],
     [
      -50.951438,
      -21.203135
     ],
     [
      -50.952193,
      -21.20274
     ],
     [
      -50.952737,
      -21.202556
     ],
     [
      -50.953509,
      -21.202345
     ],
     [
      -50.957088,
      -21.201439
     ],
     [
      -50.959817,
      -21.200748
     ],
     [
      -50.960396,
      -21.200529
     ],
     [
      -50.961063,
      -21.200213
     ],
     [
      -50.961607,
      -21.199888
     ],
     [
      -50.96201,
      -21.199581
     ],
     [
      -50.962546,
      -21.198994
     ],
     [
      -50.963046,
      -21.198257
     ],
     [
      -50.963414,
      -21.197599
     ],
     [
      -50.963633,
      -21.19694
     ],
     [
      -50.963756,
      -21.196195
     ],
     [
      -50.964441,
      -21.189922
     ],
     [
      -50.964502,
      -21.188921
     ],
     [
      -50.96452,
      -21.188369
     ],
     [
      -50.964397,
      -21.187877
     ],
     [
      -50.963879,
      -21.186693
     ],
     [
      -50.963695,
      -21.186123
     ],
     [
      -50.963651,
      -21.185517
     ],
     [
      -50.963677,
      -21.184982
     ],
     [
      -50.9638,
      -21.184377
     ],
     [
      -50.964028,
      -21.183903
     ],
     [
      -50.964292,
      -21.183491
     ],
     [
      -50.96459,
      -21.183113
     ],
     [
      -50.964941,
      -21.182797
     ],
     [
      -50.968055,
      -21.179516
     ],
     [
      -50.968591,
      -21.179113
     ],
     [
      -50.969161,
      -21.178718
     ],
     [
      -50.969872,
      -21.178384
     ],
     [
      -50.970723,
      -21.178042
     ],
     [
      -50.971354,
      -21.177876
     ],
     [
      -50.972267,
      -21.17777
     ],
     [
      -50.972951,
      -21.177709
     ],
     [
      -50.973697,
      -21.177761
     ],
     [
      -50.974451,
      -21.177937
     ],
     [
      -50.97983,
      -21.179113
     ],
     [
      -50.983392,
      -21.179955
     ],
     [
      -50.984129,
      -21.180034
     ],
     [
      -50.984751,
      -21.179981
     ],
     [
      -50.985603,
      -21.179744
     ],
     [
      -50.986796,
      -21.179385
     ],
     [
      -50.987454,
      -21.179279
     ],
     [
      -50.988252,
      -21.179279
     ],
     [
      -50.991051,
      -21.179244
     ],
     [
      -50.991656,
      -21.179086
     ],
     [
      -50.992156,
      -21.178893
     ],
     [
      -50.992586,
      -21.178604
     ],
     [
      -50.993025,
      -21.178191
     ],
     [
      -50.996543,
      -21.175314
     ],
     [
      -50.996938,
      -21.174945
     ],
     [
      -50.997324,
      -21.174436
     ],
     [
      -50.998475,
      -21.172846
     ],
     [
      -50.999526,
      -21.171392
     ],
     [
      -50.99993,
      -21.170962
     ],
     [
      -51.000395,
      -21.170646
     ],
     [
      -51.000746,
      -21.170427
     ],
     [
      -51.001237,
      -21.170172
     ],
     [
      -51.00179,
      -21.169988
     ],
     [
      -51.002325,
      -21.169927
     ],
     [
      -51.002781,
      -21.169935
     ],
     [
      -51.003404,
      -21.169997
     ],
     [
      -51.009445,
      -21.170973
     ],
     [
      -51.009809,
      -21.171032
     ],
     [
      -51.010932,
      -21.171225
     ],
     [
      -51.011493,
      -21.171287
     ],
     [
      -51.011879,
      -21.171243
     ],
     [
      -51.012327,
      -21.171137
     ],
     [
      -51.013371,
      -21.170708
     ],
     [
      -51.014368,
      -21.17032
     ],
     [
      -51.014608,
      -21.170251
     ],
     [
      -51.014965,
      -21.170188
     ],
     [
      -51.015194,
      -21.17017
     ],
     [
      -51.015415,
      -21.170156
     ],
     [
      -51.015617,
      -21.170166
     ],
     [
      -51.015885,
      -21.170203
     ],
     [
      -51.016165,
      -21.170251
     ],
     [
      -51.016443,
      -21.170338
     ],
     [
      -51.016677,
      -21.170425
     ],
     [
      -51.016923,
      -21.170544
     ],
     [
      -51.017167,
      -21.170697
     ],
     [
      -51.017414,
      -21.170871
     ],
     [
      -51.01762,
      -21.171057
     ],
     [
      -51.017788,
      -21.171225
     ],
     [
      -51.018544,
      -21.172045
     ],
     [
      -51.018849,
      -21.172364
     ],
     [
      -51.019081,
      -21.172568
     ],
     [
      -51.01937,
      -21.172754
     ],
     [
      -51.019563,
      -21.172853
     ],
     [
      -51.019773,
      -21.172935
     ],
     [
      -51.020094,
      -21.173032
     ],
     [
      -51.020349,
      -21.173081
     ],
     [
      -51.020638,
      -21.173113
     ],
     [
      -51.020965,
      -21.173117
     ],
     [
      -51.021256,
      -21.173097
     ],
     [
      -51.021583,
      -21.173043
     ],
     [
      -51.021848,
      -21.17297
     ],
     [
      -51.022097,
      -21.172883
     ],
     [
      -51.024892,
      -21.171622
     ],
     [
      -51.027273,
      -21.17055
     ],
     [
      -51.027685,
      -21.170372
     ],
     [
      -51.027891,
      -21.170297
     ],
     [
      -51.028105,
      -21.170237
     ],
     [
      -51.028356,
      -21.170166
     ],
     [
      -51.030191,
      -21.16974
     ],
     [
      -51.032296,
      -21.169251
     ],
     [
      -51.033967,
      -21.168861
     ],
     [
      -51.035991,
      -21.168385
     ],
     [
      -51.036953,
      -21.168162
     ],
     [
      -51.037242,
      -21.16808
     ],
     [
      -51.037476,
      -21.167983
     ],
     [
      -51.037739,
      -21.167855
     ],
     [
      -51.037962,
      -21.167716
     ],
     [
      -51.038181,
      -21.167552
     ],
     [
      -51.038392,
      -21.16737
     ],
     [
      -51.038461,
      -21.16731
     ],
     [
      -51.040353,
      -21.165672
     ],
     [
      -51.041456,
      -21.164759
     ],
     [
      -51.042044,
      -21.16428
     ],
     [
      -51.042231,
      -21.164149
     ],
     [
      -51.042462,
      -21.164016
     ],
     [
      -51.042692,
      -21.163897
     ],
     [
      -51.042908,
      -21.163814
     ],
     [
      -51.04317,
      -21.163747
     ],
     [
      -51.043501,
      -21.163687
     ],
     [
      -51.043769,
      -21.163674
     ],
     [
      -51.043811,
      -21.163672
     ],
     [
      -51.044128,
      -21.163689
     ],
     [
      -51.04458,
      -21.163731
     ],
     [
      -51.04509,
      -21.163759
     ],
     [
      -51.045415,
      -21.163759
     ],
     [
      -51.045693,
      -21.163747
     ],
     [
      -51.045939,
      -21.163707
     ],
     [
      -51.046203,
      -21.163634
     ],
     [
      -51.047005,
      -21.16342
     ],
     [
      -51.047521,
      -21.163281
     ],
     [
      -51.048602,
      -21.162982
     ],
     [
      -51.049238,
      -21.162808
     ],
     [
      -51.050512,
      -21.162452
     ],
     [
      -51.050951,
      -21.162333
     ],
     [
      -51.051186,
      -21.162252
     ],
     [
      -51.051405,
      -21.162151
     ],
     [
      -51.051639,
      -21.162031
     ],
     [
      -51.051858,
      -21.161868
     ],
     [
      -51.052258,
      -21.161496
     ],
     [
      -51.053823,
      -21.160073
     ],
     [
      -51.054273,
      -21.159658
     ],
     [
      -51.054444,
      -21.159454
     ],
     [
      -51.054601,
      -21.159258
     ],
     [
      -51.054736,
      -21.159067
     ],
     [
      -51.054849,
      -21.158868
     ],
     [
      -51.054974,
      -21.158624
     ],
     [
      -51.05555,
      -21.157351
     ],
     [
      -51.056414,
      -21.155463
     ],
     [
      -51.057219,
      -21.153704
     ],
     [
      -51.057278,
      -21.153522
     ],
     [
      -51.057325,
      -21.153322
     ],
     [
      -51.057359,
      -21.153102
     ],
     [
      -51.05738,
      -21.152857
     ],
     [
      -51.05737,
      -21.152621
     ],
     [
      -51.057338,
      -21.152353
     ],
     [
      -51.05727,
      -21.152035
     ],
     [
      -51.057185,
      -21.151795
     ],
     [
      -51.057085,
      -21.151591
     ],
     [
      -51.056964,
      -21.151345
     ],
     [
      -51.056452,
      -21.150404
     ],
     [
      -51.055957,
      -21.149456
     ],
     [
      -51.055879,
      -21.149279
     ],
     [
      -51.055815,
      -21.149105
     ],
     [
      -51.055779,
      -21.148972
     ],
     [
      -51.055743,
      -21.148818
     ],
     [
      -51.055711,
      -21.148649
     ],
     [
      -51.055692,
      -21.148433
     ],
     [
      -51.055694,
      -21.148249
     ],
     [
      -51.055707,
      -21.148049
     ],
     [
      -51.055739,
      -21.147873
     ],
     [
      -51.05579,
      -21.147639
     ],
     [
      -51.055858,
      -21.147433
     ],
     [
      -51.055951,
      -21.147217
     ],
     [
      -51.056034,
      -21.147065
     ],
     [
      -51.056132,
      -21.146906
     ],
     [
      -51.056609,
      -21.146207
     ],
     [
      -51.057686,
      -21.144692
     ],
     [
      -51.058457,
      -21.143592
     ],
     [
      -51.059232,
      -21.142505
     ],
     [
      -51.059723,
      -21.141808
     ],
     [
      -51.060012,
      -21.141374
     ],
     [
      -51.06011,
      -21.141209
     ],
     [
      -51.060195,
      -21.141045
     ],
     [
      -51.060275,
      -21.140819
     ],
     [
      -51.060343,
      -21.140605
     ],
     [
      -51.060384,
      -21.140391
     ],
     [
      -51.060413,
      -21.140155
     ],
     [
      -51.060435,
      -21.139934
     ],
     [
      -51.060475,
      -21.139306
     ],
     [
      -51.060547,
      -21.138432
     ],
     [
      -51.060596,
      -21.138109
     ],
     [
      -51.060655,
      -21.137875
     ],
     [
      -51.060736,
      -21.13764
     ],
     [
      -51.06084,
      -21.137418
     ],
     [
      -51.060925,
      -21.137273
     ],
     [
      -51.061031,
      -21.137113
     ],
     [
      -51.061205,
      -21.136901
     ],
     [
      -51.061356,
      -21.136734
     ],
     [
      -51.061518,
      -21.136592
     ],
     [
      -51.061709,
      -21.136453
     ],
     [
      -51.061894,
      -21.136332
     ],
     [
      -51.062123,
      -21.136209
     ],
     [
      -51.06231,
      -21.136122
     ],
     [
      -51.062516,
      -21.136053
     ],
     [
      -51.064737,
      -21.135308
     ],
     [
      -51.065394,
      -21.135098
     ],
     [
      -51.065625,
      -21.135041
     ],
     [
      -51.065891,
      -21.134997
     ],
     [
      -51.066135,
      -21.134975
     ],
     [
      -51.066381,
      -21.134969
     ],
     [
      -51.066576,
      -21.134975
     ],
     [
      -51.066596,
      -21.134975
     ],
     [
      -51.066908,
      -21.135001
     ],
     [
      -51.067452,
      -21.135078
     ],
     [
      -51.067682,
      -21.135106
     ],
     [
      -51.067926,
      -21.135126
     ],
     [
      -51.068132,
      -21.13513
     ],
     [
      -51.068377,
      -21.135123
     ],
     [
      -51.06859,
      -21.135105
     ],
     [
      -51.068815,
      -21.135077
     ],
     [
      -51.069083,
      -21.135032
     ],
     [
      -51.070738,
      -21.134738
     ],
     [
      -51.072448,
      -21.134433
     ],
     [
      -51.073784,
      -21.1342
     ],
     [
      -51.074022,
      -21.134158
     ],
     [
      -51.07542,
      -21.133917
     ],
     [
      -51.076433,
      -21.133738
     ],
     [
      -51.076658,
      -21.133689
     ],
     [
      -51.076868,
      -21.133636
     ],
     [
      -51.077095,
      -21.133567
     ],
     [
      -51.077319,
      -21.133487
     ],
     [
      -51.077487,
      -21.133417
     ],
     [
      -51.077661,
      -21.133339
     ],
     [
      -51.077816,
      -21.13326
     ],
     [
      -51.077993,
      -21.133165
     ],
     [
      -51.078181,
      -21.133051
     ],
     [
      -51.078388,
      -21.13291
     ],
     [
      -51.078541,
      -21.132798
     ],
     [
      -51.078712,
      -21.132665
     ],
     [
      -51.078873,
      -21.132523
     ],
     [
      -51.079146,
      -21.132249
     ],
     [
      -51.079299,
      -21.132071
     ],
     [
      -51.07948,
      -21.131847
     ],
     [
      -51.079669,
      -21.131562
     ],
     [
      -51.079921,
      -21.131102
     ],
     [
      -51.080313,
      -21.130258
     ],
     [
      -51.080475,
      -21.129923
     ],
     [
      -51.080713,
      -21.129411
     ],
     [
      -51.081013,
      -21.128765
     ],
     [
      -51.081187,
      -21.128416
     ],
     [
      -51.081301,
      -21.128217
     ],
     [
      -51.08145,
      -21.128001
     ],
     [
      -51.0816,
      -21.127821
     ],
     [
      -51.08172,
      -21.127692
     ],
     [
      -51.08188,
      -21.127549
     ],
     [
      -51.082051,
      -21.127416
     ],
     [
      -51.082306,
      -21.127246
     ],
     [
      -51.08257,
      -21.127109
     ],
     [
      -51.08283,
      -21.12701
     ],
     [
      -51.083165,
      -21.126913
     ],
     [
      -51.083444,
      -21.126857
     ],
     [
      -51.083728,
      -21.12683
     ],
     [
      -51.083985,
      -21.12683
     ],
     [
      -51.084291,
      -21.126849
     ],
     [
      -51.084536,
      -21.126885
     ],
     [
      -51.084773,
      -21.126942
     ],
     [
      -51.085063,
      -21.127045
     ],
     [
      -51.085304,
      -21.127155
     ],
     [
      -51.085595,
      -21.127309
     ],
     [
      -51.086597,
      -21.127887
     ],
     [
      -51.088131,
      -21.128766
     ],
     [
      -51.089612,
      -21.12961
     ],
     [
      -51.091009,
      -21.130417
     ],
     [
      -51.09161,
      -21.130756
     ],
     [
      -51.091895,
      -21.130896
     ],
     [
      -51.092172,
      -21.131002
     ],
     [
      -51.094345,
      -21.131661
     ],
     [
      -51.094845,
      -21.131809
     ],
     [
      -51.097522,
      -21.132609
     ],
     [
      -51.097794,
      -21.132689
     ],
     [
      -51.098142,
      -21.132793
     ],
     [
      -51.098413,
      -21.132857
     ],
     [
      -51.098813,
      -21.132899
     ],
     [
      -51.099191,
      -21.132893
     ],
     [
      -51.099515,
      -21.132849
     ],
     [
      -51.09987,
      -21.132762
     ],
     [
      -51.100167,
      -21.132644
     ],
     [
      -51.100428,
      -21.132507
     ],
     [
      -51.100933,
      -21.132159
     ],
     [
      -51.101209,
      -21.13186
     ],
     [
      -51.101381,
      -21.131613
     ],
     [
      -51.101452,
      -21.131493
     ],
     [
      -51.103035,
      -21.128313
     ],
     [
      -51.103271,
      -21.127865
     ],
     [
      -51.103437,
      -21.127549
     ],
     [
      -51.104105,
      -21.126276
     ],
     [
      -51.104378,
      -21.125752
     ],
     [
      -51.104597,
      -21.125435
     ],
     [
      -51.104811,
      -21.125186
     ],
     [
      -51.105012,
      -21.12499
     ],
     [
      -51.105207,
      -21.124825
     ],
     [
      -51.105402,
      -21.124671
     ],
     [
      -51.1057,
      -21.124483
     ],
     [
      -51.105879,
      -21.124389
     ],
     [
      -51.106144,
      -21.124261
     ],
     [
      -51.106403,
      -21.12417
     ],
     [
      -51.106608,
      -21.124111
     ],
     [
      -51.106876,
      -21.124046
     ],
     [
      -51.107152,
      -21.124006
     ],
     [
      -51.107409,
      -21.123989
     ],
     [
      -51.107741,
      -21.123972
     ],
     [
      -51.107832,
      -21.123966
     ],
     [
      -51.11019,
      -21.123816
     ],
     [
      -51.110812,
      -21.123781
     ],
     [
      -51.111094,
      -21.12375
     ],
     [
      -51.111311,
      -21.123708
     ],
     [
      -51.111516,
      -21.123648
     ],
     [
      -51.111692,
      -21.123586
     ],
     [
      -51.111911,
      -21.123498
     ],
     [
      -51.11211,
      -21.123405
     ],
     [
      -51.112282,
      -21.123288
     ],
     [
      -51.112471,
      -21.123152
     ],
     [
      -51.112605,
      -21.123037
     ],
     [
      -51.112775,
      -21.122879
     ],
     [
      -51.113442,
      -21.122224
     ],
     [
      -51.11365,
      -21.12201
     ],
     [
      -51.113825,
      -21.121845
     ],
     [
      -51.113987,
      -21.121721
     ],
     [
      -51.114122,
      -21.121618
     ],
     [
      -51.114263,
      -21.12153
     ],
     [
      -51.114425,
      -21.121446
     ],
     [
      -51.114613,
      -21.121353
     ],
     [
      -51.114826,
      -21.121269
     ],
     [
      -51.115026,
      -21.121214
     ],
     [
      -51.115304,
      -21.121156
     ],
     [
      -51.115556,
      -21.121125
     ],
     [
      -51.115796,
      -21.121111
     ],
     [
      -51.115977,
      -21.121115
     ],
     [
      -51.116854,
      -21.121143
     ],
     [
      -51.118307,
      -21.121186
     ],
     [
      -51.118386,
      -21.121189
     ],
     [
      -51.11994,
      -21.121248
     ],
     [
      -51.121632,
      -21.121291
     ],
     [
      -51.123424,
      -21.121354
     ],
     [
      -51.124121,
      -21.12138
     ],
     [
      -51.124463,
      -21.121422
     ],
     [
      -51.124791,
      -21.121495
     ],
     [
      -51.125067,
      -21.121587
     ],
     [
      -51.125376,
      -21.121736
     ],
     [
      -51.125617,
      -21.121876
     ],
     [
      -51.125818,
      -21.122018
     ],
     [
      -51.12671,
      -21.122859
     ],
     [
      -51.128001,
      -21.124092
     ],
     [
      -51.128389,
      -21.124459
     ],
     [
      -51.128605,
      -21.12463
     ],
     [
      -51.128855,
      -21.124792
     ],
     [
      -51.129149,
      -21.124941
     ],
     [
      -51.129413,
      -21.125039
     ],
     [
      -51.129726,
      -21.125117
     ],
     [
      -51.130014,
      -21.125162
     ],
     [
      -51.131341,
      -21.125226
     ],
     [
      -51.132149,
      -21.125243
     ],
     [
      -51.132551,
      -21.125271
     ],
     [
      -51.132988,
      -21.12533
     ],
     [
      -51.133519,
      -21.125461
     ],
     [
      -51.134042,
      -21.125635
     ],
     [
      -51.134484,
      -21.125841
     ],
     [
      -51.134938,
      -21.126091
     ],
     [
      -51.135333,
      -21.126356
     ],
     [
      -51.135715,
      -21.126665
     ],
     [
      -51.136055,
      -21.127006
     ],
     [
      -51.136378,
      -21.127374
     ],
     [
      -51.136726,
      -21.127794
     ],
     [
      -51.138583,
      -21.13012
     ],
     [
      -51.138888,
      -21.130489
     ],
     [
      -51.139077,
      -21.130723
     ],
     [
      -51.139262,
      -21.130913
     ],
     [
      -51.13947,
      -21.131093
     ],
     [
      -51.139717,
      -21.131271
     ],
     [
      -51.139955,
      -21.131392
     ],
     [
      -51.140199,
      -21.131495
     ],
     [
      -51.140556,
      -21.1316
     ],
     [
      -51.140838,
      -21.131654
     ],
     [
      -51.141099,
      -21.131679
     ],
     [
      -51.141369,
      -21.131681
     ],
     [
      -51.141853,
      -21.131636
     ],
     [
      -51.142306,
      -21.131553
     ],
     [
      -51.144644,
      -21.131079
     ],
     [
      -51.146836,
      -21.130657
     ],
     [
      -51.147278,
      -21.130554
     ],
     [
      -51.147569,
      -21.130461
     ],
     [
      -51.147849,
      -21.130338
     ],
     [
      -51.148083,
      -21.130217
     ],
     [
      -51.148329,
      -21.130057
     ],
     [
      -51.148535,
      -21.129896
     ],
     [
      -51.148709,
      -21.129726
     ],
     [
      -51.149542,
      -21.128912
     ],
     [
      -51.150924,
      -21.127551
     ],
     [
      -51.151744,
      -21.126731
     ],
     [
      -51.152362,
      -21.126109
     ],
     [
      -51.153309,
      -21.125183
     ],
     [
      -51.154554,
      -21.123915
     ],
     [
      -51.156296,
      -21.12217
     ],
     [
      -51.156678,
      -21.121766
     ],
     [
      -51.156848,
      -21.121568
     ],
     [
      -51.157005,
      -21.121348
     ],
     [
      -51.157166,
      -21.121055
     ],
     [
      -51.157266,
      -21.120831
     ],
     [
      -51.157323,
      -21.120579
     ],
     [
      -51.157362,
      -21.120328
     ],
     [
      -51.157379,
      -21.120019
     ],
     [
      -51.15737,
      -21.119729
     ],
     [
      -51.157323,
      -21.119458
     ],
     [
      -51.157236,
      -21.119137
     ],
     [
      -51.157107,
      -21.118848
     ],
     [
      -51.156814,
      -21.118273
     ],
     [
      -51.156251,
      -21.117122
     ],
     [
      -51.156121,
      -21.116839
     ],
     [
      -51.15606,
      -21.116648
     ],
     [
      -51.155996,
      -21.116456
     ],
     [
      -51.155962,
      -21.116248
     ],
     [
      -51.155934,
      -21.115995
     ],
     [
      -51.155943,
      -21.115765
     ],
     [
      -51.15599,
      -21.115462
     ],
     [
      -51.156136,
      -21.114178
     ],
     [
      -51.156289,
      -21.112793
     ],
     [
      -51.156468,
      -21.111372
     ],
     [
      -51.156525,
      -21.111051
     ],
     [
      -51.156606,
      -21.110754
     ],
     [
      -51.156693,
      -21.110483
     ],
     [
      -51.157086,
      -21.109242
     ],
     [
      -51.157466,
      -21.107963
     ],
     [
      -51.157795,
      -21.106902
     ],
     [
      -51.157986,
      -21.106266
     ],
     [
      -51.158171,
      -21.105662
     ],
     [
      -51.158579,
      -21.104442
     ],
     [
      -51.158848,
      -21.103554
     ],
     [
      -51.159197,
      -21.102397
     ],
     [
      -51.159585,
      -21.101147
     ],
     [
      -51.159889,
      -21.10013
     ],
     [
      -51.159968,
      -21.09991
     ],
     [
      -51.16009,
      -21.099663
     ],
     [
      -51.160248,
      -21.099435
     ],
     [
      -51.160356,
      -21.099286
     ],
     [
      -51.16049,
      -21.099133
     ],
     [
      -51.160643,
      -21.098981
     ],
     [
      -51.160792,
      -21.09886
     ],
     [
      -51.160991,
      -21.098719
     ],
     [
      -51.161172,
      -21.0986
     ],
     [
      -51.16138,
      -21.098485
     ],
     [
      -51.161652,
      -21.098384
     ],
     [
      -51.16193,
      -21.098307
     ],
     [
      -51.162183,
      -21.098246
     ],
     [
      -51.162448,
      -21.098212
     ],
     [
      -51.162741,
      -21.098192
     ],
     [
      -51.163003,
      -21.09822
     ],
     [
      -51.163317,
      -21.098279
     ],
     [
      -51.163616,
      -21.098351
     ],
     [
      -51.163856,
      -21.09844
     ],
     [
      -51.164137,
      -21.098567
     ],
     [
      -51.165358,
      -21.099217
     ],
     [
      -51.165717,
      -21.099387
     ],
     [
      -51.166014,
      -21.099506
     ],
     [
      -51.166275,
      -21.099581
     ],
     [
      -51.166522,
      -21.099627
     ],
     [
      -51.166779,
      -21.099643
     ],
     [
      -51.167074,
      -21.099635
     ],
     [
      -51.167323,
      -21.099617
     ],
     [
      -51.167577,
      -21.099579
     ],
     [
      -51.167862,
      -21.099502
     ],
     [
      -51.168132,
      -21.099403
     ],
     [
      -51.168356,
      -21.099284
     ],
     [
      -51.168626,
      -21.099116
     ],
     [
      -51.168838,
      -21.098969
     ],
     [
      -51.169013,
      -21.098827
     ],
     [
      -51.169155,
      -21.09867
     ],
     [
      -51.169316,
      -21.098452
     ],
     [
      -51.16948,
      -21.098203
     ],
     [
      -51.169597,
      -21.097985
     ],
     [
      -51.169709,
      -21.097739
     ],
     [
      -51.169843,
      -21.097416
     ],
     [
      -51.170126,
      -21.09672
     ],
     [
      -51.170244,
      -21.096498
     ],
     [
      -51.170344,
      -21.096334
     ],
     [
      -51.170595,
      -21.09594
     ],
     [
      -51.171495,
      -21.094517
     ],
     [
      -51.172043,
      -21.093631
     ],
     [
      -51.172778,
      -21.092466
     ],
     [
      -51.173371,
      -21.091497
     ],
     [
      -51.174129,
      -21.090326
     ],
     [
      -51.174329,
      -21.089967
     ],
     [
      -51.174433,
      -21.089726
     ],
     [
      -51.174516,
      -21.089458
     ],
     [
      -51.174564,
      -21.089202
     ],
     [
      -51.174594,
      -21.088899
     ],
     [
      -51.174592,
      -21.088661
     ],
     [
      -51.174556,
      -21.088358
     ],
     [
      -51.17449,
      -21.088029
     ],
     [
      -51.174305,
      -21.086963
     ],
     [
      -51.174165,
      -21.085982
     ],
     [
      -51.174152,
      -21.085798
     ],
     [
      -51.174163,
      -21.085618
     ],
     [
      -51.174208,
      -21.085372
     ],
     [
      -51.174276,
      -21.085071
     ],
     [
      -51.174375,
      -21.084813
     ],
     [
      -51.174501,
      -21.084577
     ],
     [
      -51.174641,
      -21.084337
     ],
     [
      -51.174815,
      -21.084108
     ],
     [
      -51.175614,
      -21.083004
     ],
     [
      -51.176161,
      -21.082243
     ],
     [
      -51.176644,
      -21.081573
     ],
     [
      -51.176869,
      -21.081232
     ],
     [
      -51.176956,
      -21.081056
     ],
     [
      -51.177075,
      -21.080812
     ],
     [
      -51.177162,
      -21.08059
     ],
     [
      -51.177223,
      -21.080408
     ],
     [
      -51.177283,
      -21.080166
     ],
     [
      -51.177317,
      -21.07991
     ],
     [
      -51.177389,
      -21.078931
     ],
     [
      -51.177444,
      -21.077837
     ],
     [
      -51.1775,
      -21.07668
     ],
     [
      -51.177555,
      -21.076121
     ],
     [
      -51.17761,
      -21.075897
     ],
     [
      -51.177676,
      -21.075693
     ],
     [
      -51.177771,
      -21.075493
     ],
     [
      -51.177878,
      -21.075285
     ],
     [
      -51.178056,
      -21.075035
     ],
     [
      -51.178234,
      -21.074831
     ],
     [
      -51.178557,
      -21.074498
     ],
     [
      -51.180061,
      -21.073057
     ],
     [
      -51.180836,
      -21.072302
     ],
     [
      -51.180959,
      -21.07216
     ],
     [
      -51.181093,
      -21.071973
     ],
     [
      -51.181208,
      -21.071775
     ],
     [
      -51.181327,
      -21.071508
     ],
     [
      -51.181401,
      -21.071252
     ],
     [
      -51.181461,
      -21.070992
     ],
     [
      -51.181488,
      -21.070681
     ],
     [
      -51.181482,
      -21.070441
     ],
     [
      -51.181469,
      -21.070227
     ],
     [
      -51.181412,
      -21.069914
     ],
     [
      -51.181329,
      -21.069431
     ],
     [
      -51.181286,
      -21.069125
     ],
     [
      -51.181272,
      -21.068911
     ],
     [
      -51.181293,
      -21.068616
     ],
     [
      -51.181354,
      -21.068285
     ],
     [
      -51.181433,
      -21.068016
     ],
     [
      -51.181533,
      -21.067786
     ],
     [
      -51.181667,
      -21.067556
     ],
     [
      -51.181824,
      -21.06733
     ],
     [
      -51.182661,
      -21.066287
     ],
     [
      -51.18313,
      -21.065671
     ],
     [
      -51.183269,
      -21.065456
     ],
     [
      -51.183375,
      -21.065258
     ],
     [
      -51.183454,
      -21.065034
     ],
     [
      -51.183522,
      -21.064786
     ],
     [
      -51.183564,
      -21.064556
     ],
     [
      -51.183579,
      -21.064378
     ],
     [
      -51.183588,
      -21.064182
     ],
     [
      -51.183573,
      -21.063986
     ],
     [
      -51.183543,
      -21.06376
     ],
     [
      -51.183484,
      -21.06351
     ],
     [
      -51.183403,
      -21.063276
     ],
     [
      -51.183307,
      -21.063074
     ],
     [
      -51.183195,
      -21.06286
     ],
     [
      -51.183031,
      -21.062642
     ],
     [
      -51.182806,
      -21.062378
     ],
     [
      -51.182613,
      -21.062184
     ],
     [
      -51.182195,
      -21.061849
     ],
     [
      -51.180744,
      -21.060708
     ],
     [
      -51.179251,
      -21.059546
     ],
     [
      -51.178134,
      -21.05865
     ],
     [
      -51.177157,
      -21.057867
     ],
     [
      -51.176987,
      -21.057695
     ],
     [
      -51.176825,
      -21.057511
     ],
     [
      -51.1767,
      -21.057344
     ],
     [
      -51.176596,
      -21.057168
     ],
     [
      -51.176483,
      -21.056952
     ],
     [
      -51.176396,
      -21.056749
     ],
     [
      -51.176343,
      -21.056551
     ],
     [
      -51.176303,
      -21.056353
     ],
     [
      -51.176271,
      -21.056141
     ],
     [
      -51.176265,
      -21.055899
     ],
     [
      -51.176271,
      -21.055665
     ],
     [
      -51.176311,
      -21.055366
     ],
     [
      -51.176386,
      -21.055089
     ],
     [
      -51.176462,
      -21.054888
     ],
     [
      -51.176556,
      -21.054684
     ],
     [
      -51.176664,
      -21.054488
     ],
     [
      -51.176885,
      -21.054129
     ],
     [
      -51.177926,
      -21.052542
     ],
     [
      -51.17842,
      -21.051794
     ],
     [
      -51.178599,
      -21.051578
     ],
     [
      -51.178805,
      -21.051382
     ],
     [
      -51.179028,
      -21.051206
     ],
     [
      -51.179283,
      -21.051035
     ],
     [
      -51.179578,
      -21.050885
     ],
     [
      -51.179937,
      -21.050744
     ],
     [
      -51.180948,
      -21.050337
     ],
     [
      -51.181708,
      -21.050024
     ],
     [
      -51.181959,
      -21.049899
     ],
     [
      -51.182197,
      -21.049741
     ],
     [
      -51.18242,
      -21.04958
     ],
     [
      -51.182587,
      -21.04941
     ],
     [
      -51.182745,
      -21.049231
     ],
     [
      -51.182868,
      -21.049077
     ],
     [
      -51.182993,
      -21.048875
     ],
     [
      -51.183101,
      -21.048659
     ],
     [
      -51.18321,
      -21.048389
     ],
     [
      -51.183609,
      -21.047229
     ],
     [
      -51.18401,
      -21.046048
     ],
     [
      -51.184134,
      -21.045741
     ],
     [
      -51.184263,
      -21.045485
     ],
     [
      -51.184427,
      -21.045237
     ],
     [
      -51.184626,
      -21.044994
     ],
     [
      -51.18482,
      -21.044817
     ],
     [
      -51.185049,
      -21.044637
     ],
     [
      -51.185306,
      -21.044486
     ],
     [
      -51.185548,
      -21.044367
     ],
     [
      -51.185807,
      -21.044272
     ],
     [
      -51.186088,
      -21.044201
     ],
     [
      -51.18637,
      -21.044151
     ],
     [
      -51.186633,
      -21.044133
     ],
     [
      -51.186937,
      -21.044141
     ],
     [
      -51.187224,
      -21.044175
     ],
     [
      -51.188184,
      -21.044286
     ],
     [
      -51.188508,
      -21.044299
     ],
     [
      -51.188782,
      -21.044292
     ],
     [
      -51.189058,
      -21.044242
     ],
     [
      -51.189347,
      -21.044171
     ],
     [
      -51.189568,
      -21.044085
     ],
     [
      -51.189852,
      -21.043961
     ],
     [
      -51.190075,
      -21.043828
     ],
     [
      -51.19032,
      -21.043651
     ],
     [
      -51.190518,
      -21.043472
     ],
     [
      -51.191286,
      -21.042671
     ],
     [
      -51.191725,
      -21.04217
     ],
     [
      -51.191927,
      -21.042014
     ],
     [
      -51.192266,
      -21.041767
     ],
     [
      -51.192614,
      -21.041602
     ],
     [
      -51.192944,
      -21.041519
     ],
     [
      -51.193439,
      -21.041391
     ],
     [
      -51.19813,
      -21.040594
     ],
     [
      -51.198753,
      -21.040502
     ],
     [
      -51.19922,
      -21.040475
     ],
     [
      -51.199715,
      -21.040511
     ],
     [
      -51.202509,
      -21.040979
     ],
     [
      -51.20316,
      -21.041061
     ],
     [
      -51.203902,
      -21.041052
     ],
     [
      -51.20458,
      -21.040887
     ],
     [
      -51.205066,
      -21.040713
     ],
     [
      -51.205625,
      -21.040356
     ],
     [
      -51.20601,
      -21.040017
     ],
     [
      -51.206385,
      -21.039467
     ],
     [
      -51.206697,
      -21.038807
     ],
     [
      -51.207109,
      -21.037763
     ],
     [
      -51.207485,
      -21.037158
     ],
     [
      -51.207998,
      -21.036672
     ],
     [
      -51.208355,
      -21.036434
     ],
     [
      -51.209033,
      -21.036187
     ],
     [
      -51.209702,
      -21.03593
     ],
     [
      -51.209816,
      -21.03586
     ],
     [
      -51.210307,
      -21.035481
     ],
     [
      -51.210664,
      -21.035133
     ],
     [
      -51.210811,
      -21.034882
     ],
     [
      -51.211036,
      -21.034451
     ],
     [
      -51.211551,
      -21.033072
     ]
    ]
   }
  },
  {
   "type": "Feature",
   "properties": {
    "id": "nob-variante-jupia-final",
    "method": "osm-current",
    "osm_ways": [
     142608808
    ],
    "bridged_gap_m": 0,
    "generated": "2026-10-03"
   },
   "geometry": {
    "type": "LineString",
    "coordinates": [
     [
      -51.211551,
      -21.033072
     ],
     [
      -51.212262,
      -21.031135
     ],
     [
      -51.212481,
      -21.0307
     ],
     [
      -51.212613,
      -21.03052
     ],
     [
      -51.212752,
      -21.030329
     ],
     [
      -51.213224,
      -21.029885
     ],
     [
      -51.213539,
      -21.029675
     ],
     [
      -51.213645,
      -21.029605
     ],
     [
      -51.214119,
      -21.029431
     ],
     [
      -51.214541,
      -21.029321
     ],
     [
      -51.214949,
      -21.029289
     ],
     [
      -51.218558,
      -21.029509
     ],
     [
      -51.219134,
      -21.029522
     ],
     [
      -51.219549,
      -21.029464
     ],
     [
      -51.220041,
      -21.029321
     ],
     [
      -51.220585,
      -21.029049
     ],
     [
      -51.221032,
      -21.028719
     ],
     [
      -51.221389,
      -21.028291
     ],
     [
      -51.224713,
      -21.023548
     ],
     [
      -51.224913,
      -21.023237
     ],
     [
      -51.225121,
      -21.022888
     ],
     [
      -51.22527,
      -21.022518
     ],
     [
      -51.225399,
      -21.022123
     ],
     [
      -51.225451,
      -21.021734
     ],
     [
      -51.225451,
      -21.02141
     ],
     [
      -51.225419,
      -21.020957
     ],
     [
      -51.225048,
      -21.019188
     ],
     [
      -51.224553,
      -21.016804
     ],
     [
      -51.224462,
      -21.01638
     ],
     [
      -51.224404,
      -21.015939
     ],
     [
      -51.224397,
      -21.015502
     ],
     [
      -51.224459,
      -21.01509
     ],
     [
      -51.224543,
      -21.014779
     ],
     [
      -51.224724,
      -21.014326
     ],
     [
      -51.224974,
      -21.013931
     ],
     [
      -51.22521,
      -21.013633
     ],
     [
      -51.225476,
      -21.013347
     ],
     [
      -51.225722,
      -21.013169
     ],
     [
      -51.226062,
      -21.012955
     ],
     [
      -51.22636,
      -21.01281
     ],
     [
      -51.226812,
      -21.012645
     ],
     [
      -51.229226,
      -21.01205
     ],
     [
      -51.229698,
      -21.011935
     ],
     [
      -51.229964,
      -21.011903
     ],
     [
      -51.23023,
      -21.011908
     ],
     [
      -51.230546,
      -21.011958
     ],
     [
      -51.232923,
      -21.012494
     ],
     [
      -51.233363,
      -21.01259
     ],
     [
      -51.233721,
      -21.012627
     ],
     [
      -51.234124,
      -21.012618
     ],
     [
      -51.234541,
      -21.012563
     ],
     [
      -51.23504,
      -21.012439
     ],
     [
      -51.235489,
      -21.012265
     ],
     [
      -51.235851,
      -21.012077
     ],
     [
      -51.236135,
      -21.011867
     ],
     [
      -51.239873,
      -21.008247
     ],
     [
      -51.242471,
      -21.005719
     ],
     [
      -51.242814,
      -21.005489
     ],
     [
      -51.243195,
      -21.005302
     ],
     [
      -51.243511,
      -21.005196
     ],
     [
      -51.243882,
      -21.005118
     ],
     [
      -51.24423,
      -21.005086
     ],
     [
      -51.244592,
      -21.005109
     ],
     [
      -51.24675,
      -21.005311
     ],
     [
      -51.247327,
      -21.005325
     ],
     [
      -51.247886,
      -21.005274
     ],
     [
      -51.248413,
      -21.005178
     ],
     [
      -51.248642,
      -21.005118
     ],
     [
      -51.253745,
      -21.003419
     ],
     [
      -51.258735,
      -21.001756
     ],
     [
      -51.263783,
      -21.00007
     ],
     [
      -51.264205,
      -20.999919
     ],
     [
      -51.26447,
      -20.999795
     ],
     [
      -51.26475,
      -20.99963
     ],
     [
      -51.265025,
      -20.999419
     ],
     [
      -51.265474,
      -20.999062
     ],
     [
      -51.267929,
      -20.997101
     ],
     [
      -51.270622,
      -20.994938
     ],
     [
      -51.272226,
      -20.993606
     ],
     [
      -51.27252,
      -20.993363
     ],
     [
      -51.272799,
      -20.993106
     ],
     [
      -51.273033,
      -20.992854
     ],
     [
      -51.273305,
      -20.992528
     ],
     [
      -51.275731,
      -20.989304
     ],
     [
      -51.276522,
      -20.988206
     ],
     [
      -51.278411,
      -20.985584
     ],
     [
      -51.278727,
      -20.985217
     ],
     [
      -51.279034,
      -20.984951
     ],
     [
      -51.279424,
      -20.984718
     ],
     [
      -51.279854,
      -20.984539
     ],
     [
      -51.280454,
      -20.984388
     ],
     [
      -51.281373,
      -20.984251
     ],
     [
      -51.281984,
      -20.984139
     ],
     [
      -51.28228,
      -20.984086
     ],
     [
      -51.282939,
      -20.983829
     ],
     [
      -51.283489,
      -20.983481
     ],
     [
      -51.284121,
      -20.983032
     ],
     [
      -51.284616,
      -20.982629
     ],
     [
      -51.285679,
      -20.98174
     ],
     [
      -51.287924,
      -20.979953
     ],
     [
      -51.288382,
      -20.979633
     ],
     [
      -51.293394,
      -20.976756
     ],
     [
      -51.29431,
      -20.976206
     ],
     [
      -51.294695,
      -20.975766
     ],
     [
      -51.295034,
      -20.975225
     ],
     [
      -51.295281,
      -20.974602
     ],
     [
      -51.29562,
      -20.973833
     ],
     [
      -51.295996,
      -20.973255
     ],
     [
      -51.296491,
      -20.972816
     ],
     [
      -51.297041,
      -20.972486
     ],
     [
      -51.297783,
      -20.972248
     ],
     [
      -51.298553,
      -20.972229
     ],
     [
      -51.299368,
      -20.97244
     ],
     [
      -51.30099,
      -20.97332
     ],
     [
      -51.301677,
      -20.973585
     ],
     [
      -51.302382,
      -20.973704
     ],
     [
      -51.303033,
      -20.973668
     ],
     [
      -51.303839,
      -20.973439
     ],
     [
      -51.305131,
      -20.972971
     ],
     [
      -51.305672,
      -20.972779
     ],
     [
      -51.306368,
      -20.972706
     ],
     [
      -51.307129,
      -20.972751
     ],
     [
      -51.310025,
      -20.973203
     ],
     [
      -51.314944,
      -20.97397
     ],
     [
      -51.315925,
      -20.974071
     ],
     [
      -51.316603,
      -20.97408
     ],
     [
      -51.317281,
      -20.973979
     ],
     [
      -51.317794,
      -20.973851
     ],
     [
      -51.31828,
      -20.973677
     ],
     [
      -51.31882,
      -20.973402
     ],
     [
      -51.319287,
      -20.973136
     ],
     [
      -51.3197,
      -20.97277
     ],
     [
      -51.320048,
      -20.972422
     ],
     [
      -51.320433,
      -20.971927
     ],
     [
      -51.324776,
      -20.966594
     ],
     [
      -51.325326,
      -20.965852
     ],
     [
      -51.325765,
      -20.965183
     ],
     [
      -51.3261,
      -20.964301
     ],
     [
      -51.32779,
      -20.958714
     ],
     [
      -51.327983,
      -20.958165
     ],
     [
      -51.328248,
      -20.957734
     ],
     [
      -51.328588,
      -20.957267
     ],
     [
      -51.331107,
      -20.95471
     ],
     [
      -51.331529,
      -20.954399
     ],
     [
      -51.332133,
      -20.95417
     ],
     [
      -51.33272,
      -20.954087
     ],
     [
      -51.333325,
      -20.954096
     ],
     [
      -51.333523,
      -20.954118
     ],
     [
      -51.339152,
      -20.954701
     ],
     [
      -51.339711,
      -20.954674
     ],
     [
      -51.340206,
      -20.954545
     ],
     [
      -51.34081,
      -20.954188
     ],
     [
      -51.341369,
      -20.953657
     ],
     [
      -51.341626,
      -20.953281
     ],
     [
      -51.341873,
      -20.952777
     ],
     [
      -51.341956,
      -20.952191
     ],
     [
      -51.341965,
      -20.951623
     ],
     [
      -51.341818,
      -20.951137
     ],
     [
      -51.341598,
      -20.950617
     ],
     [
      -51.341058,
      -20.949369
     ],
     [
      -51.340847,
      -20.948901
     ],
     [
      -51.340737,
      -20.948526
     ],
     [
      -51.34071,
      -20.948058
     ],
     [
      -51.340737,
      -20.947536
     ],
     [
      -51.340893,
      -20.946959
     ],
     [
      -51.341232,
      -20.946418
     ],
     [
      -51.341737,
      -20.945911
     ],
     [
      -51.342843,
      -20.945043
     ],
     [
      -51.343926,
      -20.944155
     ],
     [
      -51.344384,
      -20.943692
     ],
     [
      -51.344773,
      -20.943214
     ],
     [
      -51.345016,
      -20.942817
     ],
     [
      -51.345474,
      -20.942029
     ],
     [
      -51.345722,
      -20.941461
     ],
     [
      -51.345914,
      -20.940801
     ],
     [
      -51.346015,
      -20.940123
     ],
     [
      -51.346015,
      -20.939528
     ],
     [
      -51.345966,
      -20.938773
     ],
     [
      -51.345813,
      -20.936403
     ],
     [
      -51.345758,
      -20.935533
     ],
     [
      -51.345804,
      -20.935038
     ],
     [
      -51.345941,
      -20.934516
     ],
     [
      -51.346134,
      -20.934122
     ],
     [
      -51.346381,
      -20.933774
     ],
     [
      -51.34661,
      -20.933508
     ],
     [
      -51.350147,
      -20.930759
     ],
     [
      -51.35077,
      -20.930338
     ],
     [
      -51.351412,
      -20.930035
     ],
     [
      -51.352016,
      -20.929871
     ],
     [
      -51.352841,
      -20.929834
     ],
     [
      -51.353638,
      -20.929889
     ],
     [
      -51.355645,
      -20.930338
     ],
     [
      -51.356442,
      -20.930411
     ],
     [
      -51.356937,
      -20.930402
     ],
     [
      -51.357514,
      -20.930274
     ],
     [
      -51.358018,
      -20.930054
     ],
     [
      -51.358568,
      -20.92966
     ],
     [
      -51.360272,
      -20.92823
     ],
     [
      -51.360757,
      -20.927717
     ],
     [
      -51.361151,
      -20.927223
     ],
     [
      -51.361362,
      -20.926728
     ],
     [
      -51.3615,
      -20.926205
     ],
     [
      -51.361454,
      -20.925637
     ],
     [
      -51.361344,
      -20.925088
     ],
     [
      -51.360996,
      -20.924455
     ],
     [
      -51.358549,
      -20.922
     ],
     [
      -51.356057,
      -20.919526
     ],
     [
      -51.35559,
      -20.919004
     ],
     [
      -51.355481,
      -20.91875
     ],
     [
      -51.35537,
      -20.918491
     ],
     [
      -51.355278,
      -20.918051
     ],
     [
      -51.355196,
      -20.91751
     ],
     [
      -51.355168,
      -20.917025
     ],
     [
      -51.355324,
      -20.916209
     ],
     [
      -51.355489,
      -20.915632
     ],
     [
      -51.35592,
      -20.914862
     ],
     [
      -51.356259,
      -20.914514
     ],
     [
      -51.35657,
      -20.914184
     ],
     [
      -51.357211,
      -20.913753
     ],
     [
      -51.358155,
      -20.913332
     ],
     [
      -51.359914,
      -20.912791
     ],
     [
      -51.361435,
      -20.912361
     ],
     [
      -51.362123,
      -20.912113
     ],
     [
      -51.362599,
      -20.911839
     ],
     [
      -51.363563,
      -20.910895
     ],
     [
      -51.3636,
      -20.910859
     ],
     [
      -51.366383,
      -20.90767
     ],
     [
      -51.366704,
      -20.907312
     ],
     [
      -51.36708,
      -20.907074
     ],
     [
      -51.367154,
      -20.907026
     ],
     [
      -51.367684,
      -20.90668
     ],
     [
      -51.370675,
      -20.90492
     ],
     [
      -51.371535,
      -20.904417
     ],
     [
      -51.372431,
      -20.903891
     ],
     [
      -51.375956,
      -20.901849
     ],
     [
      -51.376837,
      -20.901338
     ],
     [
      -51.37788,
      -20.900732
     ],
     [
      -51.378657,
      -20.900284
     ],
     [
      -51.378757,
      -20.900222
     ],
     [
      -51.38002,
      -20.899447
     ],
     [
      -51.381061,
      -20.898841
     ],
     [
      -51.382528,
      -20.89804
     ],
     [
      -51.382849,
      -20.8978
     ],
     [
      -51.383023,
      -20.897701
     ],
     [
      -51.383389,
      -20.897389
     ],
     [
      -51.383583,
      -20.897123
     ],
     [
      -51.38371,
      -20.896949
     ],
     [
      -51.38389,
      -20.896538
     ],
     [
      -51.384663,
      -20.894988
     ],
     [
      -51.385548,
      -20.893521
     ],
     [
      -51.385627,
      -20.893428
     ],
     [
      -51.385927,
      -20.893119
     ],
     [
      -51.386302,
      -20.892887
     ],
     [
      -51.386791,
      -20.892713
     ],
     [
      -51.389354,
      -20.892242
     ],
     [
      -51.391013,
      -20.891937
     ],
     [
      -51.39487,
      -20.891177
     ],
     [
      -51.395768,
      -20.890847
     ],
     [
      -51.396519,
      -20.890206
     ],
     [
      -51.396812,
      -20.889619
     ],
     [
      -51.397087,
      -20.888886
     ],
     [
      -51.397032,
      -20.888153
     ],
     [
      -51.396794,
      -20.887054
     ],
     [
      -51.396556,
      -20.886156
     ],
     [
      -51.396519,
      -20.885533
     ],
     [
      -51.396629,
      -20.884873
     ],
     [
      -51.397105,
      -20.884085
     ],
     [
      -51.397802,
      -20.883462
     ],
     [
      -51.398828,
      -20.88315
     ],
     [
      -51.399975,
      -20.88311
     ],
     [
      -51.40603,
      -20.883174
     ],
     [
      -51.407127,
      -20.883194
     ],
     [
      -51.408136,
      -20.883183
     ],
     [
      -51.408823,
      -20.882983
     ],
     [
      -51.409543,
      -20.882581
     ],
     [
      -51.409956,
      -20.882171
     ],
     [
      -51.410287,
      -20.881686
     ],
     [
      -51.41053,
      -20.881093
     ],
     [
      -51.41061,
      -20.880624
     ],
     [
      -51.410564,
      -20.880081
     ],
     [
      -51.410442,
      -20.879578
     ],
     [
      -51.409739,
      -20.877984
     ],
     [
      -51.409586,
      -20.877441
     ],
     [
      -51.409576,
      -20.876823
     ],
     [
      -51.409669,
      -20.876304
     ],
     [
      -51.409851,
      -20.875859
     ],
     [
      -51.410135,
      -20.875422
     ],
     [
      -51.410523,
      -20.875043
     ],
     [
      -51.410917,
      -20.874758
     ],
     [
      -51.411382,
      -20.874544
     ],
     [
      -51.412393,
      -20.874288
     ],
     [
      -51.413481,
      -20.874069
     ],
     [
      -51.415759,
      -20.873607
     ],
     [
      -51.416207,
      -20.87347
     ],
     [
      -51.41677,
      -20.873133
     ],
     [
      -51.417015,
      -20.872937
     ],
     [
      -51.417394,
      -20.872529
     ],
     [
      -51.417657,
      -20.872081
     ],
     [
      -51.417788,
      -20.871754
     ],
     [
      -51.417883,
      -20.871406
     ],
     [
      -51.417912,
      -20.87049
     ],
     [
      -51.417917,
      -20.869717
     ],
     [
      -51.418084,
      -20.869057
     ],
     [
      -51.418332,
      -20.868545
     ],
     [
      -51.418532,
      -20.868255
     ],
     [
      -51.418866,
      -20.867883
     ],
     [
      -51.419169,
      -20.867649
     ],
     [
      -51.419579,
      -20.867444
     ],
     [
      -51.41988,
      -20.86733
     ],
     [
      -51.420237,
      -20.867241
     ],
     [
      -51.420578,
      -20.867196
     ],
     [
      -51.421043,
      -20.867203
     ],
     [
      -51.421368,
      -20.867248
     ],
     [
      -51.421778,
      -20.867346
     ],
     [
      -51.422298,
      -20.867598
     ],
     [
      -51.422608,
      -20.867776
     ],
     [
      -51.42287,
      -20.867999
     ],
     [
      -51.423125,
      -20.868291
     ],
     [
      -51.4235,
      -20.868877
     ],
     [
      -51.423958,
      -20.869639
     ],
     [
      -51.424368,
      -20.870042
     ],
     [
      -51.424847,
      -20.870377
     ],
     [
      -51.425343,
      -20.870602
     ],
     [
      -51.425854,
      -20.87072
     ],
     [
      -51.42639,
      -20.870744
     ],
     [
      -51.42698,
      -20.870689
     ],
     [
      -51.431022,
      -20.8693
     ],
     [
      -51.432191,
      -20.868886
     ],
     [
      -51.433145,
      -20.868547
     ],
     [
      -51.43362,
      -20.868365
     ],
     [
      -51.434237,
      -20.867976
     ],
     [
      -51.434972,
      -20.867346
     ],
     [
      -51.435712,
      -20.866657
     ],
     [
      -51.43676,
      -20.865839
     ],
     [
      -51.437531,
      -20.865204
     ],
     [
      -51.437876,
      -20.864966
     ],
     [
      -51.438284,
      -20.864785
     ],
     [
      -51.438697,
      -20.864665
     ],
     [
      -51.439145,
      -20.864576
     ],
     [
      -51.439558,
      -20.864556
     ],
     [
      -51.439956,
      -20.864596
     ],
     [
      -51.440459,
      -20.864703
     ],
     [
      -51.440877,
      -20.864879
     ],
     [
      -51.441306,
      -20.865126
     ],
     [
      -51.44175,
      -20.865521
     ],
     [
      -51.442091,
      -20.865951
     ],
     [
      -51.442341,
      -20.866417
     ],
     [
      -51.442465,
      -20.866771
     ],
     [
      -51.442534,
      -20.867234
     ],
     [
      -51.442569,
      -20.86832
     ],
     [
      -51.442589,
      -20.868672
     ],
     [
      -51.442656,
      -20.869046
     ],
     [
      -51.442828,
      -20.869412
     ],
     [
      -51.443085,
      -20.869837
     ],
     [
      -51.443359,
      -20.870158
     ],
     [
      -51.443665,
      -20.870419
     ],
     [
      -51.443996,
      -20.870657
     ],
     [
      -51.444404,
      -20.870853
     ],
     [
      -51.444881,
      -20.870989
     ],
     [
      -51.445372,
      -20.87105
     ],
     [
      -51.445971,
      -20.871018
     ],
     [
      -51.446481,
      -20.870871
     ],
     [
      -51.446849,
      -20.870738
     ],
     [
      -51.447147,
      -20.870559
     ],
     [
      -51.447426,
      -20.870343
     ],
     [
      -51.447738,
      -20.870029
     ],
     [
      -51.447915,
      -20.869819
     ],
     [
      -51.448072,
      -20.869556
     ],
     [
      -51.448256,
      -20.869171
     ],
     [
      -51.448394,
      -20.868607
     ],
     [
      -51.448611,
      -20.867689
     ],
     [
      -51.448788,
      -20.867058
     ],
     [
      -51.448933,
      -20.866686
     ],
     [
      -51.449145,
      -20.866343
     ],
     [
      -51.449372,
      -20.86606
     ],
     [
      -51.449761,
      -20.865719
     ],
     [
      -51.450047,
      -20.865518
     ],
     [
      -51.450414,
      -20.865351
     ],
     [
      -51.450715,
      -20.865233
     ],
     [
      -51.451139,
      -20.865133
     ],
     [
      -51.451528,
      -20.865113
     ],
     [
      -51.45196,
      -20.865133
     ],
     [
      -51.452384,
      -20.86522
     ],
     [
      -51.452818,
      -20.865371
     ],
     [
      -51.454175,
      -20.86594
     ],
     [
      -51.454605,
      -20.866
     ],
     [
      -51.455098,
      -20.866018
     ],
     [
      -51.455647,
      -20.865962
     ],
     [
      -51.456152,
      -20.865804
     ],
     [
      -51.456675,
      -20.865521
     ],
     [
      -51.457025,
      -20.865231
     ],
     [
      -51.457285,
      -20.864957
     ],
     [
      -51.45755,
      -20.864549
     ],
     [
      -51.458146,
      -20.863624
     ],
     [
      -51.458304,
      -20.863428
     ],
     [
      -51.458597,
      -20.863143
     ],
     [
      -51.458821,
      -20.862964
     ],
     [
      -51.459162,
      -20.862768
     ],
     [
      -51.459491,
      -20.862623
     ],
     [
      -51.459902,
      -20.862512
     ],
     [
      -51.460357,
      -20.862443
     ],
     [
      -51.460748,
      -20.862456
     ],
     [
      -51.461261,
      -20.862523
     ],
     [
      -51.461829,
      -20.862726
     ],
     [
      -51.462406,
      -20.863078
     ],
     [
      -51.466056,
      -20.865908
     ],
     [
      -51.466372,
      -20.866127
     ],
     [
      -51.466777,
      -20.866347
     ],
     [
      -51.467188,
      -20.866539
     ],
     [
      -51.467655,
      -20.8667
     ],
     [
      -51.468263,
      -20.866811
     ],
     [
      -51.469158,
      -20.866847
     ],
     [
      -51.469751,
      -20.866782
     ],
     [
      -51.470324,
      -20.866637
     ],
     [
      -51.470825,
      -20.866452
     ],
     [
      -51.471502,
      -20.866096
     ],
     [
      -51.471917,
      -20.865804
     ],
     [
      -51.472237,
      -20.865503
     ],
     [
      -51.47253,
      -20.86516
     ],
     [
      -51.472814,
      -20.864779
     ],
     [
      -51.473076,
      -20.864293
     ],
     [
      -51.473236,
      -20.863892
     ],
     [
      -51.473372,
      -20.863419
     ],
     [
      -51.47346,
      -20.862664
     ],
     [
      -51.473415,
      -20.862031
     ],
     [
      -51.473293,
      -20.859911
     ],
     [
      -51.473334,
      -20.859383
     ],
     [
      -51.473448,
      -20.858957
     ],
     [
      -51.473656,
      -20.858505
     ],
     [
      -51.474025,
      -20.85803
     ],
     [
      -51.474323,
      -20.857747
     ],
     [
      -51.47461,
      -20.85754
     ],
     [
      -51.474955,
      -20.857357
     ],
     [
      -51.475406,
      -20.857192
     ],
     [
      -51.475793,
      -20.857121
     ],
     [
      -51.476128,
      -20.857092
     ],
     [
      -51.476673,
      -20.857123
     ],
     [
      -51.477059,
      -20.857199
     ],
     [
      -51.477472,
      -20.857364
     ],
     [
      -51.477782,
      -20.857533
     ],
     [
      -51.478154,
      -20.857767
     ],
     [
      -51.48274,
      -20.861193
     ],
     [
      -51.483071,
      -20.861453
     ],
     [
      -51.483408,
      -20.861797
     ],
     [
      -51.483637,
      -20.862127
     ],
     [
      -51.48383,
      -20.862528
     ],
     [
      -51.483883,
      -20.862991
     ],
     [
      -51.483901,
      -20.863369
     ],
     [
      -51.483835,
      -20.863876
     ],
     [
      -51.483589,
      -20.864948
     ],
     [
      -51.483049,
      -20.867362
     ],
     [
      -51.482187,
      -20.870809
     ],
     [
      -51.482115,
      -20.871146
     ],
     [
      -51.482086,
      -20.871382
     ],
     [
      -51.482087,
      -20.87148
     ],
     [
      -51.482104,
      -20.871673
     ],
     [
      -51.482116,
      -20.872194
     ],
     [
      -51.482234,
      -20.872673
     ],
     [
      -51.482403,
      -20.873042
     ],
     [
      -51.482716,
      -20.873444
     ],
     [
      -51.483084,
      -20.873787
     ],
     [
      -51.48343,
      -20.874046
     ],
     [
      -51.483832,
      -20.874239
     ],
     [
      -51.484341,
      -20.874364
     ],
     [
      -51.484908,
      -20.874388
     ],
     [
      -51.485178,
      -20.874375
     ],
     [
      -51.486007,
      -20.874325
     ],
     [
      -51.487872,
      -20.874163
     ],
     [
      -51.490096,
      -20.873969
     ],
     [
      -51.491808,
      -20.873826
     ],
     [
      -51.492442,
      -20.873773
     ],
     [
      -51.492872,
      -20.873686
     ],
     [
      -51.493145,
      -20.873572
     ],
     [
      -51.493616,
      -20.87332
     ],
     [
      -51.493926,
      -20.873072
     ],
     [
      -51.494002,
      -20.872962
     ],
     [
      -51.494827,
      -20.872003
     ],
     [
      -51.495339,
      -20.871321
     ],
     [
      -51.495673,
      -20.87082
     ],
     [
      -51.496627,
      -20.86962
     ],
     [
      -51.497015,
      -20.869193
     ],
     [
      -51.497469,
      -20.868736
     ],
     [
      -51.497841,
      -20.868426
     ],
     [
      -51.498231,
      -20.868132
     ],
     [
      -51.498543,
      -20.867901
     ],
     [
      -51.498993,
      -20.867614
     ],
     [
      -51.499364,
      -20.867392
     ],
     [
      -51.49973,
      -20.867203
     ],
     [
      -51.500039,
      -20.867047
     ],
     [
      -51.500405,
      -20.866892
     ],
     [
      -51.500958,
      -20.866683
     ],
     [
      -51.503209,
      -20.865982
     ],
     [
      -51.506896,
      -20.864856
     ],
     [
      -51.511228,
      -20.863533
     ],
     [
      -51.512668,
      -20.863098
     ],
     [
      -51.51469,
      -20.862471
     ],
     [
      -51.515072,
      -20.862321
     ],
     [
      -51.517724,
      -20.861096
     ],
     [
      -51.521713,
      -20.859235
     ],
     [
      -51.522148,
      -20.859015
     ],
     [
      -51.52265,
      -20.858657
     ],
     [
      -51.523217,
      -20.85821
     ],
     [
      -51.529777,
      -20.852953
     ],
     [
      -51.529934,
      -20.852828
     ],
     [
      -51.532474,
      -20.85081
     ],
     [
      -51.533787,
      -20.849751
     ],
     [
      -51.535027,
      -20.848749
     ],
     [
      -51.539417,
      -20.845232
     ],
     [
      -51.540042,
      -20.844735
     ],
     [
      -51.552605,
      -20.834597
     ],
     [
      -51.553099,
      -20.834378
     ],
     [
      -51.553754,
      -20.834245
     ],
     [
      -51.557016,
      -20.834083
     ],
     [
      -51.557655,
      -20.834069
     ],
     [
      -51.559011,
      -20.834069
     ],
     [
      -51.55991,
      -20.833965
     ],
     [
      -51.560651,
      -20.833735
     ],
     [
      -51.561391,
      -20.833298
     ],
     [
      -51.563805,
      -20.829966
     ],
     [
      -51.564036,
      -20.829624
     ],
     [
      -51.564227,
      -20.829201
     ],
     [
      -51.564315,
      -20.828845
     ],
     [
      -51.564328,
      -20.828471
     ],
     [
      -51.56428,
      -20.828027
     ],
     [
      -51.564184,
      -20.827676
     ],
     [
      -51.563552,
      -20.82611
     ],
     [
      -51.563443,
      -20.825478
     ],
     [
      -51.563516,
      -20.824701
     ],
     [
      -51.56388,
      -20.823912
     ],
     [
      -51.564354,
      -20.823317
     ],
     [
      -51.565155,
      -20.822819
     ],
     [
      -51.565944,
      -20.822686
     ],
     [
      -51.566697,
      -20.822722
     ],
     [
      -51.567426,
      -20.82288
     ],
     [
      -51.568081,
      -20.823244
     ],
     [
      -51.570752,
      -20.825576
     ],
     [
      -51.571371,
      -20.825794
     ],
     [
      -51.5721,
      -20.825891
     ],
     [
      -51.572853,
      -20.825806
     ],
     [
      -51.574686,
      -20.82509
     ],
     [
      -51.57533,
      -20.824932
     ],
     [
      -51.575925,
      -20.824859
     ],
     [
      -51.576532,
      -20.824944
     ],
     [
      -51.577054,
      -20.825138
     ],
     [
      -51.577636,
      -20.825539
     ],
     [
      -51.578365,
      -20.826145
     ],
     [
      -51.579591,
      -20.827166
     ],
     [
      -51.580198,
      -20.827482
     ],
     [
      -51.580988,
      -20.827712
     ],
     [
      -51.581813,
      -20.827676
     ],
     [
      -51.582457,
      -20.827518
     ],
     [
      -51.583246,
      -20.82713
     ],
     [
      -51.584994,
      -20.825491
     ],
     [
      -51.587034,
      -20.823609
     ],
     [
      -51.587459,
      -20.822747
     ],
     [
      -51.587556,
      -20.82197
     ],
     [
      -51.587459,
      -20.821265
     ],
     [
      -51.587119,
      -20.820537
     ],
     [
      -51.585553,
      -20.81891
     ],
     [
      -51.585249,
      -20.818157
     ],
     [
      -51.585152,
      -20.817441
     ],
     [
      -51.585237,
      -20.816882
     ],
     [
      -51.58548,
      -20.816166
     ],
     [
      -51.586208,
      -20.815352
     ],
     [
      -51.586815,
      -20.814964
     ],
     [
      -51.587592,
      -20.81477
     ],
     [
      -51.588236,
      -20.814721
     ],
     [
      -51.590069,
      -20.815085
     ],
     [
      -51.590992,
      -20.815085
     ],
     [
      -51.591575,
      -20.814952
     ],
     [
      -51.592388,
      -20.814685
     ],
     [
      -51.592983,
      -20.81426
     ],
     [
      -51.593445,
      -20.813713
     ],
     [
      -51.593833,
      -20.812948
     ],
     [
      -51.594877,
      -20.809549
     ],
     [
      -51.595108,
      -20.808893
     ],
     [
      -51.595497,
      -20.80825
     ],
     [
      -51.596079,
      -20.807801
     ],
     [
      -51.597099,
      -20.807303
     ],
     [
      -51.598046,
      -20.806841
     ],
     [
      -51.598495,
      -20.80655
     ],
     [
      -51.599175,
      -20.805931
     ],
     [
      -51.600462,
      -20.804231
     ],
     [
      -51.60076,
      -20.803871
     ],
     [
      -51.601094,
      -20.803466
     ],
     [
      -51.601932,
      -20.802434
     ],
     [
      -51.602551,
      -20.80196
     ],
     [
      -51.607213,
      -20.798537
     ],
     [
      -51.609506,
      -20.796889
     ],
     [
      -51.614207,
      -20.793474
     ],
     [
      -51.616234,
      -20.79215
     ],
     [
      -51.616793,
      -20.791932
     ],
     [
      -51.61757,
      -20.791762
     ],
     [
      -51.619625,
      -20.791514
     ],
     [
      -51.623254,
      -20.791096
     ]
    ]
   }
  }
 ]
}
